transaction_id,user_id,amount,transaction_type,timestamp,merchant_id,device_id,location,account_age_days,previous_transaction_count,previous_average_amount,failed_attempts,previous_device_known,previous_merchant_known,transactions_last_24h,is_location_consistent,is_fraud,amount_deviation,amount_to_avg_ratio,transaction_velocity,new_device_indicator,new_merchant_indicator,unusual_time_indicator,location_deviation_indicator,hour_of_day,day_of_week
TX_000001,USR_0282,77.44,PURCHASE,2026-07-15 00:27:09,MERCH_195,DEV_0558,"Chennai, IN",277,230,249.78,0,0,1,5,1,0,-0.69,0.31,5,1,0,1,0,0,2
TX_000002,USR_0250,262.8,TRANSFER,2026-07-15 00:36:01,MERCH_168,DEV_0747,"Hyderabad, IN",553,129,298.68,0,1,0,4,1,0,-0.1201,0.8799,4,0,1,1,0,0,2
TX_000003,USR_0152,210.31,PURCHASE,2026-07-15 00:46:00,MERCH_233,DEV_0577,"Lagos, NG",1062,153,264.31,1,1,0,3,0,1,-0.2043,0.7957,3,0,1,1,1,0,2
TX_000004,USR_0297,2969.47,PURCHASE,2026-07-15 01:22:32,MERCH_241,DEV_0535,"Delhi, IN",84,89,1218.09,0,1,1,2,1,0,1.4378,2.4378,2,0,0,1,0,1,2
TX_000005,USR_0070,384.05,PURCHASE,2026-07-15 01:30:53,MERCH_177,DEV_0421,"Chennai, IN",1366,222,446.93,0,1,1,6,1,0,-0.1407,0.8593,6,0,0,1,0,1,2
TX_000006,USR_0352,429.06,TRANSFER,2026-07-15 01:51:27,MERCH_093,DEV_0221,"Delhi, IN",262,19,303.81,0,1,1,2,1,0,0.4123,1.4123,2,0,0,1,0,1,2
TX_000007,USR_0337,147.57,PAYMENT,2026-07-15 02:20:54,MERCH_150,DEV_0253,"Mumbai, IN",1181,69,487.59,0,1,0,2,1,0,-0.6973,0.3027,2,0,1,1,0,2,2
TX_000008,USR_0547,562.04,WITHDRAWAL,2026-07-15 03:28:20,MERCH_107,DEV_0672,"Mumbai, IN",927,247,742.64,0,1,1,4,1,0,-0.2432,0.7568,4,0,0,1,0,3,2
TX_000009,USR_0561,190.69,TRANSFER,2026-07-15 04:08:04,MERCH_158,DEV_0063,"Chennai, IN",1272,121,347.51,0,1,1,4,1,0,-0.4513,0.5487,4,0,0,1,0,4,2
TX_000010,USR_0341,4208.31,TRANSFER,2026-07-15 04:37:08,MERCH_204,DEV_0077,"Delhi, IN",1164,44,885.13,1,1,1,4,1,0,3.7545,4.7545,4,0,0,1,0,4,2
TX_000011,USR_0178,106.96,TRANSFER,2026-07-15 05:00:50,MERCH_093,DEV_0357,"Bengaluru, IN",777,104,173.45,0,0,1,4,1,0,-0.3833,0.6167,4,1,0,1,0,5,2
TX_000012,USR_0219,1080.69,PURCHASE,2026-07-15 05:01:57,MERCH_127,DEV_0697,"Delhi, IN",1135,64,1083.25,0,1,1,1,1,0,-0.0024,0.9976,1,0,0,1,0,5,2
TX_000013,USR_0463,461.65,PURCHASE,2026-07-15 05:21:53,MERCH_012,DEV_0592,"Delhi, IN",524,131,446.99,0,1,1,4,0,0,0.0328,1.0328,4,0,0,1,1,5,2
TX_000014,USR_0362,146.95,TRANSFER,2026-07-15 05:40:55,MERCH_185,DEV_0531,"Pune, IN",878,59,434.08,1,1,1,1,0,0,-0.6615,0.3385,1,0,0,1,1,5,2
TX_000015,USR_0314,180.83,TRANSFER,2026-07-15 06:10:02,MERCH_123,DEV_0481,"Delhi, IN",1373,100,267.6,0,1,0,3,1,0,-0.3243,0.6757,3,0,1,0,0,6,2
TX_000016,USR_0003,221.72,PURCHASE,2026-07-15 06:20:14,MERCH_115,DEV_0100,"Bengaluru, IN",133,227,179.17,0,1,1,8,1,0,0.2375,1.2375,8,0,0,0,0,6,2
TX_000017,USR_0316,129.67,PAYMENT,2026-07-15 06:24:23,MERCH_134,DEV_0299,"Chennai, IN",538,21,128.93,0,1,1,1,1,0,0.0057,1.0057,1,0,0,0,0,6,2
TX_000018,USR_0260,54.16,TRANSFER,2026-07-15 07:27:42,MERCH_054,DEV_0072,"Kolkata, IN",32,191,253.96,0,1,0,2,1,0,-0.7867,0.2133,2,0,1,0,0,7,2
TX_000019,USR_0296,460.11,PURCHASE,2026-07-15 07:48:16,MERCH_150,DEV_0683,"Delhi, IN",804,20,699.25,1,1,1,4,1,0,-0.342,0.658,4,0,0,0,0,7,2
TX_000020,USR_0477,1587.9,PURCHASE,2026-07-15 07:55:18,MERCH_187,DEV_0676,Unknown Proxy,1174,114,218.83,0,1,0,2,1,1,6.2563,7.2563,2,0,1,0,0,7,2
TX_000021,USR_0041,196.42,PURCHASE,2026-07-15 08:03:47,MERCH_088,DEV_0233,"Delhi, IN",64,167,140.88,0,1,1,2,1,0,0.3942,1.3942,2,0,0,0,0,8,2
TX_000022,USR_0285,477.79,PURCHASE,2026-07-15 08:07:15,MERCH_033,DEV_0264,"Mumbai, IN",827,238,227.57,0,1,1,5,1,0,1.0995,2.0995,5,0,0,0,0,8,2
TX_000023,USR_0226,2697.17,WITHDRAWAL,2026-07-15 08:15:08,MERCH_097,DEV_0286,Unknown Proxy,626,63,337.18,0,0,1,5,0,1,6.9992,7.9992,5,1,0,0,1,8,2
TX_000024,USR_0401,759.56,PURCHASE,2026-07-15 08:25:26,MERCH_050,DEV_0801,"Ahmedabad, IN",1175,14,347.28,0,1,1,3,1,0,1.1872,2.1872,3,0,0,0,0,8,2
TX_000025,USR_0050,377.56,PURCHASE,2026-07-15 08:43:25,MERCH_094,DEV_0440,"Bengaluru, IN",335,187,408.54,0,1,0,3,1,0,-0.0758,0.9242,3,0,1,0,0,8,2
TX_000026,USR_0323,2614.02,PURCHASE,2026-07-15 08:46:12,MERCH_157,DEV_0686,"Chennai, IN",250,223,976.23,0,1,1,1,1,0,1.6777,2.6777,1,0,0,0,0,8,2
TX_000027,USR_0338,1094.81,WITHDRAWAL,2026-07-15 09:45:55,MERCH_029,DEV_0404,"Ahmedabad, IN",148,141,1148.47,1,1,1,3,1,0,-0.0467,0.9533,3,0,0,0,0,9,2
TX_000028,USR_0065,509.02,WITHDRAWAL,2026-07-15 00:38:00,MERCH_187,DEV_0629,"Lagos, NG",615,16,2025.04,0,0,1,1,0,1,-0.7486,0.2514,1,1,0,1,1,0,2
TX_000029,USR_0510,219.77,PURCHASE,2026-07-15 10:44:14,MERCH_057,DEV_0476,"Chennai, IN",734,125,133.03,0,1,1,5,1,0,0.652,1.652,5,0,0,0,0,10,2
TX_000030,USR_0467,168.86,PURCHASE,2026-07-15 12:11:04,MERCH_224,DEV_0251,"Ahmedabad, IN",1379,98,236.83,0,0,1,4,1,0,-0.287,0.713,4,1,0,0,0,12,2
TX_000031,USR_0553,565.98,PURCHASE,2026-07-15 13:18:14,MERCH_184,DEV_0789,"Pune, IN",702,113,759.84,0,1,1,4,1,0,-0.2551,0.7449,4,0,0,0,0,13,2
TX_000032,USR_0238,118.42,PURCHASE,2026-07-15 13:26:30,MERCH_069,DEV_0639,"Kolkata, IN",263,14,320.13,0,1,0,2,1,0,-0.6301,0.3699,2,0,1,0,0,13,2
TX_000033,USR_0320,2343.19,PURCHASE,2026-07-15 13:35:14,MERCH_141,DEV_0693,"Hyderabad, IN",1050,80,858.2,0,1,1,4,1,0,1.7304,2.7304,4,0,0,0,0,13,2
TX_000034,USR_0235,356.33,PURCHASE,2026-07-15 13:54:53,MERCH_028,DEV_0854,"Chennai, IN",98,249,525.62,0,1,0,2,1,0,-0.3221,0.6779,2,0,1,0,0,13,2
TX_000035,USR_0161,3894.9,PURCHASE,2026-07-15 14:33:12,MERCH_025,DEV_0224,"Bengaluru, IN",522,12,1470.93,0,1,1,4,1,0,1.6479,2.6479,4,0,0,0,0,14,2
TX_000036,USR_0383,706.96,PAYMENT,2026-07-15 14:35:53,MERCH_240,DEV_0083,"Bengaluru, IN",982,228,983.66,1,1,1,5,0,0,-0.2813,0.7187,5,0,0,0,1,14,2
TX_000037,USR_0218,519.04,PURCHASE,2026-07-15 14:45:11,MERCH_201,DEV_0525,"Pune, IN",386,129,997.26,0,1,1,3,1,0,-0.4795,0.5205,3,0,0,0,0,14,2
TX_000038,USR_0369,741.02,WITHDRAWAL,2026-07-15 14:58:23,MERCH_039,DEV_0294,"Kolkata, IN",894,146,330.41,0,1,1,1,1,0,1.2427,2.2427,1,0,0,0,0,14,2
TX_000039,USR_0171,379.36,PURCHASE,2026-07-15 15:29:07,MERCH_071,DEV_0393,"Ahmedabad, IN",683,233,418.28,0,1,1,5,1,0,-0.093,0.907,5,0,0,0,0,15,2
TX_000040,USR_0319,326.68,PURCHASE,2026-07-15 17:38:01,MERCH_050,DEV_0212,"Kolkata, IN",1428,55,357.92,0,1,0,4,1,0,-0.0873,0.9127,4,0,1,0,0,17,2
TX_000041,USR_0576,60.15,PAYMENT,2026-07-15 17:38:59,MERCH_099,DEV_0359,"Chennai, IN",436,246,145.45,0,0,1,3,1,0,-0.5865,0.4135,3,1,0,0,0,17,2
TX_000042,USR_0581,958.74,PURCHASE,2026-07-15 17:45:50,MERCH_073,DEV_0354,"Delhi, IN",1360,69,1357.06,0,0,1,6,1,0,-0.2935,0.7065,6,1,0,0,0,17,2
TX_000043,USR_0360,989.25,TRANSFER,2026-07-15 18:03:02,MERCH_083,DEV_0316,"Moscow, RU",941,87,787.05,0,0,0,2,1,1,0.2569,1.2569,2,1,1,0,0,18,2
TX_000044,USR_0053,142.03,PAYMENT,2026-07-15 18:29:54,MERCH_133,DEV_0669,"Kolkata, IN",1125,112,347.4,0,1,1,6,0,0,-0.5912,0.4088,6,0,0,0,1,18,2
TX_000045,USR_0249,802.14,TRANSFER,2026-07-15 19:41:50,MERCH_048,DEV_0534,"Kolkata, IN",258,150,1197.14,0,1,1,2,0,0,-0.33,0.67,2,0,0,0,1,19,2
TX_000046,USR_0510,202.99,PURCHASE,2026-07-15 19:56:26,MERCH_221,DEV_0427,"Bengaluru, IN",35,81,280.47,0,1,1,6,1,0,-0.2763,0.7237,6,0,0,0,0,19,2
TX_000047,USR_0337,112.6,PURCHASE,2026-07-15 01:46:00,MERCH_182,DEV_0102,"Moscow, RU",1098,198,113.37,0,1,1,3,0,1,-0.0068,0.9932,3,0,0,1,1,1,2
TX_000048,USR_0431,2383.89,PURCHASE,2026-07-15 20:47:10,MERCH_191,DEV_0514,"Mumbai, IN",724,6,957.93,0,1,0,5,1,0,1.4886,2.4886,5,0,1,0,0,20,2
TX_000049,USR_0380,135.01,PURCHASE,2026-07-15 21:14:10,MERCH_043,DEV_0158,"Pune, IN",468,166,172.49,0,1,1,4,1,0,-0.2173,0.7827,4,0,0,0,0,21,2
TX_000050,USR_0181,235.94,PURCHASE,2026-07-15 21:33:53,MERCH_178,DEV_0283,"Bengaluru, IN",1344,164,388.55,0,0,1,3,1,0,-0.3928,0.6072,3,1,0,0,0,21,2
TX_000051,USR_0302,2977.91,PAYMENT,2026-07-15 21:52:25,MERCH_210,DEV_0374,"Bengaluru, IN",494,134,525.23,1,0,0,2,1,0,4.6697,5.6697,2,1,1,0,0,21,2
TX_000052,USR_0405,431.29,TRANSFER,2026-07-15 22:10:16,MERCH_044,DEV_0128,"Chennai, IN",654,153,600.85,1,1,1,3,1,0,-0.2822,0.7178,3,0,0,0,0,22,2
TX_000053,USR_0420,714.53,PURCHASE,2026-07-15 22:55:10,MERCH_188,DEV_0351,"Delhi, IN",1088,187,850.27,0,1,1,1,1,0,-0.1596,0.8404,1,0,0,0,0,22,2
TX_000054,USR_0174,2396.88,TRANSFER,2026-07-16 00:13:45,MERCH_090,DEV_0241,Unknown Proxy,1443,226,695.68,0,0,1,11,0,1,2.4454,3.4454,11,1,0,1,1,0,3
TX_000055,USR_0551,540.11,TRANSFER,2026-07-16 00:13:46,MERCH_197,DEV_0765,"Ahmedabad, IN",1349,55,679.71,0,1,1,2,1,0,-0.2054,0.7946,2,0,0,1,0,0,3
TX_000056,USR_0481,248.81,PAYMENT,2026-07-16 01:05:31,MERCH_120,DEV_0774,"Ahmedabad, IN",981,119,248.68,0,1,1,3,0,0,0.0005,1.0005,3,0,0,1,1,1,3
TX_000057,USR_0220,971.12,PURCHASE,2026-07-16 01:55:47,MERCH_201,DEV_0005,"Bengaluru, IN",171,140,561.12,0,1,1,2,1,0,0.7307,1.7307,2,0,0,1,0,1,3
TX_000058,USR_0003,179.95,PURCHASE,2026-07-16 03:00:03,MERCH_037,DEV_0543,"Pune, IN",170,86,145.49,1,1,1,3,1,0,0.2369,1.2369,3,0,0,1,0,3,3
TX_000059,USR_0348,2782.1,PAYMENT,2026-07-16 03:08:46,MERCH_098,DEV_0577,"Bengaluru, IN",1041,243,1452.22,1,0,1,2,1,0,0.9158,1.9158,2,1,0,1,0,3,3
TX_000060,USR_0443,294.7,PAYMENT,2026-07-16 04:09:07,MERCH_069,DEV_0341,"Pune, IN",767,128,157.17,0,1,1,4,0,0,0.875,1.875,4,0,0,1,1,4,3
TX_000061,USR_0142,378.03,PAYMENT,2026-07-16 04:23:43,MERCH_063,DEV_0423,"Pune, IN",205,148,347.03,1,1,1,2,1,0,0.0893,1.0893,2,0,0,1,0,4,3
TX_000062,USR_0471,203.3,PURCHASE,2026-07-16 05:34:55,MERCH_078,DEV_0711,"Pune, IN",1045,49,167.35,0,0,1,3,1,0,0.2148,1.2148,3,1,0,1,0,5,3
TX_000063,USR_0546,2317.36,WITHDRAWAL,2026-07-16 05:42:48,MERCH_096,DEV_0341,"Lagos, NG",1413,104,260.24,0,0,0,10,0,1,7.9047,8.9047,10,1,1,1,1,5,3
TX_000064,USR_0269,209.98,PURCHASE,2026-07-16 06:18:11,MERCH_032,DEV_0059,"Hyderabad, IN",104,156,454.55,0,1,1,3,1,0,-0.538,0.462,3,0,0,0,0,6,3
TX_000065,USR_0117,1460.47,PURCHASE,2026-07-16 07:10:48,MERCH_177,DEV_0336,"Bengaluru, IN",1239,107,302.68,0,1,0,2,1,0,3.8251,4.8251,2,0,1,0,0,7,3
TX_000066,USR_0381,723.61,PAYMENT,2026-07-16 07:23:55,MERCH_138,DEV_0229,"Ahmedabad, IN",521,192,1061.49,0,1,0,3,1,0,-0.3183,0.6817,3,0,1,0,0,7,3
TX_000067,USR_0222,403.95,PURCHASE,2026-07-16 08:15:49,MERCH_208,DEV_0345,"Chennai, IN",600,35,533.48,0,1,1,6,1,0,-0.2428,0.7572,6,0,0,0,0,8,3
TX_000068,USR_0294,137.6,TRANSFER,2026-07-16 08:25:37,MERCH_177,DEV_0208,"Mumbai, IN",1077,39,318.0,0,1,1,5,1,0,-0.5673,0.4327,5,0,0,0,0,8,3
TX_000069,USR_0310,179.59,PAYMENT,2026-07-16 08:37:18,MERCH_038,DEV_0135,"Ahmedabad, IN",375,85,407.1,0,1,1,5,1,0,-0.5589,0.4411,5,0,0,0,0,8,3
TX_000070,USR_0088,2012.53,PAYMENT,2026-07-16 08:49:56,MERCH_018,DEV_0887,"Delhi, IN",241,80,1123.3,0,1,1,2,1,0,0.7916,1.7916,2,0,0,0,0,8,3
TX_000071,USR_0097,3701.6,TRANSFER,2026-07-16 09:29:42,MERCH_106,DEV_0116,"Kolkata, IN",1446,204,889.71,0,1,1,2,1,0,3.1605,4.1605,2,0,0,0,0,9,3
TX_000072,USR_0298,126.02,PAYMENT,2026-07-16 01:25:00,MERCH_121,DEV_0636,Unknown Proxy,527,217,191.55,1,1,1,4,0,1,-0.3421,0.6579,4,0,0,1,1,1,3
TX_000073,USR_0249,321.99,PURCHASE,2026-07-16 10:07:00,MERCH_061,DEV_0646,"Hyderabad, IN",260,118,270.09,0,0,1,7,1,0,0.1922,1.1922,7,1,0,0,0,10,3
TX_000074,USR_0322,705.17,PURCHASE,2026-07-16 10:07:27,MERCH_196,DEV_0557,"Ahmedabad, IN",1037,126,642.48,0,1,0,5,1,0,0.0976,1.0976,5,0,1,0,0,10,3
TX_000075,USR_0483,1068.95,PURCHASE,2026-07-16 10:37:57,MERCH_146,DEV_0821,"Ahmedabad, IN",330,74,586.56,1,1,1,2,1,0,0.8224,1.8224,2,0,0,0,0,10,3
TX_000076,USR_0153,823.54,PAYMENT,2026-07-16 11:15:22,MERCH_187,DEV_0005,"Ahmedabad, IN",1164,133,204.68,0,1,1,2,1,0,3.0235,4.0235,2,0,0,0,0,11,3
TX_000077,USR_0162,2017.73,PAYMENT,2026-07-16 12:45:57,MERCH_028,DEV_0272,"Pune, IN",112,176,789.26,0,1,1,2,1,0,1.5565,2.5565,2,0,0,0,0,12,3
TX_000078,USR_0475,187.91,PURCHASE,2026-07-16 13:00:48,MERCH_204,DEV_0166,"Pune, IN",781,180,230.69,1,1,1,2,1,0,-0.1854,0.8146,2,0,0,0,0,13,3
TX_000079,USR_0179,1604.89,PURCHASE,2026-07-16 13:10:35,MERCH_052,DEV_0520,"Mumbai, IN",608,242,1196.45,0,0,1,4,1,0,0.3414,1.3414,4,1,0,0,0,13,3
TX_000080,USR_0109,957.74,PURCHASE,2026-07-16 13:20:01,MERCH_113,DEV_0572,"Bengaluru, IN",1435,144,669.37,0,1,1,2,1,0,0.4308,1.4308,2,0,0,0,0,13,3
TX_000081,USR_0490,180.77,PURCHASE,2026-07-16 13:30:55,MERCH_110,DEV_0809,"Hyderabad, IN",785,85,192.54,0,1,1,1,1,0,-0.0611,0.9389,1,0,0,0,0,13,3
TX_000082,USR_0213,141.19,WITHDRAWAL,2026-07-16 14:00:36,MERCH_206,DEV_0342,"Bengaluru, IN",1388,18,302.61,0,1,1,1,0,0,-0.5334,0.4666,1,0,0,0,1,14,3
TX_000083,USR_0259,169.05,PURCHASE,2026-07-16 14:43:15,MERCH_070,DEV_0213,"Ahmedabad, IN",378,172,298.69,0,1,0,2,1,0,-0.434,0.566,2,0,1,0,0,14,3
TX_000084,USR_0188,1017.86,WITHDRAWAL,2026-07-16 14:47:15,MERCH_061,DEV_0832,"Mumbai, IN",713,201,507.33,0,1,1,3,1,0,1.0063,2.0063,3,0,0,0,0,14,3
TX_000085,USR_0038,828.51,TRANSFER,2026-07-16 15:04:53,MERCH_085,DEV_0606,"Hyderabad, IN",1222,138,386.17,0,1,0,4,1,0,1.1455,2.1455,4,0,1,0,0,15,3
TX_000086,USR_0596,158.41,PURCHASE,2026-07-16 15:17:17,MERCH_091,DEV_0689,"Pune, IN",246,230,190.59,0,1,1,4,1,0,-0.1688,0.8312,4,0,0,0,0,15,3
TX_000087,USR_0195,178.26,PURCHASE,2026-07-16 15:19:56,MERCH_046,DEV_0401,"Bengaluru, IN",1392,79,158.15,0,1,0,6,1,0,0.1272,1.1272,6,0,1,0,0,15,3
TX_000088,USR_0270,1407.04,PAYMENT,2026-07-16 15:40:06,MERCH_045,DEV_0403,"Chennai, IN",1160,14,679.27,0,1,1,3,1,0,1.0714,2.0714,3,0,0,0,0,15,3
TX_000089,USR_0106,175.24,TRANSFER,2026-07-16 15:50:11,MERCH_058,DEV_0351,"Pune, IN",1017,158,557.76,1,1,1,2,0,0,-0.6858,0.3142,2,0,0,0,1,15,3
TX_000090,USR_0142,346.64,PURCHASE,2026-07-16 16:25:14,MERCH_117,DEV_0675,Unknown Proxy,370,31,487.07,5,1,1,15,1,1,-0.2883,0.7117,15,0,0,0,0,16,3
TX_000091,USR_0065,1946.74,PURCHASE,2026-07-16 18:40:11,MERCH_086,DEV_0190,"Kolkata, IN",1228,21,551.31,0,1,1,3,0,0,2.5311,3.5311,3,0,0,0,1,18,3
TX_000092,USR_0555,326.88,PAYMENT,2026-07-16 19:30:56,MERCH_099,DEV_0878,"Hyderabad, IN",1265,175,282.89,0,1,1,1,1,0,0.1555,1.1555,1,0,0,0,0,19,3
TX_000093,USR_0224,235.86,WITHDRAWAL,2026-07-16 20:09:37,MERCH_180,DEV_0159,"Mumbai, IN",443,109,516.59,0,0,1,3,1,0,-0.5434,0.4566,3,1,0,0,0,20,3
TX_000094,USR_0030,3100.63,WITHDRAWAL,2026-07-16 20:51:51,MERCH_061,DEV_0415,"Delhi, IN",883,151,3020.35,0,1,1,3,1,0,0.0266,1.0266,3,0,0,0,0,20,3
TX_000095,USR_0231,2006.42,TRANSFER,2026-07-16 21:02:21,MERCH_228,DEV_0284,"Pune, IN",97,187,1085.91,0,1,1,2,1,0,0.8477,1.8477,2,0,0,0,0,21,3
TX_000096,USR_0582,65.87,PAYMENT,2026-07-16 21:12:14,MERCH_188,DEV_0579,"Chennai, IN",595,96,362.47,0,1,1,3,1,0,-0.8183,0.1817,3,0,0,0,0,21,3
TX_000097,USR_0409,324.19,PURCHASE,2026-07-16 22:33:12,MERCH_044,DEV_0613,"Kolkata, IN",231,153,303.91,0,1,1,3,1,0,0.0667,1.0667,3,0,0,0,0,22,3
TX_000098,USR_0193,39.32,TRANSFER,2026-07-16 23:36:18,MERCH_079,DEV_0827,"Pune, IN",837,135,52.66,1,1,1,5,1,0,-0.2533,0.7467,5,0,0,0,0,23,3
TX_000099,USR_0419,328.15,PURCHASE,2026-07-17 00:05:58,MERCH_046,DEV_0711,"Kolkata, IN",826,145,1003.02,1,1,1,2,1,0,-0.6728,0.3272,2,0,0,1,0,0,4
TX_000100,USR_0470,814.4,TRANSFER,2026-07-17 01:37:21,MERCH_069,DEV_0224,"Chennai, IN",802,176,811.76,0,0,1,4,1,0,0.0033,1.0033,4,1,0,1,0,1,4
TX_000101,USR_0458,260.52,PAYMENT,2026-07-17 01:46:59,MERCH_092,DEV_0186,"Kolkata, IN",1017,95,299.28,1,1,1,4,1,0,-0.1295,0.8705,4,0,0,1,0,1,4
TX_000102,USR_0583,144.0,PAYMENT,2026-07-17 02:16:43,MERCH_033,DEV_0798,"Pune, IN",1387,126,153.77,0,1,1,2,1,0,-0.0635,0.9365,2,0,0,1,0,2,4
TX_000103,USR_0481,143.51,PURCHASE,2026-07-17 02:57:39,MERCH_004,DEV_0440,"Hyderabad, IN",300,148,189.2,0,0,1,3,1,0,-0.2415,0.7585,3,1,0,1,0,2,4
TX_000104,USR_0357,307.56,TRANSFER,2026-07-17 03:09:47,MERCH_110,DEV_0088,"Moscow, RU",327,35,628.0,0,0,0,1,1,1,-0.5103,0.4897,1,1,1,1,0,3,4
TX_000105,USR_0441,155.5,PAYMENT,2026-07-17 03:55:49,MERCH_176,DEV_0743,"Ahmedabad, IN",328,53,420.84,0,1,0,2,1,0,-0.6305,0.3695,2,0,1,1,0,3,4
TX_000106,USR_0073,458.97,PAYMENT,2026-07-17 04:27:43,MERCH_076,DEV_0584,"Hyderabad, IN",1392,23,755.92,0,1,1,5,1,0,-0.3928,0.6072,5,0,0,1,0,4,4
TX_000107,USR_0445,798.39,WITHDRAWAL,2026-07-17 04:51:55,MERCH_216,DEV_0024,"Chennai, IN",145,50,480.14,0,0,1,3,1,0,0.6628,1.6628,3,1,0,1,0,4,4
TX_000108,USR_0223,1028.45,PURCHASE,2026-07-17 04:59:28,MERCH_093,DEV_0705,"Kolkata, IN",53,110,929.19,0,1,1,3,1,0,0.1068,1.1068,3,0,0,1,0,4,4
TX_000109,USR_0233,539.94,PURCHASE,2026-07-17 05:03:58,MERCH_226,DEV_0547,"Delhi, IN",246,234,593.73,0,0,1,3,1,0,-0.0906,0.9094,3,1,0,1,0,5,4
TX_000110,USR_0031,405.45,PAYMENT,2026-07-17 05:04:11,MERCH_059,DEV_0554,"Bengaluru, IN",1155,230,837.85,0,1,0,2,1,0,-0.5161,0.4839,2,0,1,1,0,5,4
TX_000111,USR_0449,70.03,WITHDRAWAL,2026-07-17 05:30:40,MERCH_135,DEV_0779,"Hyderabad, IN",872,190,93.88,0,1,1,4,1,0,-0.254,0.746,4,0,0,1,0,5,4
TX_000112,USR_0319,273.86,TRANSFER,2026-07-17 05:34:36,MERCH_191,DEV_0446,"Pune, IN",1380,139,178.3,1,1,1,5,1,0,0.536,1.536,5,0,0,1,0,5,4
TX_000113,USR_0209,452.18,TRANSFER,2026-07-17 05:40:33,MERCH_015,DEV_0416,"Chennai, IN",312,51,342.4,0,1,1,3,1,0,0.3206,1.3206,3,0,0,1,0,5,4
TX_000114,USR_0596,705.38,PURCHASE,2026-07-17 05:45:43,MERCH_233,DEV_0556,"Pune, IN",595,90,1011.23,0,1,1,5,1,0,-0.3025,0.6975,5,0,0,1,0,5,4
TX_000115,USR_0248,321.25,PURCHASE,2026-07-17 06:04:49,MERCH_092,DEV_0179,"Bengaluru, IN",836,191,1843.91,0,1,1,3,0,0,-0.8258,0.1742,3,0,0,0,1,6,4
TX_000116,USR_0312,244.06,WITHDRAWAL,2026-07-17 06:31:37,MERCH_125,DEV_0137,"Delhi, IN",116,227,397.85,0,1,1,2,1,0,-0.3866,0.6134,2,0,0,0,0,6,4
TX_000117,USR_0054,197.71,PURCHASE,2026-07-17 07:02:40,MERCH_158,DEV_0760,"Chennai, IN",1378,240,284.45,0,1,1,3,1,0,-0.3049,0.6951,3,0,0,0,0,7,4
TX_000118,USR_0147,54.79,TRANSFER,2026-07-17 07:19:13,MERCH_161,DEV_0195,"Kolkata, IN",1208,97,103.86,1,1,0,2,1,0,-0.4725,0.5275,2,0,1,0,0,7,4
TX_000119,USR_0559,625.38,TRANSFER,2026-07-17 08:06:02,MERCH_006,DEV_0454,"Bengaluru, IN",221,122,859.99,0,1,1,2,1,0,-0.2728,0.7272,2,0,0,0,0,8,4
TX_000120,USR_0152,481.71,WITHDRAWAL,2026-07-17 09:26:06,MERCH_217,DEV_0243,"Pune, IN",1265,127,297.85,0,0,1,5,1,0,0.6173,1.6173,5,1,0,0,0,9,4
TX_000121,USR_0137,3842.03,PURCHASE,2026-07-17 09:38:42,MERCH_156,DEV_0208,"Pune, IN",677,15,4138.13,0,1,0,2,1,0,-0.0716,0.9284,2,0,1,0,0,9,4
TX_000122,USR_0426,467.78,TRANSFER,2026-07-17 10:21:32,MERCH_250,DEV_0539,"Chennai, IN",509,30,258.45,1,1,1,3,1,0,0.8099,1.8099,3,0,0,0,0,10,4
TX_000123,USR_0263,778.81,PURCHASE,2026-07-17 10:39:21,MERCH_118,DEV_0723,"Hyderabad, IN",1419,12,2182.45,1,1,1,2,1,0,-0.6431,0.3569,2,0,0,0,0,10,4
TX_000124,USR_0203,615.38,PURCHASE,2026-07-17 10:48:11,MERCH_154,DEV_0398,"Hyderabad, IN",781,184,788.81,0,0,1,5,1,0,-0.2199,0.7801,5,1,0,0,0,10,4
TX_000125,USR_0528,2034.7,WITHDRAWAL,2026-07-17 11:15:38,MERCH_111,DEV_0125,"Moscow, RU",346,56,208.11,0,0,1,8,0,1,8.777,9.777,8,1,0,0,1,11,4
TX_000126,USR_0140,386.09,PURCHASE,2026-07-17 12:16:50,MERCH_223,DEV_0221,"Lagos, NG",1215,175,535.58,0,0,0,3,1,1,-0.2791,0.7209,3,1,1,0,0,12,4
TX_000127,USR_0263,386.88,PAYMENT,2026-07-17 12:31:26,MERCH_209,DEV_0149,"Pune, IN",1075,94,802.54,0,1,0,4,1,0,-0.5179,0.4821,4,0,1,0,0,12,4
TX_000128,USR_0379,2809.51,PAYMENT,2026-07-17 12:58:07,MERCH_228,DEV_0795,Unknown Proxy,293,198,380.05,0,1,1,2,1,1,6.3925,7.3925,2,0,0,0,0,12,4
TX_000129,USR_0469,1047.38,PURCHASE,2026-07-17 00:36:00,MERCH_127,DEV_0288,"Singapore, SG",1018,29,843.65,0,1,0,1,0,1,0.2415,1.2415,1,0,1,1,1,0,4
TX_000130,USR_0181,1526.69,WITHDRAWAL,2026-07-17 14:07:22,MERCH_198,DEV_0337,"Mumbai, IN",946,81,829.83,0,1,1,6,1,0,0.8398,1.8398,6,0,0,0,0,14,4
TX_000131,USR_0083,506.45,PURCHASE,2026-07-17 14:24:46,MERCH_090,DEV_0064,"Ahmedabad, IN",418,51,703.81,0,1,1,2,1,0,-0.2804,0.7196,2,0,0,0,0,14,4
TX_000132,USR_0533,217.91,TRANSFER,2026-07-17 14:31:29,MERCH_116,DEV_0402,"Pune, IN",649,109,444.47,0,1,1,2,1,0,-0.5097,0.4903,2,0,0,0,0,14,4
TX_000133,USR_0531,89.53,PAYMENT,2026-07-17 15:09:21,MERCH_191,DEV_0823,"Chennai, IN",1260,140,186.43,0,1,1,2,1,0,-0.5198,0.4802,2,0,0,0,0,15,4
TX_000134,USR_0288,480.2,TRANSFER,2026-07-17 15:19:09,MERCH_021,DEV_0369,"Chennai, IN",267,42,424.82,0,1,1,4,1,0,0.1304,1.1304,4,0,0,0,0,15,4
TX_000135,USR_0347,1584.29,PURCHASE,2026-07-17 15:34:08,MERCH_178,DEV_0587,"Kolkata, IN",1085,167,513.52,0,1,1,3,1,0,2.0852,3.0852,3,0,0,0,0,15,4
TX_000136,USR_0341,137.04,PURCHASE,2026-07-17 16:01:07,MERCH_004,DEV_0164,"Mumbai, IN",1248,241,110.19,0,1,0,1,1,0,0.2437,1.2437,1,0,1,0,0,16,4
TX_000137,USR_0206,380.91,PURCHASE,2026-07-17 16:28:05,MERCH_146,DEV_0129,"Delhi, IN",1405,11,510.9,0,1,1,5,1,0,-0.2544,0.7456,5,0,0,0,0,16,4
TX_000138,USR_0007,352.11,PAYMENT,2026-07-17 17:25:13,MERCH_120,DEV_0659,"Hyderabad, IN",491,22,418.49,0,1,1,2,1,0,-0.1586,0.8414,2,0,0,0,0,17,4
TX_000139,USR_0452,158.61,TRANSFER,2026-07-17 17:38:10,MERCH_118,DEV_0060,"Lagos, NG",405,238,170.17,6,0,1,12,1,1,-0.0679,0.9321,12,1,0,0,0,17,4
TX_000140,USR_0328,1244.91,PURCHASE,2026-07-17 18:08:57,MERCH_124,DEV_0404,"Chennai, IN",1402,162,350.55,0,1,1,5,1,0,2.5513,3.5513,5,0,0,0,0,18,4
TX_000141,USR_0052,755.36,PURCHASE,2026-07-17 18:20:00,MERCH_123,DEV_0286,"Ahmedabad, IN",697,229,356.15,0,1,1,1,1,0,1.1209,2.1209,1,0,0,0,0,18,4
TX_000142,USR_0572,2155.53,PAYMENT,2026-07-17 18:51:02,MERCH_102,DEV_0015,Unknown Proxy,856,176,1913.75,0,0,0,2,1,1,0.1263,1.1263,2,1,1,0,0,18,4
TX_000143,USR_0392,542.21,PURCHASE,2026-07-17 19:02:53,MERCH_113,DEV_0479,"Delhi, IN",772,179,530.77,0,1,1,2,1,0,0.0216,1.0216,2,0,0,0,0,19,4
TX_000144,USR_0028,1131.01,TRANSFER,2026-07-17 19:10:17,MERCH_143,DEV_0868,"Hyderabad, IN",775,40,978.76,0,1,1,3,1,0,0.1556,1.1556,3,0,0,0,0,19,4
TX_000145,USR_0372,540.32,TRANSFER,2026-07-17 02:55:00,MERCH_191,DEV_0063,"Singapore, SG",939,128,411.94,0,1,1,6,0,1,0.3116,1.3116,6,0,0,1,1,2,4
TX_000146,USR_0577,80.26,PURCHASE,2026-07-17 19:28:26,MERCH_139,DEV_0735,"Mumbai, IN",638,91,110.37,2,1,1,3,1,0,-0.2728,0.7272,3,0,0,0,0,19,4
TX_000147,USR_0573,409.47,PURCHASE,2026-07-17 19:51:35,MERCH_161,DEV_0486,"Bengaluru, IN",592,208,745.09,0,1,1,5,1,0,-0.4504,0.5496,5,0,0,0,0,19,4
TX_000148,USR_0037,511.09,PURCHASE,2026-07-17 20:22:27,MERCH_210,DEV_0652,"Chennai, IN",605,11,274.68,1,1,1,2,1,0,0.8607,1.8607,2,0,0,0,0,20,4
TX_000149,USR_0092,337.6,PURCHASE,2026-07-17 21:16:34,MERCH_248,DEV_0087,"Kolkata, IN",986,5,349.87,0,1,0,3,1,0,-0.0351,0.9649,3,0,1,0,0,21,4
TX_000150,USR_0177,1113.24,TRANSFER,2026-07-17 21:38:56,MERCH_028,DEV_0783,"Lagos, NG",1228,139,204.29,1,1,1,3,1,1,4.4493,5.4493,3,0,0,0,0,21,4
TX_000151,USR_0256,1317.94,WITHDRAWAL,2026-07-17 21:49:55,MERCH_179,DEV_0011,"Chennai, IN",835,242,475.24,0,1,1,2,1,0,1.7732,2.7732,2,0,0,0,0,21,4
TX_000152,USR_0485,1334.8,PURCHASE,2026-07-17 22:04:52,MERCH_057,DEV_0817,"Delhi, IN",1018,248,1000.38,1,1,1,3,1,0,0.3343,1.3343,3,0,0,0,0,22,4
TX_000153,USR_0211,1087.74,PURCHASE,2026-07-17 22:21:29,MERCH_050,DEV_0593,"Bengaluru, IN",623,148,905.78,1,1,1,4,1,0,0.2009,1.2009,4,0,0,0,0,22,4
TX_000154,USR_0190,11260.42,PURCHASE,2026-07-17 23:19:49,MERCH_199,DEV_0304,"Mumbai, IN",1162,108,1478.66,0,1,0,3,1,0,6.6153,7.6153,3,0,1,0,0,23,4
TX_000155,USR_0582,1789.66,PURCHASE,2026-07-17 23:37:25,MERCH_018,DEV_0007,"Pune, IN",594,68,1644.54,1,1,1,6,1,0,0.0882,1.0882,6,0,0,0,0,23,4
TX_000156,USR_0140,45.42,WITHDRAWAL,2026-07-18 00:29:52,MERCH_212,DEV_0550,"Ahmedabad, IN",635,247,97.01,1,1,1,5,1,0,-0.5318,0.4682,5,0,0,1,0,0,5
TX_000157,USR_0298,145.65,WITHDRAWAL,2026-07-18 00:57:35,MERCH_193,DEV_0079,"Bengaluru, IN",89,46,183.83,0,1,1,3,1,0,-0.2077,0.7923,3,0,0,1,0,0,5
TX_000158,USR_0120,302.37,WITHDRAWAL,2026-07-18 01:22:25,MERCH_249,DEV_0548,"Pune, IN",397,32,115.94,0,1,0,5,1,0,1.608,2.608,5,0,1,1,0,1,5
TX_000159,USR_0037,296.48,PURCHASE,2026-07-18 02:16:28,MERCH_167,DEV_0696,"Ahmedabad, IN",1109,127,722.85,0,1,1,1,1,0,-0.5898,0.4102,1,0,0,1,0,2,5
TX_000160,USR_0258,156.07,TRANSFER,2026-07-18 02:18:54,MERCH_219,DEV_0241,"Lagos, NG",136,98,267.58,2,0,0,3,1,1,-0.4167,0.5833,3,1,1,1,0,2,5
TX_000161,USR_0591,608.83,PURCHASE,2026-07-18 03:00:28,MERCH_030,DEV_0215,"Lagos, NG",341,124,311.8,2,1,0,14,1,1,0.9526,1.9526,14,0,1,1,0,3,5
TX_000162,USR_0178,304.98,PAYMENT,2026-07-18 04:21:59,MERCH_223,DEV_0200,"Ahmedabad, IN",1166,225,382.53,1,1,1,1,1,0,-0.2027,0.7973,1,0,0,1,0,4,5
TX_000163,USR_0455,530.87,TRANSFER,2026-07-18 04:33:07,MERCH_041,DEV_0203,"Pune, IN",1310,68,599.55,0,1,1,3,1,0,-0.1146,0.8854,3,0,0,1,0,4,5
TX_000164,USR_0303,282.29,PAYMENT,2026-07-18 04:49:31,MERCH_079,DEV_0103,"Hyderabad, IN",627,219,147.71,0,1,1,1,1,0,0.9111,1.9111,1,0,0,1,0,4,5
TX_000165,USR_0378,104.49,PURCHASE,2026-07-18 05:21:00,MERCH_033,DEV_0225,"Bengaluru, IN",614,53,175.05,0,1,1,5,1,0,-0.4031,0.5969,5,0,0,1,0,5,5
TX_000166,USR_0333,164.95,PURCHASE,2026-07-18 05:26:08,MERCH_101,DEV_0594,"Delhi, IN",767,81,450.44,1,1,1,1,1,0,-0.6338,0.3662,1,0,0,1,0,5,5
TX_000167,USR_0223,12094.92,WITHDRAWAL,2026-07-18 05:32:19,MERCH_188,DEV_0273,Unknown Proxy,1156,2,1105.78,1,1,0,3,1,1,9.9379,10.9379,3,0,1,1,0,5,5
TX_000168,USR_0394,2966.19,PURCHASE,2026-07-18 06:10:44,MERCH_068,DEV_0703,"Singapore, SG",707,169,441.51,0,1,1,2,1,1,5.7183,6.7183,2,0,0,0,0,6,5
TX_000169,USR_0409,279.76,TRANSFER,2026-07-18 06:12:24,MERCH_206,DEV_0738,"Kolkata, IN",265,214,248.51,0,0,1,4,1,0,0.1257,1.1257,4,1,0,0,0,6,5
TX_000170,USR_0094,54.49,PURCHASE,2026-07-18 06:23:39,MERCH_152,DEV_0685,"Pune, IN",650,221,89.85,0,1,1,2,1,0,-0.3935,0.6065,2,0,0,0,0,6,5
TX_000171,USR_0132,411.8,PAYMENT,2026-07-18 06:32:33,MERCH_158,DEV_0486,"Pune, IN",387,42,919.43,1,1,0,3,1,0,-0.5521,0.4479,3,0,1,0,0,6,5
TX_000172,USR_0171,206.73,PURCHASE,2026-07-18 06:36:29,MERCH_235,DEV_0285,"Hyderabad, IN",1028,191,259.12,0,1,1,2,1,0,-0.2022,0.7978,2,0,0,0,0,6,5
TX_000173,USR_0138,374.05,PAYMENT,2026-07-18 07:29:28,MERCH_108,DEV_0837,"Mumbai, IN",220,36,190.31,0,1,1,1,1,0,0.9655,1.9655,1,0,0,0,0,7,5
TX_000174,USR_0332,68.68,PURCHASE,2026-07-18 07:45:52,MERCH_087,DEV_0185,"Delhi, IN",915,157,124.31,2,1,1,3,1,0,-0.4475,0.5525,3,0,0,0,0,7,5
TX_000175,USR_0350,94.55,PURCHASE,2026-07-18 07:53:59,MERCH_249,DEV_0419,"Delhi, IN",200,175,152.92,0,1,1,1,1,0,-0.3817,0.6183,1,0,0,0,0,7,5
TX_000176,USR_0470,96.01,PURCHASE,2026-07-18 08:31:05,MERCH_140,DEV_0409,"Ahmedabad, IN",1458,38,218.84,1,1,1,3,1,0,-0.5613,0.4387,3,0,0,0,0,8,5
TX_000177,USR_0068,281.83,PURCHASE,2026-07-18 08:33:17,MERCH_154,DEV_0672,"Mumbai, IN",962,28,376.2,1,1,1,3,1,0,-0.2509,0.7491,3,0,0,0,0,8,5
TX_000178,USR_0167,215.39,PAYMENT,2026-07-18 10:09:53,MERCH_075,DEV_0493,"Kolkata, IN",214,19,181.76,0,1,1,2,1,0,0.185,1.185,2,0,0,0,0,10,5
TX_000179,USR_0093,1945.72,PAYMENT,2026-07-18 10:52:50,MERCH_054,DEV_0720,"Kolkata, IN",1438,177,517.25,0,0,1,5,1,0,2.7617,3.7617,5,1,0,0,0,10,5
TX_000180,USR_0593,409.92,PAYMENT,2026-07-18 10:58:40,MERCH_043,DEV_0828,"Pune, IN",863,154,374.06,1,1,1,5,1,0,0.0959,1.0959,5,0,0,0,0,10,5
TX_000181,USR_0252,2188.24,PAYMENT,2026-07-18 11:10:48,MERCH_056,DEV_0352,"Mumbai, IN",912,30,2382.11,0,0,1,3,1,0,-0.0814,0.9186,3,1,0,0,0,11,5
TX_000182,USR_0527,208.9,TRANSFER,2026-07-18 12:28:50,MERCH_049,DEV_0788,"Hyderabad, IN",101,125,125.33,0,1,1,3,1,0,0.6668,1.6668,3,0,0,0,0,12,5
TX_000183,USR_0332,759.68,PURCHASE,2026-07-18 12:39:25,MERCH_187,DEV_0153,"Bengaluru, IN",287,199,507.94,1,1,1,1,1,0,0.4956,1.4956,1,0,0,0,0,12,5
TX_000184,USR_0502,335.05,PAYMENT,2026-07-18 12:55:30,MERCH_015,DEV_0825,"Chennai, IN",1213,60,512.73,0,1,1,2,0,0,-0.3465,0.6535,2,0,0,0,1,12,5
TX_000185,USR_0514,882.43,PURCHASE,2026-07-18 01:26:00,MERCH_158,DEV_0161,"Lagos, NG",705,151,207.75,0,1,1,5,0,1,3.2476,4.2476,5,0,0,1,1,1,5
TX_000186,USR_0541,452.52,WITHDRAWAL,2026-07-18 15:04:03,MERCH_238,DEV_0766,"Ahmedabad, IN",927,73,483.32,0,1,0,2,1,0,-0.0637,0.9363,2,0,1,0,0,15,5
TX_000187,USR_0365,888.99,PURCHASE,2026-07-18 15:17:08,MERCH_192,DEV_0352,"Delhi, IN",1480,65,801.47,0,1,1,3,1,0,0.1092,1.1092,3,0,0,0,0,15,5
TX_000188,USR_0093,658.51,TRANSFER,2026-07-18 15:37:10,MERCH_101,DEV_0869,"Mumbai, IN",646,98,483.77,0,1,1,1,0,0,0.3612,1.3612,1,0,0,0,1,15,5
TX_000189,USR_0473,1513.86,PURCHASE,2026-07-18 15:46:48,MERCH_015,DEV_0117,"Chennai, IN",575,88,1271.05,0,1,1,4,1,0,0.191,1.191,4,0,0,0,0,15,5
TX_000190,USR_0534,225.31,PURCHASE,2026-07-18 16:01:34,MERCH_209,DEV_0419,"Bengaluru, IN",1204,124,87.88,0,1,0,3,1,0,1.5638,2.5638,3,0,1,0,0,16,5
TX_000191,USR_0458,155.11,PURCHASE,2026-07-18 17:02:01,MERCH_001,DEV_0812,"Kolkata, IN",105,52,239.27,0,1,0,5,0,0,-0.3517,0.6483,5,0,1,0,1,17,5
TX_000192,USR_0040,2153.26,PURCHASE,2026-07-18 17:28:49,MERCH_171,DEV_0043,"Moscow, RU",686,98,1360.41,2,1,0,15,1,1,0.5828,1.5828,15,0,1,0,0,17,5
TX_000193,USR_0223,944.1,PURCHASE,2026-07-18 17:42:52,MERCH_168,DEV_0239,Unknown Proxy,1283,155,891.82,0,0,0,2,1,1,0.0586,1.0586,2,1,1,0,0,17,5
TX_000194,USR_0399,1216.11,PURCHASE,2026-07-18 18:04:28,MERCH_048,DEV_0076,"Kolkata, IN",347,97,674.95,0,0,1,4,1,0,0.8018,1.8018,4,1,0,0,0,18,5
TX_000195,USR_0169,938.63,PURCHASE,2026-07-18 18:17:40,MERCH_185,DEV_0290,"Hyderabad, IN",460,164,1134.74,0,1,1,2,1,0,-0.1728,0.8272,2,0,0,0,0,18,5
TX_000196,USR_0129,80.97,TRANSFER,2026-07-18 18:22:44,MERCH_044,DEV_0352,"Ahmedabad, IN",712,29,106.89,0,1,1,2,1,0,-0.2425,0.7575,2,0,0,0,0,18,5
TX_000197,USR_0014,1251.13,PURCHASE,2026-07-18 18:33:48,MERCH_057,DEV_0558,"Hyderabad, IN",117,35,817.26,0,1,1,2,1,0,0.5309,1.5309,2,0,0,0,0,18,5
TX_000198,USR_0241,1200.17,WITHDRAWAL,2026-07-18 18:37:09,MERCH_203,DEV_0232,"Kolkata, IN",112,216,999.77,1,1,0,2,1,0,0.2004,1.2004,2,0,1,0,0,18,5
TX_000199,USR_0004,153.24,PURCHASE,2026-07-18 19:07:42,MERCH_245,DEV_0143,"Mumbai, IN",382,115,274.57,0,1,1,7,1,0,-0.4419,0.5581,7,0,0,0,0,19,5
TX_000200,USR_0407,7374.79,TRANSFER,2026-07-18 19:29:16,MERCH_067,DEV_0153,"Mumbai, IN",1347,152,3233.03,1,1,1,3,1,0,1.2811,2.2811,3,0,0,0,0,19,5
TX_000201,USR_0577,798.43,PURCHASE,2026-07-18 19:48:09,MERCH_231,DEV_0845,"Kolkata, IN",338,185,521.4,0,0,0,4,1,0,0.5313,1.5313,4,1,1,0,0,19,5
TX_000202,USR_0173,78.76,PURCHASE,2026-07-18 20:39:45,MERCH_229,DEV_0858,"Mumbai, IN",1098,37,86.89,0,1,0,3,1,0,-0.0936,0.9064,3,0,1,0,0,20,5
TX_000203,USR_0431,420.25,TRANSFER,2026-07-18 20:40:12,MERCH_193,DEV_0200,"Ahmedabad, IN",643,243,598.96,0,1,1,3,1,0,-0.2984,0.7016,3,0,0,0,0,20,5
TX_000204,USR_0590,316.09,TRANSFER,2026-07-18 21:42:42,MERCH_036,DEV_0176,"Hyderabad, IN",1142,106,262.26,0,1,1,2,1,0,0.2053,1.2053,2,0,0,0,0,21,5
TX_000205,USR_0193,1575.47,PURCHASE,2026-07-18 21:54:38,MERCH_075,DEV_0049,"Bengaluru, IN",499,222,1078.14,0,1,1,1,1,0,0.4613,1.4613,1,0,0,0,0,21,5
TX_000206,USR_0211,229.08,PURCHASE,2026-07-18 23:29:25,MERCH_170,DEV_0864,"Mumbai, IN",1312,104,678.72,1,1,0,2,0,0,-0.6625,0.3375,2,0,1,0,1,23,5
TX_000207,USR_0194,348.97,PURCHASE,2026-07-18 23:32:59,MERCH_250,DEV_0636,"Mumbai, IN",560,101,287.38,0,1,1,3,1,0,0.2143,1.2143,3,0,0,0,0,23,5
TX_000208,USR_0327,14906.48,PURCHASE,2026-07-19 00:54:11,MERCH_204,DEV_0685,"Singapore, SG",1188,150,1388.65,1,1,1,3,0,1,9.7345,10.7345,3,0,0,1,1,0,6
TX_000209,USR_0150,187.68,PURCHASE,2026-07-19 00:55:04,MERCH_106,DEV_0262,"Ahmedabad, IN",1248,48,910.36,0,1,1,2,1,0,-0.7938,0.2062,2,0,0,1,0,0,6
TX_000210,USR_0081,261.34,TRANSFER,2026-07-19 01:24:03,MERCH_059,DEV_0577,"Delhi, IN",651,152,241.85,1,0,1,4,1,0,0.0806,1.0806,4,1,0,1,0,1,6
TX_000211,USR_0119,599.86,PURCHASE,2026-07-19 01:42:08,MERCH_241,DEV_0054,"Chennai, IN",1002,245,401.5,0,0,1,2,1,0,0.494,1.494,2,1,0,1,0,1,6
TX_000212,USR_0206,920.13,WITHDRAWAL,2026-07-19 02:17:55,MERCH_070,DEV_0609,"Mumbai, IN",184,161,663.11,0,1,1,1,1,0,0.3876,1.3876,1,0,0,1,0,2,6
TX_000213,USR_0494,3276.86,PURCHASE,2026-07-19 02:43:35,MERCH_086,DEV_0522,"Lagos, NG",748,18,342.42,0,1,0,4,1,1,8.5697,9.5697,4,0,1,1,0,2,6
TX_000214,USR_0367,269.22,PURCHASE,2026-07-19 02:53:46,MERCH_242,DEV_0299,"Mumbai, IN",564,174,350.18,1,1,1,4,1,0,-0.2312,0.7688,4,0,0,1,0,2,6
TX_000215,USR_0190,223.82,PURCHASE,2026-07-19 02:58:59,MERCH_141,DEV_0640,"Singapore, SG",1431,9,462.57,6,1,1,13,1,1,-0.5161,0.4839,13,0,0,1,0,2,6
TX_000216,USR_0565,59.74,PURCHASE,2026-07-19 03:57:35,MERCH_067,DEV_0582,"Pune, IN",1401,26,202.33,1,0,1,7,1,0,-0.7047,0.2953,7,1,0,1,0,3,6
TX_000217,USR_0056,163.13,PURCHASE,2026-07-19 04:34:03,MERCH_002,DEV_0396,"Lagos, NG",1176,71,84.32,1,0,0,3,1,1,0.9347,1.9347,3,1,1,1,0,4,6
TX_000218,USR_0011,808.83,WITHDRAWAL,2026-07-19 05:01:49,MERCH_108,DEV_0169,"Mumbai, IN",1423,76,538.4,1,1,1,4,1,0,0.5023,1.5023,4,0,0,1,0,5,6
TX_000219,USR_0077,205.84,WITHDRAWAL,2026-07-19 05:09:00,MERCH_247,DEV_0022,"Moscow, RU",1464,1,101.25,0,1,1,3,0,1,1.033,2.033,3,0,0,1,1,5,6
TX_000220,USR_0070,126.87,PURCHASE,2026-07-19 05:57:09,MERCH_109,DEV_0844,"Delhi, IN",1153,5,213.68,0,1,1,2,1,0,-0.4063,0.5937,2,0,0,1,0,5,6
TX_000221,USR_0165,191.15,PURCHASE,2026-07-19 06:25:35,MERCH_175,DEV_0254,"Pune, IN",893,197,119.17,0,1,0,1,1,0,0.604,1.604,1,0,1,0,0,6,6
TX_000222,USR_0363,46.81,PAYMENT,2026-07-19 07:05:08,MERCH_064,DEV_0272,"Chennai, IN",312,114,130.7,0,1,1,7,1,0,-0.6419,0.3581,7,0,0,0,0,7,6
TX_000223,USR_0074,334.9,PURCHASE,2026-07-19 07:40:26,MERCH_194,DEV_0613,"Pune, IN",1224,50,619.56,0,1,0,3,1,0,-0.4595,0.5405,3,0,1,0,0,7,6
TX_000224,USR_0383,393.23,PURCHASE,2026-07-19 08:31:53,MERCH_194,DEV_0230,"Chennai, IN",297,107,380.89,0,1,1,3,1,0,0.0324,1.0324,3,0,0,0,0,8,6
TX_000225,USR_0151,542.69,PAYMENT,2026-07-19 09:03:51,MERCH_153,DEV_0339,"Mumbai, IN",283,173,370.72,2,1,0,3,1,0,0.4639,1.4639,3,0,1,0,0,9,6
TX_000226,USR_0381,475.16,PURCHASE,2026-07-19 09:22:48,MERCH_193,DEV_0641,"Ahmedabad, IN",1320,183,167.72,0,1,0,3,1,0,1.8331,2.8331,3,0,1,0,0,9,6
TX_000227,USR_0263,223.92,PURCHASE,2026-07-19 10:00:04,MERCH_145,DEV_0536,"Chennai, IN",177,72,275.16,0,1,0,5,1,0,-0.1862,0.8138,5,0,1,0,0,10,6
TX_000228,USR_0380,323.39,PURCHASE,2026-07-19 10:07:19,MERCH_095,DEV_0591,"Hyderabad, IN",218,42,596.8,0,1,0,7,1,0,-0.4581,0.5419,7,0,1,0,0,10,6
TX_000229,USR_0034,226.79,TRANSFER,2026-07-19 11:28:00,MERCH_185,DEV_0005,"Bengaluru, IN",769,239,432.76,1,0,1,2,1,0,-0.4759,0.5241,2,1,0,0,0,11,6
TX_000230,USR_0461,507.33,PURCHASE,2026-07-19 11:33:29,MERCH_209,DEV_0407,"Pune, IN",879,158,834.02,0,1,1,1,1,0,-0.3917,0.6083,1,0,0,0,0,11,6
TX_000231,USR_0561,3739.59,TRANSFER,2026-07-19 11:59:52,MERCH_211,DEV_0428,"Hyderabad, IN",75,245,928.03,0,1,1,2,1,0,3.0296,4.0296,2,0,0,0,0,11,6
TX_000232,USR_0572,579.43,PURCHASE,2026-07-19 12:07:43,MERCH_054,DEV_0570,"Bengaluru, IN",571,77,372.44,0,1,1,2,1,0,0.5558,1.5558,2,0,0,0,0,12,6
TX_000233,USR_0163,219.92,PURCHASE,2026-07-19 12:24:31,MERCH_170,DEV_0137,"Singapore, SG",343,28,112.18,1,0,0,1,1,1,0.9604,1.9604,1,1,1,0,0,12,6
TX_000234,USR_0397,207.77,PURCHASE,2026-07-19 12:28:34,MERCH_002,DEV_0144,"Kolkata, IN",457,96,255.13,0,1,1,5,1,0,-0.1856,0.8144,5,0,0,0,0,12,6
TX_000235,USR_0322,397.39,WITHDRAWAL,2026-07-19 15:15:47,MERCH_143,DEV_0687,"Hyderabad, IN",277,82,418.21,0,1,1,2,1,0,-0.0498,0.9502,2,0,0,0,0,15,6
TX_000236,USR_0426,376.68,PURCHASE,2026-07-19 15:40:27,MERCH_143,DEV_0606,"Bengaluru, IN",1018,180,251.36,0,1,1,2,1,0,0.4986,1.4986,2,0,0,0,0,15,6
TX_000237,USR_0386,139.7,TRANSFER,2026-07-19 17:06:17,MERCH_091,DEV_0731,"Ahmedabad, IN",713,179,204.03,0,1,1,1,1,0,-0.3153,0.6847,1,0,0,0,0,17,6
TX_000238,USR_0420,373.24,PURCHASE,2026-07-19 17:51:34,MERCH_249,DEV_0244,"Hyderabad, IN",1439,18,474.17,0,1,1,3,1,0,-0.2129,0.7871,3,0,0,0,0,17,6
TX_000239,USR_0574,1708.58,PURCHASE,2026-07-19 18:04:34,MERCH_221,DEV_0898,"Bengaluru, IN",19,147,2784.92,0,1,1,4,1,0,-0.3865,0.6135,4,0,0,0,0,18,6
TX_000240,USR_0035,221.9,PURCHASE,2026-07-19 18:05:46,MERCH_010,DEV_0246,"Kolkata, IN",1168,86,312.03,0,1,1,3,1,0,-0.2889,0.7111,3,0,0,0,0,18,6
TX_000241,USR_0249,440.97,PURCHASE,2026-07-19 18:51:50,MERCH_053,DEV_0586,"Bengaluru, IN",1365,154,449.05,1,1,0,1,1,0,-0.018,0.982,1,0,1,0,0,18,6
TX_000242,USR_0064,93.79,PURCHASE,2026-07-19 19:13:40,MERCH_052,DEV_0146,"Bengaluru, IN",732,98,168.21,0,0,1,2,1,0,-0.4424,0.5576,2,1,0,0,0,19,6
TX_000243,USR_0334,1309.87,WITHDRAWAL,2026-07-19 19:24:43,MERCH_225,DEV_0827,"Kolkata, IN",1051,134,1143.44,0,1,1,4,1,0,0.1456,1.1456,4,0,0,0,0,19,6
TX_000244,USR_0538,992.55,PAYMENT,2026-07-19 21:01:16,MERCH_130,DEV_0300,"Hyderabad, IN",664,179,867.23,1,1,1,2,1,0,0.1445,1.1445,2,0,0,0,0,21,6
TX_000245,USR_0129,697.18,WITHDRAWAL,2026-07-19 21:20:12,MERCH_183,DEV_0723,"Mumbai, IN",895,74,823.49,1,1,1,5,1,0,-0.1534,0.8466,5,0,0,0,0,21,6
TX_000246,USR_0294,693.15,TRANSFER,2026-07-19 21:57:52,MERCH_203,DEV_0299,"Mumbai, IN",1362,50,1247.75,0,1,1,4,0,0,-0.4445,0.5555,4,0,0,0,1,21,6
TX_000247,USR_0006,332.61,PURCHASE,2026-07-19 23:38:21,MERCH_192,DEV_0712,"Bengaluru, IN",798,176,326.6,0,1,1,4,1,0,0.0184,1.0184,4,0,0,0,0,23,6
TX_000248,USR_0201,245.73,TRANSFER,2026-07-19 23:56:11,MERCH_023,DEV_0409,"Delhi, IN",870,236,358.68,1,1,0,4,1,0,-0.3149,0.6851,4,0,1,0,0,23,6
TX_000249,USR_0511,1590.72,PURCHASE,2026-07-20 00:23:30,MERCH_036,DEV_0057,Unknown Proxy,1480,111,1622.39,5,0,0,6,0,1,-0.0195,0.9805,6,1,1,1,1,0,0
TX_000250,USR_0264,1404.7,WITHDRAWAL,2026-07-20 02:04:32,MERCH_099,DEV_0172,"Kolkata, IN",748,249,723.28,2,1,1,4,1,0,0.9421,1.9421,4,0,0,1,0,2,0
TX_000251,USR_0121,35.89,PAYMENT,2026-07-20 02:09:59,MERCH_085,DEV_0616,"Bengaluru, IN",265,47,85.19,0,1,1,5,1,0,-0.5787,0.4213,5,0,0,1,0,2,0
TX_000252,USR_0018,2472.85,PURCHASE,2026-07-20 02:11:23,MERCH_187,DEV_0174,"Delhi, IN",1026,204,632.93,0,1,1,1,1,0,2.907,3.907,1,0,0,1,0,2,0
TX_000253,USR_0278,263.97,PAYMENT,2026-07-20 02:43:09,MERCH_040,DEV_0248,"Hyderabad, IN",1041,247,290.9,0,1,1,2,1,0,-0.0926,0.9074,2,0,0,1,0,2,0
TX_000254,USR_0198,1097.26,WITHDRAWAL,2026-07-20 02:49:37,MERCH_093,DEV_0488,"Hyderabad, IN",361,75,882.6,0,1,1,6,1,0,0.2432,1.2432,6,0,0,1,0,2,0
TX_000255,USR_0529,356.42,PURCHASE,2026-07-20 03:39:14,MERCH_060,DEV_0228,"Pune, IN",1094,37,611.18,0,0,1,3,0,0,-0.4168,0.5832,3,1,0,1,1,3,0
TX_000256,USR_0518,243.79,PAYMENT,2026-07-20 03:42:31,MERCH_048,DEV_0116,"Delhi, IN",102,166,121.98,1,1,0,4,1,0,0.9986,1.9986,4,0,1,1,0,3,0
TX_000257,USR_0491,482.61,PURCHASE,2026-07-20 03:50:18,MERCH_044,DEV_0562,"Singapore, SG",484,217,550.52,2,0,1,6,1,1,-0.1234,0.8766,6,1,0,1,0,3,0
TX_000258,USR_0061,388.01,PURCHASE,2026-07-20 04:29:03,MERCH_049,DEV_0621,"Mumbai, IN",1283,21,527.01,0,1,1,5,1,0,-0.2638,0.7362,5,0,0,1,0,4,0
TX_000259,USR_0517,386.74,PURCHASE,2026-07-20 04:32:14,MERCH_142,DEV_0660,"Bengaluru, IN",928,160,591.02,0,1,1,1,1,0,-0.3456,0.6544,1,0,0,1,0,4,0
TX_000260,USR_0294,553.57,TRANSFER,2026-07-20 04:45:37,MERCH_103,DEV_0850,"Ahmedabad, IN",913,217,692.91,0,1,1,4,1,0,-0.2011,0.7989,4,0,0,1,0,4,0
TX_000261,USR_0539,1725.29,PURCHASE,2026-07-20 04:54:50,MERCH_109,DEV_0113,"Kolkata, IN",934,8,1381.91,0,1,1,3,1,0,0.2485,1.2485,3,0,0,1,0,4,0
TX_000262,USR_0458,653.27,PAYMENT,2026-07-20 06:10:37,MERCH_120,DEV_0385,"Delhi, IN",253,129,613.8,0,1,1,4,1,0,0.0643,1.0643,4,0,0,0,0,6,0
TX_000263,USR_0097,424.33,PURCHASE,2026-07-20 06:40:04,MERCH_186,DEV_0211,"Hyderabad, IN",1442,20,457.79,0,1,1,2,1,0,-0.0731,0.9269,2,0,0,0,0,6,0
TX_000264,USR_0251,637.66,PURCHASE,2026-07-20 07:58:07,MERCH_216,DEV_0811,"Ahmedabad, IN",451,44,1064.46,0,1,0,3,1,0,-0.401,0.599,3,0,1,0,0,7,0
TX_000265,USR_0377,1395.96,TRANSFER,2026-07-20 08:54:26,MERCH_132,DEV_0486,"Delhi, IN",1181,122,2419.47,0,1,1,4,1,0,-0.423,0.577,4,0,0,0,0,8,0
TX_000266,USR_0218,630.16,PURCHASE,2026-07-20 09:40:45,MERCH_161,DEV_0089,"Bengaluru, IN",1484,82,893.86,0,1,1,3,1,0,-0.295,0.705,3,0,0,0,0,9,0
TX_000267,USR_0484,673.89,TRANSFER,2026-07-20 11:17:02,MERCH_185,DEV_0623,"Bengaluru, IN",366,22,525.26,0,1,1,1,1,0,0.283,1.283,1,0,0,0,0,11,0
TX_000268,USR_0580,910.61,PURCHASE,2026-07-20 11:43:01,MERCH_173,DEV_0039,"Ahmedabad, IN",954,200,622.44,0,1,1,4,1,0,0.463,1.463,4,0,0,0,0,11,0
TX_000269,USR_0170,870.75,PAYMENT,2026-07-20 12:15:40,MERCH_034,DEV_0247,"Hyderabad, IN",70,51,545.27,0,1,1,1,1,0,0.5969,1.5969,1,0,0,0,0,12,0
TX_000270,USR_0066,433.62,TRANSFER,2026-07-20 13:17:05,MERCH_246,DEV_0650,"Mumbai, IN",956,217,456.29,0,1,1,4,1,0,-0.0497,0.9503,4,0,0,0,0,13,0
TX_000271,USR_0282,2786.22,PURCHASE,2026-07-20 14:25:06,MERCH_042,DEV_0456,"Chennai, IN",665,45,2282.73,0,1,1,3,1,0,0.2206,1.2206,3,0,0,0,0,14,0
TX_000272,USR_0464,218.75,PURCHASE,2026-07-20 16:36:04,MERCH_103,DEV_0685,"Mumbai, IN",114,130,256.58,0,1,1,4,1,0,-0.1474,0.8526,4,0,0,0,0,16,0
TX_000273,USR_0071,327.97,PURCHASE,2026-07-20 16:37:44,MERCH_164,DEV_0515,"Bengaluru, IN",1010,182,1070.01,0,1,1,2,1,0,-0.6935,0.3065,2,0,0,0,0,16,0
TX_000274,USR_0171,338.5,PAYMENT,2026-07-20 17:01:38,MERCH_101,DEV_0759,"Pune, IN",1453,120,409.47,0,1,0,1,1,0,-0.1733,0.8267,1,0,1,0,0,17,0
TX_000275,USR_0091,110.49,TRANSFER,2026-07-20 17:53:49,MERCH_061,DEV_0507,"Hyderabad, IN",131,104,148.25,0,1,1,2,1,0,-0.2547,0.7453,2,0,0,0,0,17,0
TX_000276,USR_0147,189.17,PURCHASE,2026-07-20 18:03:59,MERCH_231,DEV_0052,"Ahmedabad, IN",1339,187,390.73,0,1,1,2,1,0,-0.5159,0.4841,2,0,0,0,0,18,0
TX_000277,USR_0193,196.44,PURCHASE,2026-07-20 18:05:35,MERCH_018,DEV_0065,"Delhi, IN",1266,3,298.62,0,1,0,1,0,0,-0.3422,0.6578,1,0,1,0,1,18,0
TX_000278,USR_0147,720.71,PAYMENT,2026-07-20 18:21:03,MERCH_062,DEV_0700,"Pune, IN",824,206,693.97,1,1,1,3,1,0,0.0385,1.0385,3,0,0,0,0,18,0
TX_000279,USR_0549,219.45,PURCHASE,2026-07-20 18:48:23,MERCH_249,DEV_0035,"Kolkata, IN",1352,172,481.89,0,1,1,3,1,0,-0.5446,0.4554,3,0,0,0,0,18,0
TX_000280,USR_0246,125.3,TRANSFER,2026-07-20 18:59:38,MERCH_183,DEV_0339,"Kolkata, IN",468,191,209.08,1,1,1,2,1,0,-0.4007,0.5993,2,0,0,0,0,18,0
TX_000281,USR_0513,3528.53,WITHDRAWAL,2026-07-20 19:08:26,MERCH_022,DEV_0015,"Delhi, IN",1082,105,1356.28,0,1,1,4,1,0,1.6016,2.6016,4,0,0,0,0,19,0
TX_000282,USR_0353,3182.05,TRANSFER,2026-07-20 19:43:25,MERCH_189,DEV_0274,"Singapore, SG",1049,96,1019.28,0,0,1,10,0,1,2.1219,3.1219,10,1,0,0,1,19,0
TX_000283,USR_0483,1248.53,PURCHASE,2026-07-20 19:59:10,MERCH_243,DEV_0536,"Moscow, RU",873,143,1478.51,1,0,0,1,1,1,-0.1555,0.8445,1,1,1,0,0,19,0
TX_000284,USR_0004,239.57,PURCHASE,2026-07-20 21:31:47,MERCH_025,DEV_0156,"Mumbai, IN",1251,160,537.52,0,1,1,3,1,0,-0.5543,0.4457,3,0,0,0,0,21,0
TX_000285,USR_0578,255.67,PURCHASE,2026-07-20 21:36:30,MERCH_104,DEV_0420,"Mumbai, IN",1315,231,438.1,0,1,1,1,1,0,-0.4164,0.5836,1,0,0,0,0,21,0
TX_000286,USR_0200,638.03,PAYMENT,2026-07-20 21:42:35,MERCH_118,DEV_0897,"Ahmedabad, IN",1180,214,762.74,0,0,1,3,1,0,-0.1635,0.8365,3,1,0,0,0,21,0
TX_000287,USR_0271,146.09,TRANSFER,2026-07-20 22:13:17,MERCH_033,DEV_0064,"Delhi, IN",885,14,291.82,0,1,0,2,1,0,-0.4994,0.5006,2,0,1,0,0,22,0
TX_000288,USR_0090,685.3,WITHDRAWAL,2026-07-20 23:56:05,MERCH_051,DEV_0058,"Ahmedabad, IN",1465,38,496.11,0,1,1,3,1,0,0.3813,1.3813,3,0,0,0,0,23,0
TX_000289,USR_0349,903.02,PURCHASE,2026-07-21 00:09:06,MERCH_044,DEV_0245,"Mumbai, IN",836,236,394.45,1,1,0,5,1,0,1.2893,2.2893,5,0,1,1,0,0,1
TX_000290,USR_0448,247.3,PURCHASE,2026-07-21 00:28:27,MERCH_047,DEV_0745,"Ahmedabad, IN",957,97,150.43,0,0,1,1,1,0,0.644,1.644,1,1,0,1,0,0,1
TX_000291,USR_0216,916.75,TRANSFER,2026-07-21 00:39:22,MERCH_101,DEV_0366,"Mumbai, IN",288,145,495.14,1,1,1,2,1,0,0.8515,1.8515,2,0,0,1,0,0,1
TX_000292,USR_0114,125.42,PURCHASE,2026-07-21 01:38:46,MERCH_116,DEV_0576,"Ahmedabad, IN",486,15,323.28,0,1,1,4,0,0,-0.612,0.388,4,0,0,1,1,1,1
TX_000293,USR_0446,304.7,PURCHASE,2026-07-21 01:43:37,MERCH_060,DEV_0031,"Chennai, IN",1357,27,375.15,0,0,1,2,1,0,-0.1878,0.8122,2,1,0,1,0,1,1
TX_000294,USR_0494,761.97,PURCHASE,2026-07-21 03:24:47,MERCH_073,DEV_0662,"Hyderabad, IN",750,102,591.16,0,1,1,5,1,0,0.2889,1.2889,5,0,0,1,0,3,1
TX_000295,USR_0572,1958.48,TRANSFER,2026-07-21 03:52:47,MERCH_049,DEV_0061,"Ahmedabad, IN",770,179,1168.7,0,1,1,6,1,0,0.6758,1.6758,6,0,0,1,0,3,1
TX_000296,USR_0534,707.95,TRANSFER,2026-07-21 04:13:15,MERCH_200,DEV_0641,"Bengaluru, IN",1225,193,238.1,0,1,1,3,1,0,1.9733,2.9733,3,0,0,1,0,4,1
TX_000297,USR_0412,666.27,PURCHASE,2026-07-21 04:13:56,MERCH_053,DEV_0134,"Kolkata, IN",493,223,349.61,0,1,0,4,1,0,0.9058,1.9058,4,0,1,1,0,4,1
TX_000298,USR_0202,431.89,PAYMENT,2026-07-21 04:27:47,MERCH_227,DEV_0773,"Kolkata, IN",403,50,253.52,0,1,1,2,1,0,0.7036,1.7036,2,0,0,1,0,4,1
TX_000299,USR_0319,1272.14,PURCHASE,2026-07-21 05:57:57,MERCH_135,DEV_0267,"Bengaluru, IN",20,51,241.44,1,1,1,3,1,0,4.269,5.269,3,0,0,1,0,5,1
TX_000300,USR_0193,291.75,PURCHASE,2026-07-21 06:54:31,MERCH_201,DEV_0166,"Chennai, IN",352,135,288.1,0,1,1,3,1,0,0.0127,1.0127,3,0,0,0,0,6,1
TX_000301,USR_0079,306.13,PURCHASE,2026-07-21 07:18:45,MERCH_160,DEV_0304,"Kolkata, IN",771,137,388.35,0,1,1,3,1,0,-0.2117,0.7883,3,0,0,0,0,7,1
TX_000302,USR_0303,745.41,WITHDRAWAL,2026-07-21 08:00:51,MERCH_067,DEV_0001,"Singapore, SG",1089,10,698.3,2,1,1,12,1,1,0.0675,1.0675,12,0,0,0,0,8,1
TX_000303,USR_0078,300.3,PURCHASE,2026-07-21 08:04:15,MERCH_151,DEV_0149,"Delhi, IN",498,112,572.25,0,1,1,4,1,0,-0.4752,0.5248,4,0,0,0,0,8,1
TX_000304,USR_0093,202.46,PURCHASE,2026-07-21 08:05:40,MERCH_069,DEV_0539,"Delhi, IN",670,224,203.69,0,1,1,6,1,0,-0.006,0.994,6,0,0,0,0,8,1
TX_000305,USR_0525,367.75,PURCHASE,2026-07-21 08:22:54,MERCH_030,DEV_0271,"Kolkata, IN",337,41,1187.81,0,0,1,3,1,0,-0.6904,0.3096,3,1,0,0,0,8,1
TX_000306,USR_0287,616.08,TRANSFER,2026-07-21 08:57:11,MERCH_064,DEV_0319,"Delhi, IN",1226,205,913.75,0,1,1,4,0,0,-0.3258,0.6742,4,0,0,0,1,8,1
TX_000307,USR_0392,202.03,WITHDRAWAL,2026-07-21 09:11:17,MERCH_069,DEV_0727,"Chennai, IN",790,112,228.92,0,1,0,5,1,0,-0.1175,0.8825,5,0,1,0,0,9,1
TX_000308,USR_0514,1987.43,PURCHASE,2026-07-21 10:36:24,MERCH_034,DEV_0112,"Hyderabad, IN",221,131,1127.02,0,1,1,6,1,0,0.7634,1.7634,6,0,0,0,0,10,1
TX_000309,USR_0581,1126.27,PAYMENT,2026-07-21 11:04:20,MERCH_006,DEV_0357,"Pune, IN",917,160,575.05,0,1,1,3,1,0,0.9586,1.9586,3,0,0,0,0,11,1
TX_000310,USR_0586,203.48,PURCHASE,2026-07-21 11:42:16,MERCH_236,DEV_0168,"Mumbai, IN",508,176,400.18,0,1,1,3,1,0,-0.4915,0.5085,3,0,0,0,0,11,1
TX_000311,USR_0186,2158.65,PURCHASE,2026-07-21 11:51:06,MERCH_129,DEV_0435,"Mumbai, IN",1298,159,588.64,0,1,1,2,1,0,2.6672,3.6672,2,0,0,0,0,11,1
TX_000312,USR_0591,462.37,TRANSFER,2026-07-21 12:22:13,MERCH_101,DEV_0299,"Ahmedabad, IN",407,26,441.39,0,1,1,2,0,0,0.0475,1.0475,2,0,0,0,1,12,1
TX_000313,USR_0294,753.01,TRANSFER,2026-07-21 04:17:00,MERCH_233,DEV_0042,"Moscow, RU",1298,74,677.26,0,1,1,3,0,1,0.1118,1.1118,3,0,0,1,1,4,1
TX_000314,USR_0150,172.13,PURCHASE,2026-07-21 13:02:17,MERCH_057,DEV_0064,"Chennai, IN",1048,211,517.88,0,1,1,3,0,0,-0.6676,0.3324,3,0,0,0,1,13,1
TX_000315,USR_0113,222.11,TRANSFER,2026-07-21 13:05:22,MERCH_101,DEV_0768,"Chennai, IN",209,10,349.39,0,1,1,1,1,0,-0.3643,0.6357,1,0,0,0,0,13,1
TX_000316,USR_0548,185.35,PURCHASE,2026-07-21 13:21:01,MERCH_212,DEV_0052,"Kolkata, IN",1140,179,98.48,0,1,1,3,1,0,0.8821,1.8821,3,0,0,0,0,13,1
TX_000317,USR_0105,709.8,TRANSFER,2026-07-21 14:15:34,MERCH_159,DEV_0705,"Chennai, IN",1082,130,668.23,1,1,1,3,0,0,0.0622,1.0622,3,0,0,0,1,14,1
TX_000318,USR_0308,346.92,TRANSFER,2026-07-21 14:37:52,MERCH_100,DEV_0825,"Bengaluru, IN",687,30,340.02,1,1,1,3,1,0,0.0203,1.0203,3,0,0,0,0,14,1
TX_000319,USR_0082,889.24,PAYMENT,2026-07-21 15:24:02,MERCH_064,DEV_0420,"Chennai, IN",246,31,806.5,0,0,1,2,1,0,0.1026,1.1026,2,1,0,0,0,15,1
TX_000320,USR_0333,240.43,PURCHASE,2026-07-21 15:27:56,MERCH_009,DEV_0281,"Pune, IN",720,245,645.81,0,1,1,1,1,0,-0.6277,0.3723,1,0,0,0,0,15,1
TX_000321,USR_0115,309.73,TRANSFER,2026-07-21 15:33:29,MERCH_022,DEV_0699,"Hyderabad, IN",915,8,346.71,1,0,1,2,1,0,-0.1067,0.8933,2,1,0,0,0,15,1
TX_000322,USR_0562,2302.86,TRANSFER,2026-07-21 16:21:56,MERCH_041,DEV_0885,"Bengaluru, IN",204,6,969.22,0,1,1,3,1,0,1.376,2.376,3,0,0,0,0,16,1
TX_000323,USR_0564,1011.55,PURCHASE,2026-07-21 16:43:37,MERCH_197,DEV_0109,"Delhi, IN",516,5,524.73,0,1,1,1,0,0,0.9278,1.9278,1,0,0,0,1,16,1
TX_000324,USR_0206,446.12,PURCHASE,2026-07-21 17:41:31,MERCH_160,DEV_0868,"Chennai, IN",1054,157,508.76,0,1,1,3,1,0,-0.1231,0.8769,3,0,0,0,0,17,1
TX_000325,USR_0153,1066.4,PAYMENT,2026-07-21 17:46:37,MERCH_109,DEV_0850,"Hyderabad, IN",832,231,405.72,0,1,1,4,1,0,1.6284,2.6284,4,0,0,0,0,17,1
TX_000326,USR_0374,667.48,PURCHASE,2026-07-21 18:18:40,MERCH_196,DEV_0129,"Delhi, IN",1488,43,1590.68,1,1,0,3,1,0,-0.5804,0.4196,3,0,1,0,0,18,1
TX_000327,USR_0377,133.31,WITHDRAWAL,2026-07-21 19:01:58,MERCH_041,DEV_0050,"Bengaluru, IN",330,199,263.56,1,1,1,3,1,0,-0.4942,0.5058,3,0,0,0,0,19,1
TX_000328,USR_0448,1128.44,PURCHASE,2026-07-21 19:20:28,MERCH_053,DEV_0644,"Pune, IN",1168,180,353.27,2,1,1,5,1,0,2.1943,3.1943,5,0,0,0,0,19,1
TX_000329,USR_0568,246.39,WITHDRAWAL,2026-07-21 19:27:06,MERCH_099,DEV_0070,"Delhi, IN",642,58,177.9,2,1,1,5,1,0,0.385,1.385,5,0,0,0,0,19,1
TX_000330,USR_0237,611.87,PURCHASE,2026-07-21 20:25:31,MERCH_230,DEV_0541,"Hyderabad, IN",340,18,776.11,0,1,0,3,1,0,-0.2116,0.7884,3,0,1,0,0,20,1
TX_000331,USR_0217,266.85,PAYMENT,2026-07-21 20:32:19,MERCH_154,DEV_0059,"Delhi, IN",1427,122,290.8,0,1,0,3,1,0,-0.0824,0.9176,3,0,1,0,0,20,1
TX_000332,USR_0334,178.11,TRANSFER,2026-07-21 20:43:46,MERCH_213,DEV_0622,"Ahmedabad, IN",937,21,316.31,0,1,1,4,0,0,-0.4369,0.5631,4,0,0,0,1,20,1
TX_000333,USR_0108,347.7,PURCHASE,2026-07-21 20:48:42,MERCH_063,DEV_0209,"Hyderabad, IN",806,29,305.38,0,1,1,1,1,0,0.1386,1.1386,1,0,0,0,0,20,1
TX_000334,USR_0598,510.09,TRANSFER,2026-07-21 21:38:23,MERCH_213,DEV_0087,"Delhi, IN",447,117,471.67,0,1,1,4,1,0,0.0815,1.0815,4,0,0,0,0,21,1
TX_000335,USR_0552,169.71,TRANSFER,2026-07-21 21:59:23,MERCH_019,DEV_0060,"Bengaluru, IN",1323,204,176.12,0,1,1,3,1,0,-0.0364,0.9636,3,0,0,0,0,21,1
TX_000336,USR_0232,37.45,PURCHASE,2026-07-21 22:17:58,MERCH_057,DEV_0170,"Ahmedabad, IN",52,248,83.66,0,1,1,4,1,0,-0.5524,0.4476,4,0,0,0,0,22,1
TX_000337,USR_0040,716.67,PURCHASE,2026-07-21 22:26:00,MERCH_131,DEV_0487,"Delhi, IN",178,157,634.3,0,1,1,3,1,0,0.1299,1.1299,3,0,0,0,0,22,1
TX_000338,USR_0041,62.17,TRANSFER,2026-07-21 23:43:55,MERCH_013,DEV_0069,"Pune, IN",275,69,92.21,0,0,0,3,1,0,-0.3258,0.6742,3,1,1,0,0,23,1
TX_000339,USR_0053,427.93,TRANSFER,2026-07-21 23:54:35,MERCH_215,DEV_0723,"Ahmedabad, IN",981,82,853.93,1,1,1,2,1,0,-0.4989,0.5011,2,0,0,0,0,23,1
TX_000340,USR_0525,3138.59,PURCHASE,2026-07-21 23:58:12,MERCH_217,DEV_0544,"Hyderabad, IN",160,153,1448.3,0,1,1,4,1,0,1.1671,2.1671,4,0,0,0,0,23,1
TX_000341,USR_0347,1550.59,PAYMENT,2026-07-22 00:03:11,MERCH_136,DEV_0268,"Delhi, IN",1197,44,397.85,0,1,1,3,1,0,2.8974,3.8974,3,0,0,1,0,0,2
TX_000342,USR_0310,4010.09,PURCHASE,2026-07-22 00:04:29,MERCH_077,DEV_0888,"Hyderabad, IN",299,130,1192.57,1,1,1,2,0,0,2.3626,3.3626,2,0,0,1,1,0,2
TX_000343,USR_0109,641.39,PURCHASE,2026-07-22 00:10:48,MERCH_025,DEV_0593,"Kolkata, IN",1016,192,441.89,0,1,1,4,1,0,0.4515,1.4515,4,0,0,1,0,0,2
TX_000344,USR_0320,1195.17,TRANSFER,2026-07-22 02:06:06,MERCH_155,DEV_0605,"Chennai, IN",1194,210,1493.2,0,1,1,6,1,0,-0.1996,0.8004,6,0,0,1,0,2,2
TX_000345,USR_0526,290.42,PURCHASE,2026-07-22 03:09:19,MERCH_135,DEV_0157,"Delhi, IN",1318,15,319.6,0,1,1,4,1,0,-0.0913,0.9087,4,0,0,1,0,3,2
TX_000346,USR_0182,94.56,PURCHASE,2026-07-22 03:26:53,MERCH_190,DEV_0640,"Mumbai, IN",444,72,76.37,0,1,1,3,1,0,0.2382,1.2382,3,0,0,1,0,3,2
TX_000347,USR_0503,306.79,PURCHASE,2026-07-22 03:38:14,MERCH_151,DEV_0504,"Bengaluru, IN",118,64,423.82,0,1,1,2,1,0,-0.2761,0.7239,2,0,0,1,0,3,2
TX_000348,USR_0193,3631.66,PURCHASE,2026-07-22 03:59:00,MERCH_033,DEV_0887,"Ahmedabad, IN",1137,139,1620.06,0,1,1,2,1,0,1.2417,2.2417,2,0,0,1,0,3,2
TX_000349,USR_0464,170.25,PURCHASE,2026-07-22 05:12:41,MERCH_031,DEV_0431,"Hyderabad, IN",676,47,672.14,0,1,1,4,0,0,-0.7467,0.2533,4,0,0,1,1,5,2
TX_000350,USR_0138,239.98,TRANSFER,2026-07-22 05:29:37,MERCH_196,DEV_0611,"Bengaluru, IN",1423,237,305.75,1,1,1,7,1,0,-0.2151,0.7849,7,0,0,1,0,5,2
TX_000351,USR_0598,922.06,PURCHASE,2026-07-22 05:37:53,MERCH_040,DEV_0308,"Delhi, IN",287,229,575.89,1,1,1,2,1,0,0.6011,1.6011,2,0,0,1,0,5,2
TX_000352,USR_0125,511.95,WITHDRAWAL,2026-07-22 07:14:02,MERCH_235,DEV_0037,"Delhi, IN",864,83,932.24,0,0,1,4,1,0,-0.4508,0.5492,4,1,0,0,0,7,2
TX_000353,USR_0283,343.41,TRANSFER,2026-07-22 07:42:05,MERCH_027,DEV_0116,"Ahmedabad, IN",184,102,422.01,0,1,1,5,0,0,-0.1863,0.8137,5,0,0,0,1,7,2
TX_000354,USR_0284,4513.87,PURCHASE,2026-07-22 07:44:55,MERCH_183,DEV_0781,"Mumbai, IN",731,110,3226.14,0,1,1,6,1,0,0.3992,1.3992,6,0,0,0,0,7,2
TX_000355,USR_0424,779.05,PURCHASE,2026-07-22 08:14:56,MERCH_244,DEV_0665,"Mumbai, IN",8,11,305.27,0,1,1,2,1,0,1.552,2.552,2,0,0,0,0,8,2
TX_000356,USR_0564,391.54,WITHDRAWAL,2026-07-22 08:16:07,MERCH_111,DEV_0329,"Bengaluru, IN",1126,222,954.45,0,0,1,5,1,0,-0.5898,0.4102,5,1,0,0,0,8,2
TX_000357,USR_0348,311.52,PURCHASE,2026-07-22 08:38:59,MERCH_015,DEV_0629,"Mumbai, IN",910,195,796.88,0,1,1,4,1,0,-0.6091,0.3909,4,0,0,0,0,8,2
TX_000358,USR_0174,136.93,PURCHASE,2026-07-22 09:02:25,MERCH_220,DEV_0004,"Mumbai, IN",151,83,266.23,0,1,1,4,1,0,-0.4857,0.5143,4,0,0,0,0,9,2
TX_000359,USR_0292,114.61,WITHDRAWAL,2026-07-22 09:04:40,MERCH_047,DEV_0034,"Pune, IN",752,137,327.31,0,1,1,5,1,0,-0.6498,0.3502,5,0,0,0,0,9,2
TX_000360,USR_0236,354.13,TRANSFER,2026-07-22 09:21:04,MERCH_132,DEV_0457,"Kolkata, IN",646,95,965.67,1,1,1,1,1,0,-0.6333,0.3667,1,0,0,0,0,9,2
TX_000361,USR_0506,253.56,TRANSFER,2026-07-22 09:50:56,MERCH_247,DEV_0563,"Singapore, SG",1012,57,501.62,3,1,1,6,1,1,-0.4945,0.5055,6,0,0,0,0,9,2
TX_000362,USR_0203,1229.76,PURCHASE,2026-07-22 10:23:46,MERCH_187,DEV_0844,"Kolkata, IN",751,76,579.87,0,1,1,2,1,0,1.1208,2.1208,2,0,0,0,0,10,2
TX_000363,USR_0107,102.45,PURCHASE,2026-07-22 10:24:08,MERCH_012,DEV_0684,"Chennai, IN",692,27,131.93,0,1,1,4,1,0,-0.2235,0.7765,4,0,0,0,0,10,2
TX_000364,USR_0435,714.54,PURCHASE,2026-07-22 10:24:59,MERCH_206,DEV_0232,"Pune, IN",1247,202,736.01,1,1,0,5,1,0,-0.0292,0.9708,5,0,1,0,0,10,2
TX_000365,USR_0395,285.34,TRANSFER,2026-07-22 10:46:33,MERCH_041,DEV_0734,"Mumbai, IN",781,164,558.2,1,1,1,3,0,0,-0.4888,0.5112,3,0,0,0,1,10,2
TX_000366,USR_0008,615.92,PURCHASE,2026-07-22 11:11:50,MERCH_188,DEV_0443,"Ahmedabad, IN",1222,232,428.94,0,1,1,2,1,0,0.4359,1.4359,2,0,0,0,0,11,2
TX_000367,USR_0298,1899.16,PURCHASE,2026-07-22 11:12:22,MERCH_156,DEV_0744,"Ahmedabad, IN",1328,2,589.88,0,1,1,3,1,0,2.2196,3.2196,3,0,0,0,0,11,2
TX_000368,USR_0599,176.86,PURCHASE,2026-07-22 12:05:31,MERCH_072,DEV_0157,"Hyderabad, IN",1273,158,331.07,0,1,0,2,1,0,-0.4658,0.5342,2,0,1,0,0,12,2
TX_000369,USR_0019,842.53,TRANSFER,2026-07-22 12:28:10,MERCH_106,DEV_0024,"Mumbai, IN",1433,140,288.68,0,1,0,3,1,0,1.9186,2.9186,3,0,1,0,0,12,2
TX_000370,USR_0252,452.46,TRANSFER,2026-07-22 12:33:14,MERCH_030,DEV_0052,"Pune, IN",1048,156,375.34,0,1,1,3,1,0,0.2055,1.2055,3,0,0,0,0,12,2
TX_000371,USR_0496,305.54,PURCHASE,2026-07-22 12:56:26,MERCH_247,DEV_0892,"Mumbai, IN",845,247,317.7,1,1,1,3,1,0,-0.0383,0.9617,3,0,0,0,0,12,2
TX_000372,USR_0534,2849.0,PURCHASE,2026-07-22 13:47:15,MERCH_060,DEV_0073,"Chennai, IN",799,98,2309.17,0,1,1,4,1,0,0.2338,1.2338,4,0,0,0,0,13,2
TX_000373,USR_0483,1093.34,PURCHASE,2026-07-22 14:01:58,MERCH_078,DEV_0846,"Kolkata, IN",312,36,891.72,0,1,1,1,1,0,0.2261,1.2261,1,0,0,0,0,14,2
TX_000374,USR_0200,692.29,PURCHASE,2026-07-22 16:14:11,MERCH_126,DEV_0655,"Ahmedabad, IN",1243,4,217.65,0,1,1,2,1,0,2.1807,3.1807,2,0,0,0,0,16,2
TX_000375,USR_0478,2764.49,PURCHASE,2026-07-22 16:33:13,MERCH_169,DEV_0132,"Ahmedabad, IN",1042,123,2072.41,0,1,1,2,1,0,0.3339,1.3339,2,0,0,0,0,16,2
TX_000376,USR_0284,439.8,PURCHASE,2026-07-22 16:44:22,MERCH_127,DEV_0778,"Pune, IN",1310,44,325.25,0,1,1,3,1,0,0.3522,1.3522,3,0,0,0,0,16,2
TX_000377,USR_0173,332.74,TRANSFER,2026-07-22 16:44:53,MERCH_127,DEV_0130,"Ahmedabad, IN",1054,36,460.05,0,1,1,3,1,0,-0.2767,0.7233,3,0,0,0,0,16,2
TX_000378,USR_0447,1447.66,WITHDRAWAL,2026-07-22 16:51:52,MERCH_146,DEV_0129,"Pune, IN",724,37,882.1,0,0,1,5,1,0,0.6412,1.6412,5,1,0,0,0,16,2
TX_000379,USR_0328,52.44,PAYMENT,2026-07-22 17:05:34,MERCH_215,DEV_0518,"Chennai, IN",447,69,102.69,0,1,1,1,0,0,-0.4893,0.5107,1,0,0,0,1,17,2
TX_000380,USR_0444,384.65,PAYMENT,2026-07-22 17:49:49,MERCH_099,DEV_0260,"Bengaluru, IN",1478,29,376.71,1,1,1,4,1,0,0.0211,1.0211,4,0,0,0,0,17,2
TX_000381,USR_0392,1814.17,PURCHASE,2026-07-22 17:59:47,MERCH_209,DEV_0262,"Kolkata, IN",1102,121,292.73,1,1,1,2,0,0,5.1974,6.1974,2,0,0,0,1,17,2
TX_000382,USR_0064,98.04,PURCHASE,2026-07-22 18:07:17,MERCH_197,DEV_0176,"Mumbai, IN",1313,163,524.82,0,1,1,4,1,0,-0.8132,0.1868,4,0,0,0,0,18,2
TX_000383,USR_0033,657.42,PURCHASE,2026-07-22 18:12:19,MERCH_241,DEV_0547,"Bengaluru, IN",880,73,593.94,1,1,0,1,1,0,0.1069,1.1069,1,0,1,0,0,18,2
TX_000384,USR_0353,481.96,TRANSFER,2026-07-22 19:16:00,MERCH_229,DEV_0025,"Kolkata, IN",769,34,424.67,0,1,1,2,1,0,0.1349,1.1349,2,0,0,0,0,19,2
TX_000385,USR_0066,336.39,PURCHASE,2026-07-22 19:19:10,MERCH_200,DEV_0221,"Ahmedabad, IN",58,143,410.15,0,1,1,4,1,0,-0.1798,0.8202,4,0,0,0,0,19,2
TX_000386,USR_0231,833.1,PURCHASE,2026-07-22 19:52:23,MERCH_062,DEV_0499,"Ahmedabad, IN",110,22,1000.34,0,1,1,4,1,0,-0.1672,0.8328,4,0,0,0,0,19,2
TX_000387,USR_0447,569.51,PURCHASE,2026-07-22 20:07:45,MERCH_194,DEV_0438,"Kolkata, IN",1062,184,564.17,0,1,1,4,1,0,0.0095,1.0095,4,0,0,0,0,20,2
TX_000388,USR_0104,374.85,PURCHASE,2026-07-22 20:09:55,MERCH_185,DEV_0630,"Ahmedabad, IN",342,96,464.2,0,1,1,3,1,0,-0.1925,0.8075,3,0,0,0,0,20,2
TX_000389,USR_0444,552.49,TRANSFER,2026-07-22 20:56:06,MERCH_073,DEV_0195,"Delhi, IN",129,103,502.78,1,1,1,4,1,0,0.0989,1.0989,4,0,0,0,0,20,2
TX_000390,USR_0156,1235.48,TRANSFER,2026-07-22 21:36:52,MERCH_170,DEV_0584,"Hyderabad, IN",1166,63,1783.2,0,1,1,3,1,0,-0.3072,0.6928,3,0,0,0,0,21,2
TX_000391,USR_0295,1814.04,PURCHASE,2026-07-22 21:48:33,MERCH_064,DEV_0684,"Bengaluru, IN",933,71,512.22,0,1,1,6,1,0,2.5415,3.5415,6,0,0,0,0,21,2
TX_000392,USR_0588,247.06,PAYMENT,2026-07-22 22:17:09,MERCH_131,DEV_0350,"Bengaluru, IN",172,37,305.95,0,1,1,3,1,0,-0.1925,0.8075,3,0,0,0,0,22,2
TX_000393,USR_0300,148.08,PURCHASE,2026-07-22 22:38:05,MERCH_200,DEV_0232,"Kolkata, IN",753,139,107.5,0,0,1,4,1,0,0.3775,1.3775,4,1,0,0,0,22,2
TX_000394,USR_0410,94.53,PURCHASE,2026-07-22 05:53:00,MERCH_048,DEV_0500,"Singapore, SG",708,37,153.51,0,1,1,2,0,1,-0.3842,0.6158,2,0,0,1,1,5,2
TX_000395,USR_0467,553.08,PURCHASE,2026-07-22 23:07:37,MERCH_085,DEV_0521,"Delhi, IN",12,170,317.02,0,1,1,4,1,0,0.7446,1.7446,4,0,0,0,0,23,2
TX_000396,USR_0480,635.7,TRANSFER,2026-07-22 23:24:48,MERCH_199,DEV_0085,"Ahmedabad, IN",910,64,414.87,0,1,0,3,1,0,0.5323,1.5323,3,0,1,0,0,23,2
TX_000397,USR_0170,370.57,TRANSFER,2026-07-22 23:53:45,MERCH_114,DEV_0509,"Ahmedabad, IN",599,141,296.64,0,1,1,1,1,0,0.2492,1.2492,1,0,0,0,0,23,2
TX_000398,USR_0591,285.67,PURCHASE,2026-07-23 00:01:22,MERCH_241,DEV_0139,"Bengaluru, IN",1318,134,585.58,0,1,1,1,1,0,-0.5122,0.4878,1,0,0,1,0,0,3
TX_000399,USR_0072,171.37,PAYMENT,2026-07-23 00:29:59,MERCH_002,DEV_0512,"Kolkata, IN",179,158,293.79,1,1,1,3,1,0,-0.4167,0.5833,3,0,0,1,0,0,3
TX_000400,USR_0181,645.08,PURCHASE,2026-07-23 00:48:00,MERCH_181,DEV_0839,"Pune, IN",1271,189,226.64,0,1,1,2,1,0,1.8463,2.8463,2,0,0,1,0,0,3
TX_000401,USR_0419,412.59,PURCHASE,2026-07-23 01:12:11,MERCH_204,DEV_0484,"Kolkata, IN",16,140,712.46,0,1,1,5,1,0,-0.4209,0.5791,5,0,0,1,0,1,3
TX_000402,USR_0463,1813.25,TRANSFER,2026-07-23 01:15:21,MERCH_230,DEV_0686,"Ahmedabad, IN",1148,213,1256.76,0,1,1,2,1,0,0.4428,1.4428,2,0,0,1,0,1,3
TX_000403,USR_0591,100.97,PAYMENT,2026-07-23 03:18:06,MERCH_040,DEV_0279,"Mumbai, IN",1175,65,196.15,0,1,1,4,1,0,-0.4852,0.5148,4,0,0,1,0,3,3
TX_000404,USR_0047,989.78,TRANSFER,2026-07-23 03:31:53,MERCH_247,DEV_0831,"Kolkata, IN",615,188,540.25,1,1,1,2,1,0,0.8321,1.8321,2,0,0,1,0,3,3
TX_000405,USR_0003,65.65,PAYMENT,2026-07-23 03:47:45,MERCH_099,DEV_0732,"Pune, IN",425,86,107.82,0,1,1,4,1,0,-0.3911,0.6089,4,0,0,1,0,3,3
TX_000406,USR_0372,75.74,PURCHASE,2026-07-23 03:52:46,MERCH_089,DEV_0826,"Pune, IN",219,157,148.91,1,1,0,2,1,0,-0.4914,0.5086,2,0,1,1,0,3,3
TX_000407,USR_0264,173.23,TRANSFER,2026-07-23 03:56:38,MERCH_089,DEV_0668,"Kolkata, IN",514,123,289.36,0,1,1,2,1,0,-0.4013,0.5987,2,0,0,1,0,3,3
TX_000408,USR_0097,699.57,WITHDRAWAL,2026-07-23 04:30:17,MERCH_160,DEV_0585,"Kolkata, IN",1006,226,1054.09,1,1,1,4,1,0,-0.3363,0.6637,4,0,0,1,0,4,3
TX_000409,USR_0599,310.52,PURCHASE,2026-07-23 04:31:01,MERCH_165,DEV_0473,"Delhi, IN",1089,68,250.94,0,1,1,4,1,0,0.2374,1.2374,4,0,0,1,0,4,3
TX_000410,USR_0184,242.81,PURCHASE,2026-07-23 04:42:37,MERCH_119,DEV_0836,"Ahmedabad, IN",277,130,244.0,0,1,1,2,1,0,-0.0049,0.9951,2,0,0,1,0,4,3
TX_000411,USR_0073,215.83,PAYMENT,2026-07-23 04:46:43,MERCH_018,DEV_0764,"Hyderabad, IN",23,41,462.35,1,1,1,5,1,0,-0.5332,0.4668,5,0,0,1,0,4,3
TX_000412,USR_0169,432.2,PURCHASE,2026-07-23 05:02:15,MERCH_247,DEV_0376,"Bengaluru, IN",845,158,462.69,0,0,0,1,1,0,-0.0659,0.9341,1,1,1,1,0,5,3
TX_000413,USR_0150,112.97,PURCHASE,2026-07-23 05:33:53,MERCH_056,DEV_0078,"Pune, IN",874,10,249.73,0,1,1,3,1,0,-0.5476,0.4524,3,0,0,1,0,5,3
TX_000414,USR_0456,8388.84,WITHDRAWAL,2026-07-23 06:11:38,MERCH_024,DEV_0004,"Lagos, NG",1471,103,1996.03,0,0,1,10,0,1,3.2028,4.2028,10,1,0,0,1,6,3
TX_000415,USR_0149,600.47,PAYMENT,2026-07-23 06:34:31,MERCH_150,DEV_0211,"Mumbai, IN",1143,3,368.79,0,1,1,1,1,0,0.6282,1.6282,1,0,0,0,0,6,3
TX_000416,USR_0383,458.92,PAYMENT,2026-07-23 07:15:13,MERCH_104,DEV_0057,"Chennai, IN",828,82,490.02,0,1,0,3,0,0,-0.0635,0.9365,3,0,1,0,1,7,3
TX_000417,USR_0142,377.84,PAYMENT,2026-07-23 07:18:00,MERCH_154,DEV_0191,"Bengaluru, IN",890,121,332.92,0,1,1,3,1,0,0.1349,1.1349,3,0,0,0,0,7,3
TX_000418,USR_0469,1859.57,PURCHASE,2026-07-23 07:44:20,MERCH_219,DEV_0099,"Hyderabad, IN",970,83,625.92,0,1,1,4,1,0,1.9709,2.9709,4,0,0,0,0,7,3
TX_000419,USR_0068,975.57,PAYMENT,2026-07-23 08:53:35,MERCH_025,DEV_0883,"Hyderabad, IN",681,97,1136.22,0,1,1,2,1,0,-0.1414,0.8586,2,0,0,0,0,8,3
TX_000420,USR_0105,806.92,PURCHASE,2026-07-23 09:01:40,MERCH_072,DEV_0086,"Ahmedabad, IN",1018,37,1567.12,0,1,1,3,1,0,-0.4851,0.5149,3,0,0,0,0,9,3
TX_000421,USR_0269,352.13,TRANSFER,2026-07-23 10:07:11,MERCH_130,DEV_0565,"Mumbai, IN",298,178,254.05,0,1,1,2,1,0,0.3861,1.3861,2,0,0,0,0,10,3
TX_000422,USR_0445,468.07,PURCHASE,2026-07-23 11:24:49,MERCH_197,DEV_0317,"Ahmedabad, IN",1246,199,1027.46,1,1,0,2,1,0,-0.5444,0.4556,2,0,1,0,0,11,3
TX_000423,USR_0143,563.76,WITHDRAWAL,2026-07-23 00:19:00,MERCH_151,DEV_0157,"Lagos, NG",1293,114,679.6,0,1,1,4,0,1,-0.1705,0.8295,4,0,0,1,1,0,3
TX_000424,USR_0553,602.33,TRANSFER,2026-07-23 11:39:39,MERCH_096,DEV_0632,"Lagos, NG",656,14,934.63,4,1,1,8,1,1,-0.3555,0.6445,8,0,0,0,0,11,3
TX_000425,USR_0438,253.2,WITHDRAWAL,2026-07-23 12:44:52,MERCH_153,DEV_0874,"Hyderabad, IN",688,16,420.04,1,1,1,1,1,0,-0.3972,0.6028,1,0,0,0,0,12,3
TX_000426,USR_0111,316.21,PURCHASE,2026-07-23 12:53:14,MERCH_245,DEV_0712,"Hyderabad, IN",749,168,391.1,1,1,1,2,1,0,-0.1915,0.8085,2,0,0,0,0,12,3
TX_000427,USR_0067,1549.93,PURCHASE,2026-07-23 13:43:56,MERCH_121,DEV_0878,"Chennai, IN",1227,232,907.81,0,1,0,2,1,0,0.7073,1.7073,2,0,1,0,0,13,3
TX_000428,USR_0239,1797.14,PURCHASE,2026-07-23 14:10:38,MERCH_221,DEV_0532,Unknown Proxy,269,216,920.82,0,0,0,4,1,1,0.9517,1.9517,4,1,1,0,0,14,3
TX_000429,USR_0499,2528.98,PURCHASE,2026-07-23 16:00:36,MERCH_195,DEV_0607,"Ahmedabad, IN",516,101,1456.13,0,1,0,2,1,0,0.7368,1.7368,2,0,1,0,0,16,3
TX_000430,USR_0140,618.19,TRANSFER,2026-07-23 16:12:10,MERCH_076,DEV_0132,"Bengaluru, IN",924,124,522.26,2,1,0,3,1,0,0.1837,1.1837,3,0,1,0,0,16,3
TX_000431,USR_0254,334.14,PURCHASE,2026-07-23 16:40:34,MERCH_063,DEV_0768,"Lagos, NG",1042,41,415.33,1,0,0,1,1,1,-0.1955,0.8045,1,1,1,0,0,16,3
TX_000432,USR_0499,14.61,TRANSFER,2026-07-23 17:11:32,MERCH_193,DEV_0674,"Hyderabad, IN",448,18,71.12,0,1,1,2,0,0,-0.7946,0.2054,2,0,0,0,1,17,3
TX_000433,USR_0373,162.36,PURCHASE,2026-07-23 17:17:10,MERCH_052,DEV_0229,"Chennai, IN",181,191,134.4,0,0,1,3,1,0,0.208,1.208,3,1,0,0,0,17,3
TX_000434,USR_0103,72.38,PURCHASE,2026-07-23 17:38:20,MERCH_085,DEV_0320,"Bengaluru, IN",764,107,334.81,0,1,1,3,1,0,-0.7838,0.2162,3,0,0,0,0,17,3
TX_000435,USR_0493,53.69,TRANSFER,2026-07-23 18:05:10,MERCH_059,DEV_0550,"Bengaluru, IN",960,124,197.05,0,1,1,3,1,0,-0.7275,0.2725,3,0,0,0,0,18,3
TX_000436,USR_0375,709.64,PURCHASE,2026-07-23 18:08:50,MERCH_152,DEV_0012,"Delhi, IN",1151,86,828.69,0,1,1,2,1,0,-0.1437,0.8563,2,0,0,0,0,18,3
TX_000437,USR_0406,190.32,PURCHASE,2026-07-23 18:48:04,MERCH_074,DEV_0737,"Delhi, IN",11,78,168.47,0,1,1,2,1,0,0.1297,1.1297,2,0,0,0,0,18,3
TX_000438,USR_0125,219.22,PURCHASE,2026-07-23 19:00:58,MERCH_165,DEV_0253,"Hyderabad, IN",33,246,308.98,0,1,1,2,1,0,-0.2905,0.7095,2,0,0,0,0,19,3
TX_000439,USR_0528,821.26,PURCHASE,2026-07-23 19:54:57,MERCH_234,DEV_0068,"Chennai, IN",584,204,318.22,0,1,1,3,1,0,1.5808,2.5808,3,0,0,0,0,19,3
TX_000440,USR_0323,1426.78,TRANSFER,2026-07-23 20:09:42,MERCH_208,DEV_0298,"Delhi, IN",848,173,1110.77,0,1,1,3,1,0,0.2845,1.2845,3,0,0,0,0,20,3
TX_000441,USR_0183,230.67,PURCHASE,2026-07-23 20:43:44,MERCH_237,DEV_0753,"Kolkata, IN",12,97,285.17,0,0,1,1,1,0,-0.1911,0.8089,1,1,0,0,0,20,3
TX_000442,USR_0029,1479.79,PURCHASE,2026-07-23 20:45:53,MERCH_007,DEV_0247,"Chennai, IN",265,180,631.79,0,1,1,2,1,0,1.3422,2.3422,2,0,0,0,0,20,3
TX_000443,USR_0506,1371.06,TRANSFER,2026-07-23 21:10:04,MERCH_114,DEV_0486,"Ahmedabad, IN",632,85,521.14,0,1,1,5,1,0,1.6309,2.6309,5,0,0,0,0,21,3
TX_000444,USR_0469,1176.01,PURCHASE,2026-07-23 21:45:28,MERCH_056,DEV_0731,"Hyderabad, IN",424,129,886.0,0,1,1,6,1,0,0.3273,1.3273,6,0,0,0,0,21,3
TX_000445,USR_0478,489.31,TRANSFER,2026-07-23 22:00:45,MERCH_230,DEV_0031,"Delhi, IN",1067,37,851.42,0,1,1,1,1,0,-0.4253,0.5747,1,0,0,0,0,22,3
TX_000446,USR_0282,291.92,PURCHASE,2026-07-23 22:08:55,MERCH_178,DEV_0684,"Kolkata, IN",58,177,438.85,0,1,1,4,1,0,-0.3348,0.6652,4,0,0,0,0,22,3
TX_000447,USR_0044,46.83,PAYMENT,2026-07-23 22:57:03,MERCH_081,DEV_0260,"Bengaluru, IN",1333,16,126.09,2,1,1,5,1,0,-0.6286,0.3714,5,0,0,0,0,22,3
TX_000448,USR_0376,349.98,PURCHASE,2026-07-23 23:17:12,MERCH_141,DEV_0626,"Bengaluru, IN",260,180,378.21,1,0,1,4,1,0,-0.0746,0.9254,4,1,0,0,0,23,3
TX_000449,USR_0267,213.1,PURCHASE,2026-07-23 23:17:48,MERCH_152,DEV_0170,"Pune, IN",664,151,443.32,0,1,1,6,1,0,-0.5193,0.4807,6,0,0,0,0,23,3
TX_000450,USR_0060,428.31,PAYMENT,2026-07-23 23:37:02,MERCH_124,DEV_0126,"Hyderabad, IN",1480,17,557.66,0,1,1,5,1,0,-0.232,0.768,5,0,0,0,0,23,3
TX_000451,USR_0432,291.63,TRANSFER,2026-07-24 01:04:17,MERCH_119,DEV_0710,"Ahmedabad, IN",996,127,258.81,0,1,1,7,1,0,0.1268,1.1268,7,0,0,1,0,1,4
TX_000452,USR_0361,277.41,TRANSFER,2026-07-24 01:19:28,MERCH_014,DEV_0728,"Ahmedabad, IN",1497,56,1058.83,1,1,1,4,1,0,-0.738,0.262,4,0,0,1,0,1,4
TX_000453,USR_0038,190.19,PAYMENT,2026-07-24 02:25:38,MERCH_114,DEV_0884,"Ahmedabad, IN",36,119,454.62,0,1,1,3,1,0,-0.5817,0.4183,3,0,0,1,0,2,4
TX_000454,USR_0597,154.38,PURCHASE,2026-07-24 03:52:44,MERCH_088,DEV_0610,"Kolkata, IN",1081,4,225.63,1,1,0,5,1,0,-0.3158,0.6842,5,0,1,1,0,3,4
TX_000455,USR_0067,293.37,WITHDRAWAL,2026-07-24 04:29:50,MERCH_205,DEV_0420,"Ahmedabad, IN",120,180,319.12,0,1,1,1,1,0,-0.0807,0.9193,1,0,0,1,0,4,4
TX_000456,USR_0418,1318.99,TRANSFER,2026-07-24 05:22:43,MERCH_217,DEV_0176,"Ahmedabad, IN",920,127,1911.52,1,1,1,4,1,0,-0.31,0.69,4,0,0,1,0,5,4
TX_000457,USR_0369,590.93,PURCHASE,2026-07-24 05:51:48,MERCH_188,DEV_0266,"Mumbai, IN",493,91,740.65,1,1,1,4,1,0,-0.2021,0.7979,4,0,0,1,0,5,4
TX_000458,USR_0144,593.82,PURCHASE,2026-07-24 06:21:50,MERCH_008,DEV_0584,"Bengaluru, IN",1167,219,987.91,0,1,1,1,1,0,-0.3989,0.6011,1,0,0,0,0,6,4
TX_000459,USR_0557,76.4,PURCHASE,2026-07-24 06:30:04,MERCH_211,DEV_0312,"Kolkata, IN",192,161,206.04,0,1,1,3,1,0,-0.6292,0.3708,3,0,0,0,0,6,4
TX_000460,USR_0064,180.38,PAYMENT,2026-07-24 06:48:08,MERCH_100,DEV_0436,"Delhi, IN",1345,152,268.44,0,1,1,4,1,0,-0.328,0.672,4,0,0,0,0,6,4
TX_000461,USR_0452,223.54,PURCHASE,2026-07-24 07:00:17,MERCH_105,DEV_0152,"Hyderabad, IN",724,37,269.93,1,1,1,1,1,0,-0.1719,0.8281,1,0,0,0,0,7,4
TX_000462,USR_0434,401.73,PURCHASE,2026-07-24 07:09:19,MERCH_237,DEV_0396,"Delhi, IN",782,125,516.74,1,1,1,4,1,0,-0.2226,0.7774,4,0,0,0,0,7,4
TX_000463,USR_0213,403.99,TRANSFER,2026-07-24 07:46:31,MERCH_217,DEV_0215,"Hyderabad, IN",859,175,394.94,1,1,0,2,1,0,0.0229,1.0229,2,0,1,0,0,7,4
TX_000464,USR_0188,389.33,TRANSFER,2026-07-24 07:56:17,MERCH_013,DEV_0101,"Chennai, IN",59,231,311.73,0,1,1,4,1,0,0.2489,1.2489,4,0,0,0,0,7,4
TX_000465,USR_0330,507.4,PURCHASE,2026-07-24 07:59:09,MERCH_090,DEV_0119,"Pune, IN",470,151,342.47,0,0,1,2,1,0,0.4816,1.4816,2,1,0,0,0,7,4
TX_000466,USR_0259,156.32,WITHDRAWAL,2026-07-24 08:03:27,MERCH_188,DEV_0467,"Hyderabad, IN",1066,43,248.07,1,0,1,2,1,0,-0.3699,0.6301,2,1,0,0,0,8,4
TX_000467,USR_0339,134.3,PURCHASE,2026-07-24 08:10:20,MERCH_135,DEV_0330,"Hyderabad, IN",1441,169,393.22,0,1,1,3,1,0,-0.6585,0.3415,3,0,0,0,0,8,4
TX_000468,USR_0531,2254.52,WITHDRAWAL,2026-07-24 08:29:52,MERCH_065,DEV_0090,"Ahmedabad, IN",1477,19,1037.07,0,1,0,4,1,0,1.1739,2.1739,4,0,1,0,0,8,4
TX_000469,USR_0403,176.78,PURCHASE,2026-07-24 08:39:07,MERCH_132,DEV_0463,"Delhi, IN",806,78,144.66,0,1,1,4,1,0,0.222,1.222,4,0,0,0,0,8,4
TX_000470,USR_0285,298.44,PURCHASE,2026-07-24 08:52:40,MERCH_217,DEV_0148,"Hyderabad, IN",392,229,583.54,0,1,1,3,0,0,-0.4886,0.5114,3,0,0,0,1,8,4
TX_000471,USR_0568,1443.5,TRANSFER,2026-07-24 08:57:47,MERCH_056,DEV_0014,"Hyderabad, IN",720,200,1266.89,2,1,1,3,1,0,0.1394,1.1394,3,0,0,0,0,8,4
TX_000472,USR_0012,1542.06,WITHDRAWAL,2026-07-24 09:14:00,MERCH_187,DEV_0120,"Lagos, NG",698,225,392.23,1,0,1,7,0,1,2.9315,3.9315,7,1,0,0,1,9,4
TX_000473,USR_0436,885.84,PURCHASE,2026-07-24 09:15:27,MERCH_184,DEV_0404,"Hyderabad, IN",600,88,302.65,0,0,1,5,1,0,1.9269,2.9269,5,1,0,0,0,9,4
TX_000474,USR_0063,1007.59,PURCHASE,2026-07-24 09:39:36,MERCH_222,DEV_0859,"Bengaluru, IN",546,171,900.02,0,1,1,1,1,0,0.1195,1.1195,1,0,0,0,0,9,4
TX_000475,USR_0272,407.44,WITHDRAWAL,2026-07-24 09:45:16,MERCH_075,DEV_0218,"Bengaluru, IN",1303,175,215.1,0,1,1,2,0,0,0.8942,1.8942,2,0,0,0,1,9,4
TX_000476,USR_0184,191.71,PAYMENT,2026-07-24 10:34:34,MERCH_054,DEV_0257,"Pune, IN",589,62,442.41,0,1,1,2,1,0,-0.5667,0.4333,2,0,0,0,0,10,4
TX_000477,USR_0006,191.72,WITHDRAWAL,2026-07-24 10:46:31,MERCH_137,DEV_0219,"Chennai, IN",50,235,206.31,0,1,0,3,1,0,-0.0707,0.9293,3,0,1,0,0,10,4
TX_000478,USR_0030,84.68,PAYMENT,2026-07-24 10:49:31,MERCH_133,DEV_0320,"Kolkata, IN",1084,242,110.68,0,1,0,5,1,0,-0.2349,0.7651,5,0,1,0,0,10,4
TX_000479,USR_0305,477.2,PAYMENT,2026-07-24 11:00:39,MERCH_103,DEV_0646,"Mumbai, IN",999,28,401.52,0,0,1,2,1,0,0.1885,1.1885,2,1,0,0,0,11,4
TX_000480,USR_0514,472.94,PURCHASE,2026-07-24 11:35:32,MERCH_195,DEV_0290,"Hyderabad, IN",571,191,174.46,0,0,0,3,1,0,1.7109,2.7109,3,1,1,0,0,11,4
TX_000481,USR_0282,499.16,PURCHASE,2026-07-24 11:39:59,MERCH_200,DEV_0592,"Chennai, IN",947,112,446.08,0,1,0,3,1,0,0.119,1.119,3,0,1,0,0,11,4
TX_000482,USR_0035,537.01,PAYMENT,2026-07-24 11:52:48,MERCH_062,DEV_0809,"Ahmedabad, IN",1412,168,1038.49,1,1,1,4,1,0,-0.4829,0.5171,4,0,0,0,0,11,4
TX_000483,USR_0302,756.5,PAYMENT,2026-07-24 12:06:56,MERCH_199,DEV_0852,"Pune, IN",1387,139,1807.93,0,1,0,4,1,0,-0.5816,0.4184,4,0,1,0,0,12,4
TX_000484,USR_0376,1338.3,PAYMENT,2026-07-24 12:35:52,MERCH_058,DEV_0507,"Bengaluru, IN",1185,56,482.7,0,0,1,4,1,0,1.7725,2.7725,4,1,0,0,0,12,4
TX_000485,USR_0371,1283.86,WITHDRAWAL,2026-07-24 13:03:47,MERCH_102,DEV_0642,"Hyderabad, IN",877,24,966.48,0,1,1,5,1,0,0.3284,1.3284,5,0,0,0,0,13,4
TX_000486,USR_0001,772.56,PURCHASE,2026-07-24 13:07:46,MERCH_007,DEV_0828,"Hyderabad, IN",48,128,606.96,0,1,1,5,1,0,0.2728,1.2728,5,0,0,0,0,13,4
TX_000487,USR_0549,256.85,PAYMENT,2026-07-24 14:12:08,MERCH_086,DEV_0709,"Kolkata, IN",771,209,337.62,0,1,1,2,1,0,-0.2392,0.7608,2,0,0,0,0,14,4
TX_000488,USR_0157,120.28,PAYMENT,2026-07-24 14:17:44,MERCH_240,DEV_0270,"Mumbai, IN",1229,205,106.24,0,1,0,2,1,0,0.1322,1.1322,2,0,1,0,0,14,4
TX_000489,USR_0477,763.26,TRANSFER,2026-07-24 14:47:32,MERCH_111,DEV_0119,"Hyderabad, IN",1268,69,1524.04,1,1,1,3,1,0,-0.4992,0.5008,3,0,0,0,0,14,4
TX_000490,USR_0105,250.66,PAYMENT,2026-07-24 14:58:17,MERCH_178,DEV_0104,"Mumbai, IN",1160,215,204.88,0,1,1,2,1,0,0.2234,1.2234,2,0,0,0,0,14,4
TX_000491,USR_0145,562.65,TRANSFER,2026-07-24 15:04:08,MERCH_027,DEV_0794,"Kolkata, IN",1479,89,1269.43,0,1,1,1,1,0,-0.5568,0.4432,1,0,0,0,0,15,4
TX_000492,USR_0035,506.9,PAYMENT,2026-07-24 15:17:48,MERCH_159,DEV_0501,"Delhi, IN",778,140,673.07,1,1,0,4,1,0,-0.2469,0.7531,4,0,1,0,0,15,4
TX_000493,USR_0392,135.55,PURCHASE,2026-07-24 15:26:58,MERCH_093,DEV_0267,"Ahmedabad, IN",170,81,216.42,1,1,1,5,1,0,-0.3737,0.6263,5,0,0,0,0,15,4
TX_000494,USR_0543,65.1,PAYMENT,2026-07-24 15:35:23,MERCH_186,DEV_0311,"Chennai, IN",748,131,568.64,0,1,1,3,1,0,-0.8855,0.1145,3,0,0,0,0,15,4
TX_000495,USR_0449,1691.77,PURCHASE,2026-07-24 15:45:51,MERCH_233,DEV_0254,"Ahmedabad, IN",482,132,2228.16,0,1,1,3,1,0,-0.2407,0.7593,3,0,0,0,0,15,4
TX_000496,USR_0508,755.0,PURCHASE,2026-07-24 15:57:55,MERCH_133,DEV_0722,"Bengaluru, IN",1254,174,1423.66,0,0,1,2,1,0,-0.4697,0.5303,2,1,0,0,0,15,4
TX_000497,USR_0550,254.16,PURCHASE,2026-07-24 16:07:00,MERCH_026,DEV_0552,"Chennai, IN",1167,118,306.35,0,1,0,4,1,0,-0.1704,0.8296,4,0,1,0,0,16,4
TX_000498,USR_0116,251.23,PURCHASE,2026-07-24 16:35:29,MERCH_120,DEV_0792,"Delhi, IN",641,132,263.82,0,1,0,1,1,0,-0.0477,0.9523,1,0,1,0,0,16,4
TX_000499,USR_0051,1456.15,PURCHASE,2026-07-24 17:02:03,MERCH_031,DEV_0272,"Kolkata, IN",586,163,485.12,0,1,1,3,1,0,2.0016,3.0016,3,0,0,0,0,17,4
TX_000500,USR_0569,460.9,PAYMENT,2026-07-24 17:45:01,MERCH_113,DEV_0426,"Bengaluru, IN",245,105,397.47,0,1,1,4,1,0,0.1596,1.1596,4,0,0,0,0,17,4
TX_000501,USR_0127,1307.96,TRANSFER,2026-07-24 18:21:34,MERCH_016,DEV_0110,"Bengaluru, IN",71,131,1106.6,0,1,0,2,1,0,0.182,1.182,2,0,1,0,0,18,4
TX_000502,USR_0501,1028.74,PAYMENT,2026-07-24 18:39:30,MERCH_161,DEV_0875,"Bengaluru, IN",474,22,783.63,0,1,1,1,1,0,0.3128,1.3128,1,0,0,0,0,18,4
TX_000503,USR_0167,212.04,PURCHASE,2026-07-24 19:19:11,MERCH_078,DEV_0461,"Ahmedabad, IN",366,217,126.48,0,1,1,3,1,0,0.6765,1.6765,3,0,0,0,0,19,4
TX_000504,USR_0172,811.21,PURCHASE,2026-07-24 21:10:36,MERCH_051,DEV_0498,"Ahmedabad, IN",402,32,634.76,0,1,1,3,1,0,0.278,1.278,3,0,0,0,0,21,4
TX_000505,USR_0274,449.46,WITHDRAWAL,2026-07-24 21:28:41,MERCH_005,DEV_0373,"Hyderabad, IN",1497,218,393.44,0,1,1,2,1,0,0.1424,1.1424,2,0,0,0,0,21,4
TX_000506,USR_0311,698.82,TRANSFER,2026-07-24 22:15:42,MERCH_223,DEV_0244,"Delhi, IN",1023,190,462.7,1,1,1,4,0,0,0.5103,1.5103,4,0,0,0,1,22,4
TX_000507,USR_0030,106.55,PURCHASE,2026-07-24 22:29:19,MERCH_210,DEV_0854,"Chennai, IN",830,236,542.37,0,1,1,2,1,0,-0.8035,0.1965,2,0,0,0,0,22,4
TX_000508,USR_0542,4089.51,WITHDRAWAL,2026-07-24 23:11:08,MERCH_203,DEV_0441,"Ahmedabad, IN",274,7,1105.77,0,1,1,3,1,0,2.6983,3.6983,3,0,0,0,0,23,4
TX_000509,USR_0004,2504.67,WITHDRAWAL,2026-07-24 23:57:21,MERCH_015,DEV_0608,"Delhi, IN",1262,55,936.91,0,1,1,2,1,0,1.6733,2.6733,2,0,0,0,0,23,4
TX_000510,USR_0155,280.92,TRANSFER,2026-07-25 00:11:16,MERCH_088,DEV_0034,"Kolkata, IN",969,14,256.45,0,1,1,5,1,0,0.0954,1.0954,5,0,0,1,0,0,5
TX_000511,USR_0062,163.5,PAYMENT,2026-07-25 00:32:06,MERCH_243,DEV_0249,"Kolkata, IN",775,104,430.65,0,1,1,8,1,0,-0.6203,0.3797,8,0,0,1,0,0,5
TX_000512,USR_0434,671.54,TRANSFER,2026-07-25 00:59:40,MERCH_145,DEV_0724,"Chennai, IN",702,226,321.45,1,1,1,3,1,0,1.0891,2.0891,3,0,0,1,0,0,5
TX_000513,USR_0143,77.24,TRANSFER,2026-07-25 01:49:41,MERCH_033,DEV_0080,"Pune, IN",831,191,127.47,1,1,1,2,1,0,-0.3941,0.6059,2,0,0,1,0,1,5
TX_000514,USR_0504,557.92,PURCHASE,2026-07-25 02:28:51,MERCH_036,DEV_0092,"Hyderabad, IN",1260,176,414.56,1,1,0,1,1,0,0.3458,1.3458,1,0,1,1,0,2,5
TX_000515,USR_0411,741.69,PURCHASE,2026-07-25 02:37:46,MERCH_066,DEV_0729,"Mumbai, IN",1082,212,1795.1,0,1,1,2,1,0,-0.5868,0.4132,2,0,0,1,0,2,5
TX_000516,USR_0339,503.89,PURCHASE,2026-07-25 02:48:39,MERCH_244,DEV_0278,"Kolkata, IN",731,2,124.61,0,1,1,2,1,0,3.0437,4.0437,2,0,0,1,0,2,5
TX_000517,USR_0583,164.64,WITHDRAWAL,2026-07-25 03:24:44,MERCH_043,DEV_0247,"Bengaluru, IN",1003,197,441.95,0,1,1,5,1,0,-0.6275,0.3725,5,0,0,1,0,3,5
TX_000518,USR_0087,429.23,TRANSFER,2026-07-25 03:47:32,MERCH_226,DEV_0509,"Chennai, IN",1395,78,431.45,0,1,1,4,0,0,-0.0051,0.9949,4,0,0,1,1,3,5
TX_000519,USR_0476,133.71,PURCHASE,2026-07-25 03:59:40,MERCH_170,DEV_0176,"Kolkata, IN",494,173,558.39,0,1,0,7,1,0,-0.7605,0.2395,7,0,1,1,0,3,5
TX_000520,USR_0087,202.43,TRANSFER,2026-07-25 04:58:44,MERCH_231,DEV_0039,"Chennai, IN",1351,191,218.59,2,1,1,1,1,0,-0.0739,0.9261,1,0,0,1,0,4,5
TX_000521,USR_0091,111.49,PURCHASE,2026-07-25 05:07:53,MERCH_207,DEV_0005,"Ahmedabad, IN",912,171,154.53,1,1,1,2,1,0,-0.2785,0.7215,2,0,0,1,0,5,5
TX_000522,USR_0325,318.77,PURCHASE,2026-07-25 05:34:22,MERCH_084,DEV_0072,"Kolkata, IN",283,104,160.02,0,0,1,1,0,0,0.9921,1.9921,1,1,0,1,1,5,5
TX_000523,USR_0123,880.91,PAYMENT,2026-07-25 06:32:06,MERCH_207,DEV_0143,"Hyderabad, IN",1450,153,1221.03,1,1,1,3,1,0,-0.2786,0.7214,3,0,0,0,0,6,5
TX_000524,USR_0031,429.37,PURCHASE,2026-07-25 07:09:28,MERCH_043,DEV_0627,"Chennai, IN",1031,117,215.34,0,1,1,3,1,0,0.9939,1.9939,3,0,0,0,0,7,5
TX_000525,USR_0369,151.24,PURCHASE,2026-07-25 07:19:28,MERCH_073,DEV_0269,"Pune, IN",583,157,309.38,0,1,1,1,1,0,-0.5112,0.4888,1,0,0,0,0,7,5
TX_000526,USR_0159,1727.53,PURCHASE,2026-07-25 07:54:26,MERCH_053,DEV_0065,"Pune, IN",327,115,2181.4,0,1,1,4,1,0,-0.2081,0.7919,4,0,0,0,0,7,5
TX_000527,USR_0398,208.16,PURCHASE,2026-07-25 08:25:01,MERCH_034,DEV_0013,"Chennai, IN",1374,99,259.45,1,1,0,4,1,0,-0.1977,0.8023,4,0,1,0,0,8,5
TX_000528,USR_0001,763.7,TRANSFER,2026-07-25 09:24:13,MERCH_023,DEV_0430,"Delhi, IN",1236,51,581.75,0,1,0,2,1,0,0.3128,1.3128,2,0,1,0,0,9,5
TX_000529,USR_0002,1207.79,PAYMENT,2026-07-25 09:33:52,MERCH_047,DEV_0757,"Mumbai, IN",73,97,999.35,0,1,1,4,1,0,0.2086,1.2086,4,0,0,0,0,9,5
TX_000530,USR_0057,1466.28,TRANSFER,2026-07-25 09:35:26,MERCH_031,DEV_0305,"Mumbai, IN",956,180,963.95,0,1,1,3,1,0,0.5211,1.5211,3,0,0,0,0,9,5
TX_000531,USR_0107,187.54,TRANSFER,2026-07-25 10:03:26,MERCH_096,DEV_0058,"Hyderabad, IN",178,217,165.76,0,1,1,2,1,0,0.1314,1.1314,2,0,0,0,0,10,5
TX_000532,USR_0288,385.33,PURCHASE,2026-07-25 10:18:37,MERCH_018,DEV_0206,"Kolkata, IN",446,26,263.55,1,1,1,4,1,0,0.4621,1.4621,4,0,0,0,0,10,5
TX_000533,USR_0267,299.59,TRANSFER,2026-07-25 10:32:31,MERCH_016,DEV_0450,"Pune, IN",855,46,564.55,1,1,1,3,1,0,-0.4693,0.5307,3,0,0,0,0,10,5
TX_000534,USR_0310,2341.93,PURCHASE,2026-07-25 11:07:26,MERCH_248,DEV_0170,"Mumbai, IN",378,127,1912.2,0,1,1,3,1,0,0.2247,1.2247,3,0,0,0,0,11,5
TX_000535,USR_0201,687.77,PURCHASE,2026-07-25 11:13:31,MERCH_022,DEV_0881,"Bengaluru, IN",772,175,254.2,0,1,1,4,1,0,1.7056,2.7056,4,0,0,0,0,11,5
TX_000536,USR_0513,99.19,PAYMENT,2026-07-25 11:21:19,MERCH_019,DEV_0688,"Chennai, IN",648,43,310.77,0,1,1,4,1,0,-0.6808,0.3192,4,0,0,0,0,11,5
TX_000537,USR_0231,805.76,PURCHASE,2026-07-25 11:32:41,MERCH_008,DEV_0311,"Kolkata, IN",875,81,616.42,1,1,1,3,1,0,0.3072,1.3072,3,0,0,0,0,11,5
TX_000538,USR_0222,1057.74,PURCHASE,2026-07-25 12:16:01,MERCH_034,DEV_0857,"Ahmedabad, IN",1202,12,716.22,0,1,1,4,1,0,0.4768,1.4768,4,0,0,0,0,12,5
TX_000539,USR_0016,1843.1,PURCHASE,2026-07-25 13:01:05,MERCH_132,DEV_0293,"Mumbai, IN",238,14,749.52,1,0,0,6,1,0,1.459,2.459,6,1,1,0,0,13,5
TX_000540,USR_0093,363.74,WITHDRAWAL,2026-07-25 13:13:25,MERCH_207,DEV_0127,"Delhi, IN",1195,36,238.53,0,1,1,5,1,0,0.5249,1.5249,5,0,0,0,0,13,5
TX_000541,USR_0354,306.56,PURCHASE,2026-07-25 13:30:08,MERCH_184,DEV_0845,"Chennai, IN",338,182,301.93,0,1,0,2,1,0,0.0153,1.0153,2,0,1,0,0,13,5
TX_000542,USR_0002,665.42,PURCHASE,2026-07-25 13:34:49,MERCH_146,DEV_0864,"Chennai, IN",56,217,528.94,1,1,1,4,1,0,0.258,1.258,4,0,0,0,0,13,5
TX_000543,USR_0190,684.17,WITHDRAWAL,2026-07-25 14:01:09,MERCH_022,DEV_0282,"Mumbai, IN",673,125,1159.77,0,1,1,2,1,0,-0.4101,0.5899,2,0,0,0,0,14,5
TX_000544,USR_0255,278.16,PURCHASE,2026-07-25 15:15:52,MERCH_194,DEV_0536,"Kolkata, IN",458,44,376.3,0,1,1,2,1,0,-0.2608,0.7392,2,0,0,0,0,15,5
TX_000545,USR_0503,176.68,PAYMENT,2026-07-25 15:21:37,MERCH_010,DEV_0156,"Pune, IN",282,230,442.54,0,0,0,5,1,0,-0.6008,0.3992,5,1,1,0,0,15,5
TX_000546,USR_0420,2113.67,PURCHASE,2026-07-25 16:00:43,MERCH_158,DEV_0578,"Lagos, NG",638,70,208.47,0,1,1,1,1,1,9.139,10.139,1,0,0,0,0,16,5
TX_000547,USR_0027,2319.88,TRANSFER,2026-07-25 16:23:22,MERCH_103,DEV_0622,"Hyderabad, IN",1304,39,1820.14,0,1,1,3,1,0,0.2746,1.2746,3,0,0,0,0,16,5
TX_000548,USR_0284,264.93,PAYMENT,2026-07-25 16:40:27,MERCH_221,DEV_0639,"Pune, IN",881,35,505.2,0,1,1,2,1,0,-0.4756,0.5244,2,0,0,0,0,16,5
TX_000549,USR_0065,1145.9,PURCHASE,2026-07-25 17:39:06,MERCH_077,DEV_0512,"Mumbai, IN",1093,88,1009.86,0,1,1,3,1,0,0.1347,1.1347,3,0,0,0,0,17,5
TX_000550,USR_0340,930.05,TRANSFER,2026-07-25 18:17:36,MERCH_160,DEV_0634,"Kolkata, IN",230,184,460.2,0,1,1,3,1,0,1.021,2.021,3,0,0,0,0,18,5
TX_000551,USR_0326,3873.91,WITHDRAWAL,2026-07-25 18:52:16,MERCH_110,DEV_0500,Unknown Proxy,120,99,479.72,0,0,1,8,0,1,7.0754,8.0754,8,1,0,0,1,18,5
TX_000552,USR_0027,76.02,WITHDRAWAL,2026-07-25 19:02:11,MERCH_131,DEV_0738,"Chennai, IN",507,111,146.06,0,0,1,1,1,0,-0.4795,0.5205,1,1,0,0,0,19,5
TX_000553,USR_0556,11.12,PAYMENT,2026-07-25 19:28:46,MERCH_235,DEV_0162,"Chennai, IN",1163,85,89.67,0,1,0,4,1,0,-0.876,0.124,4,0,1,0,0,19,5
TX_000554,USR_0233,1415.42,TRANSFER,2026-07-25 20:48:42,MERCH_179,DEV_0436,"Bengaluru, IN",1329,235,1150.76,1,1,1,1,1,0,0.23,1.23,1,0,0,0,0,20,5
TX_000555,USR_0157,255.02,PAYMENT,2026-07-25 21:17:39,MERCH_104,DEV_0375,"Chennai, IN",158,171,477.13,0,1,1,3,1,0,-0.4655,0.5345,3,0,0,0,0,21,5
TX_000556,USR_0536,748.88,TRANSFER,2026-07-25 21:48:51,MERCH_112,DEV_0481,"Ahmedabad, IN",718,166,525.35,1,1,1,1,1,0,0.4255,1.4255,1,0,0,0,0,21,5
TX_000557,USR_0468,311.11,TRANSFER,2026-07-25 23:07:40,MERCH_177,DEV_0128,"Hyderabad, IN",598,109,176.35,0,1,0,1,1,0,0.7642,1.7642,1,0,1,0,0,23,5
TX_000558,USR_0348,448.45,PURCHASE,2026-07-25 23:30:14,MERCH_087,DEV_0292,"Bengaluru, IN",1118,133,228.59,1,1,1,2,0,0,0.9618,1.9618,2,0,0,0,1,23,5
TX_000559,USR_0312,2951.46,TRANSFER,2026-07-25 23:43:19,MERCH_042,DEV_0859,"Hyderabad, IN",313,221,998.22,0,1,1,4,1,0,1.9567,2.9567,4,0,0,0,0,23,5
TX_000560,USR_0501,3526.24,PAYMENT,2026-07-25 23:46:48,MERCH_117,DEV_0095,"Delhi, IN",730,164,1659.64,1,1,1,3,1,0,1.1247,2.1247,3,0,0,0,0,23,5
TX_000561,USR_0047,837.56,TRANSFER,2026-07-26 00:51:56,MERCH_018,DEV_0572,"Bengaluru, IN",1275,203,282.39,0,1,1,1,1,0,1.966,2.966,1,0,0,1,0,0,6
TX_000562,USR_0376,1735.85,PURCHASE,2026-07-26 01:09:42,MERCH_043,DEV_0599,"Chennai, IN",701,11,744.61,0,1,0,1,1,0,1.3312,2.3312,1,0,1,1,0,1,6
TX_000563,USR_0432,3207.38,WITHDRAWAL,2026-07-26 01:15:32,MERCH_106,DEV_0428,"Lagos, NG",1173,215,518.93,0,0,1,7,0,1,5.1808,6.1808,7,1,0,1,1,1,6
TX_000564,USR_0481,380.81,WITHDRAWAL,2026-07-26 01:22:24,MERCH_200,DEV_0031,"Hyderabad, IN",935,237,411.11,0,1,0,2,0,0,-0.0737,0.9263,2,0,1,1,1,1,6
TX_000565,USR_0087,742.6,PAYMENT,2026-07-26 03:50:46,MERCH_196,DEV_0031,Unknown Proxy,898,167,1804.82,0,0,0,3,1,1,-0.5885,0.4115,3,1,1,1,0,3,6
TX_000566,USR_0236,1529.7,PURCHASE,2026-07-26 04:53:07,MERCH_066,DEV_0249,"Pune, IN",394,239,320.33,1,1,1,2,1,0,3.7754,4.7754,2,0,0,1,0,4,6
TX_000567,USR_0416,1130.82,PURCHASE,2026-07-26 05:36:43,MERCH_106,DEV_0093,"Hyderabad, IN",1488,142,1141.14,1,1,1,3,1,0,-0.009,0.991,3,0,0,1,0,5,6
TX_000568,USR_0314,1266.45,PURCHASE,2026-07-26 06:02:43,MERCH_039,DEV_0085,"Chennai, IN",379,69,599.03,0,1,0,1,1,0,1.1142,2.1142,1,0,1,0,0,6,6
TX_000569,USR_0144,295.57,PURCHASE,2026-07-26 06:18:39,MERCH_189,DEV_0145,"Chennai, IN",1396,151,444.34,1,1,1,3,1,0,-0.3348,0.6652,3,0,0,0,0,6,6
TX_000570,USR_0427,2241.3,PAYMENT,2026-07-26 06:31:10,MERCH_062,DEV_0172,"Mumbai, IN",1484,157,1259.24,0,1,1,4,1,0,0.7799,1.7799,4,0,0,0,0,6,6
TX_000571,USR_0478,108.59,PURCHASE,2026-07-26 07:46:29,MERCH_200,DEV_0755,"Hyderabad, IN",770,37,559.39,1,1,1,2,1,0,-0.8059,0.1941,2,0,0,0,0,7,6
TX_000572,USR_0419,3583.6,TRANSFER,2026-07-26 08:04:54,MERCH_211,DEV_0575,"Singapore, SG",1304,51,418.6,0,0,1,7,0,1,7.5609,8.5609,7,1,0,0,1,8,6
TX_000573,USR_0095,1129.88,PURCHASE,2026-07-26 04:34:00,MERCH_173,DEV_0028,"Moscow, RU",1074,73,1266.27,1,1,1,7,0,1,-0.1077,0.8923,7,0,0,1,1,4,6
TX_000574,USR_0391,1475.7,PURCHASE,2026-07-26 09:05:26,MERCH_083,DEV_0566,"Chennai, IN",1108,137,1148.48,0,1,1,4,1,0,0.2849,1.2849,4,0,0,0,0,9,6
TX_000575,USR_0083,2116.53,PAYMENT,2026-07-26 09:39:31,MERCH_239,DEV_0124,"Kolkata, IN",109,37,1108.45,0,1,1,4,1,0,0.9095,1.9095,4,0,0,0,0,9,6
TX_000576,USR_0407,11.38,PURCHASE,2026-07-26 09:43:58,MERCH_172,DEV_0379,"Hyderabad, IN",211,192,24.37,0,1,1,4,1,0,-0.533,0.467,4,0,0,0,0,9,6
TX_000577,USR_0572,914.49,PURCHASE,2026-07-26 09:44:16,MERCH_162,DEV_0035,"Kolkata, IN",110,28,626.02,0,1,1,3,1,0,0.4608,1.4608,3,0,0,0,0,9,6
TX_000578,USR_0027,1113.95,PURCHASE,2026-07-26 10:20:54,MERCH_215,DEV_0082,"Hyderabad, IN",52,235,527.6,0,1,1,4,1,0,1.1114,2.1114,4,0,0,0,0,10,6
TX_000579,USR_0085,1915.92,PAYMENT,2026-07-26 10:31:32,MERCH_221,DEV_0120,"Chennai, IN",1255,169,438.39,0,0,1,1,1,0,3.3704,4.3704,1,1,0,0,0,10,6
TX_000580,USR_0578,1070.52,PAYMENT,2026-07-26 10:41:44,MERCH_020,DEV_0391,"Hyderabad, IN",268,85,710.94,1,1,1,2,1,0,0.5058,1.5058,2,0,0,0,0,10,6
TX_000581,USR_0295,386.06,PURCHASE,2026-07-26 12:16:40,MERCH_221,DEV_0417,"Hyderabad, IN",16,93,547.12,0,0,1,1,1,0,-0.2944,0.7056,1,1,0,0,0,12,6
TX_000582,USR_0514,6882.36,TRANSFER,2026-07-26 12:19:39,MERCH_192,DEV_0318,"Moscow, RU",1407,173,748.15,0,1,1,7,1,1,8.1992,9.1992,7,0,0,0,0,12,6
TX_000583,USR_0577,1149.7,PURCHASE,2026-07-26 12:22:07,MERCH_052,DEV_0559,"Chennai, IN",423,23,368.07,0,1,1,6,1,0,2.1236,3.1236,6,0,0,0,0,12,6
TX_000584,USR_0559,2126.34,TRANSFER,2026-07-26 12:38:40,MERCH_077,DEV_0649,"Mumbai, IN",1225,179,1384.21,0,0,1,2,1,0,0.5361,1.5361,2,1,0,0,0,12,6
TX_000585,USR_0144,756.86,PURCHASE,2026-07-26 12:51:16,MERCH_189,DEV_0656,"Mumbai, IN",1441,138,807.11,0,1,0,2,1,0,-0.0623,0.9377,2,0,1,0,0,12,6
TX_000586,USR_0047,224.36,WITHDRAWAL,2026-07-26 03:03:00,MERCH_055,DEV_0522,"Singapore, SG",787,56,675.97,1,1,1,1,0,1,-0.6681,0.3319,1,0,0,1,1,3,6
TX_000587,USR_0557,338.41,PAYMENT,2026-07-26 13:32:59,MERCH_114,DEV_0492,"Chennai, IN",1390,224,651.66,2,1,0,1,1,0,-0.4807,0.5193,1,0,1,0,0,13,6
TX_000588,USR_0089,1536.96,PURCHASE,2026-07-26 13:52:59,MERCH_173,DEV_0443,"Delhi, IN",1453,157,1071.92,0,1,1,7,1,0,0.4338,1.4338,7,0,0,0,0,13,6
TX_000589,USR_0349,1159.22,PURCHASE,2026-07-26 14:02:23,MERCH_163,DEV_0215,"Ahmedabad, IN",222,41,968.27,0,0,1,2,1,0,0.1972,1.1972,2,1,0,0,0,14,6
TX_000590,USR_0444,111.0,PURCHASE,2026-07-26 15:03:40,MERCH_228,DEV_0439,"Delhi, IN",225,164,413.5,0,1,0,4,1,0,-0.7316,0.2684,4,0,1,0,0,15,6
TX_000591,USR_0562,1357.2,PURCHASE,2026-07-26 15:21:36,MERCH_028,DEV_0010,"Chennai, IN",559,103,945.75,1,1,0,1,1,0,0.4351,1.4351,1,0,1,0,0,15,6
TX_000592,USR_0368,175.97,PURCHASE,2026-07-26 15:30:23,MERCH_074,DEV_0870,"Ahmedabad, IN",841,191,512.75,0,1,0,2,1,0,-0.6568,0.3432,2,0,1,0,0,15,6
TX_000593,USR_0193,4346.16,PURCHASE,2026-07-26 16:20:29,MERCH_247,DEV_0334,"Ahmedabad, IN",1180,123,1894.94,2,1,0,4,1,0,1.2936,2.2936,4,0,1,0,0,16,6
TX_000594,USR_0180,1116.67,PAYMENT,2026-07-26 16:34:02,MERCH_143,DEV_0681,"Delhi, IN",280,249,1025.1,1,1,0,2,1,0,0.0893,1.0893,2,0,1,0,0,16,6
TX_000595,USR_0529,198.11,PURCHASE,2026-07-26 17:00:22,MERCH_063,DEV_0862,"Bengaluru, IN",295,231,281.47,0,1,1,2,1,0,-0.2962,0.7038,2,0,0,0,0,17,6
TX_000596,USR_0479,4679.19,PAYMENT,2026-07-26 17:00:27,MERCH_073,DEV_0448,"Delhi, IN",464,11,2584.48,0,1,1,4,1,0,0.8105,1.8105,4,0,0,0,0,17,6
TX_000597,USR_0398,111.33,PURCHASE,2026-07-26 17:11:56,MERCH_085,DEV_0776,"Mumbai, IN",412,103,93.01,0,1,1,3,1,0,0.197,1.197,3,0,0,0,0,17,6
TX_000598,USR_0386,1633.47,PURCHASE,2026-07-26 17:30:37,MERCH_139,DEV_0432,"Delhi, IN",1410,51,725.79,0,1,1,2,1,0,1.2506,2.2506,2,0,0,0,0,17,6
TX_000599,USR_0209,267.57,PURCHASE,2026-07-26 17:44:07,MERCH_072,DEV_0120,"Bengaluru, IN",598,113,266.95,0,1,1,2,1,0,0.0023,1.0023,2,0,0,0,0,17,6
TX_000600,USR_0532,1921.99,PAYMENT,2026-07-26 19:12:31,MERCH_156,DEV_0024,"Delhi, IN",1303,37,1846.2,0,1,1,5,1,0,0.0411,1.0411,5,0,0,0,0,19,6
TX_000601,USR_0513,429.85,PURCHASE,2026-07-26 19:19:53,MERCH_112,DEV_0123,"Hyderabad, IN",90,134,543.95,1,1,1,5,1,0,-0.2098,0.7902,5,0,0,0,0,19,6
TX_000602,USR_0313,280.01,PURCHASE,2026-07-26 19:20:54,MERCH_153,DEV_0849,"Ahmedabad, IN",158,39,248.12,0,1,0,3,1,0,0.1285,1.1285,3,0,1,0,0,19,6
TX_000603,USR_0486,1056.86,TRANSFER,2026-07-26 19:23:26,MERCH_039,DEV_0428,"Hyderabad, IN",1206,156,368.48,0,1,1,3,1,0,1.8682,2.8682,3,0,0,0,0,19,6
TX_000604,USR_0090,180.73,TRANSFER,2026-07-26 19:36:53,MERCH_156,DEV_0288,"Ahmedabad, IN",379,114,263.43,0,1,1,4,1,0,-0.3139,0.6861,4,0,0,0,0,19,6
TX_000605,USR_0162,518.58,TRANSFER,2026-07-26 19:37:54,MERCH_232,DEV_0402,"Ahmedabad, IN",130,248,357.78,0,1,1,4,1,0,0.4494,1.4494,4,0,0,0,0,19,6
TX_000606,USR_0441,188.76,PURCHASE,2026-07-26 20:15:02,MERCH_034,DEV_0231,"Ahmedabad, IN",894,219,351.69,0,1,1,5,1,0,-0.4633,0.5367,5,0,0,0,0,20,6
TX_000607,USR_0255,63.59,PURCHASE,2026-07-26 20:47:04,MERCH_082,DEV_0784,"Delhi, IN",226,150,256.18,0,1,1,3,1,0,-0.7518,0.2482,3,0,0,0,0,20,6
TX_000608,USR_0468,599.82,WITHDRAWAL,2026-07-26 20:50:18,MERCH_174,DEV_0900,"Kolkata, IN",98,112,551.03,1,1,1,2,1,0,0.0885,1.0885,2,0,0,0,0,20,6
TX_000609,USR_0218,730.28,TRANSFER,2026-07-26 21:19:22,MERCH_155,DEV_0077,"Ahmedabad, IN",613,179,603.45,0,1,0,2,1,0,0.2102,1.2102,2,0,1,0,0,21,6
TX_000610,USR_0174,188.76,TRANSFER,2026-07-26 21:21:59,MERCH_169,DEV_0647,"Kolkata, IN",828,167,213.15,1,1,1,1,1,0,-0.1144,0.8856,1,0,0,0,0,21,6
TX_000611,USR_0042,46.67,PURCHASE,2026-07-26 21:22:40,MERCH_140,DEV_0303,"Kolkata, IN",794,35,129.74,0,1,1,2,1,0,-0.6403,0.3597,2,0,0,0,0,21,6
TX_000612,USR_0004,658.7,PURCHASE,2026-07-26 21:32:56,MERCH_171,DEV_0043,"Delhi, IN",879,94,568.2,1,1,1,5,1,0,0.1593,1.1593,5,0,0,0,0,21,6
TX_000613,USR_0528,5250.38,TRANSFER,2026-07-26 21:43:33,MERCH_153,DEV_0830,Unknown Proxy,42,248,670.61,0,0,1,7,0,1,6.8293,7.8293,7,1,0,0,1,21,6
TX_000614,USR_0236,415.38,TRANSFER,2026-07-26 21:45:09,MERCH_019,DEV_0056,"Bengaluru, IN",441,80,778.14,0,1,1,4,1,0,-0.4662,0.5338,4,0,0,0,0,21,6
TX_000615,USR_0066,268.5,PURCHASE,2026-07-26 23:36:06,MERCH_188,DEV_0186,"Ahmedabad, IN",519,4,680.36,0,0,1,3,1,0,-0.6054,0.3946,3,1,0,0,0,23,6
TX_000616,USR_0325,1181.73,PAYMENT,2026-07-27 00:57:35,MERCH_112,DEV_0023,"Delhi, IN",444,208,1463.79,1,1,1,2,1,0,-0.1927,0.8073,2,0,0,1,0,0,0
TX_000617,USR_0178,1382.23,TRANSFER,2026-07-27 01:44:04,MERCH_013,DEV_0425,"Mumbai, IN",841,233,950.56,1,1,0,5,1,0,0.4541,1.4541,5,0,1,1,0,1,0
TX_000618,USR_0433,4187.86,PURCHASE,2026-07-27 02:05:50,MERCH_103,DEV_0540,"Mumbai, IN",349,164,3358.06,0,1,1,6,1,0,0.2471,1.2471,6,0,0,1,0,2,0
TX_000619,USR_0474,2470.53,PURCHASE,2026-07-27 02:17:20,MERCH_109,DEV_0289,"Kolkata, IN",950,159,4604.24,0,1,1,5,1,0,-0.4634,0.5366,5,0,0,1,0,2,0
TX_000620,USR_0442,125.17,TRANSFER,2026-07-27 02:21:41,MERCH_022,DEV_0065,"Singapore, SG",1403,88,120.38,5,0,1,6,1,1,0.0398,1.0398,6,1,0,1,0,2,0
TX_000621,USR_0359,146.65,PURCHASE,2026-07-27 02:25:50,MERCH_250,DEV_0105,"Pune, IN",993,90,86.61,1,1,1,5,1,0,0.6932,1.6932,5,0,0,1,0,2,0
TX_000622,USR_0460,198.63,TRANSFER,2026-07-27 02:37:07,MERCH_056,DEV_0841,"Mumbai, IN",587,228,447.51,1,1,1,2,1,0,-0.5561,0.4439,2,0,0,1,0,2,0
TX_000623,USR_0564,650.98,TRANSFER,2026-07-27 02:44:47,MERCH_083,DEV_0726,"Chennai, IN",656,214,656.83,0,0,1,2,1,0,-0.0089,0.9911,2,1,0,1,0,2,0
TX_000624,USR_0411,965.93,PURCHASE,2026-07-27 03:55:09,MERCH_111,DEV_0844,"Chennai, IN",880,125,425.1,1,1,1,3,1,0,1.2722,2.2722,3,0,0,1,0,3,0
TX_000625,USR_0512,316.79,PAYMENT,2026-07-27 04:09:51,MERCH_209,DEV_0478,"Chennai, IN",1087,78,762.75,0,1,1,4,1,0,-0.5847,0.4153,4,0,0,1,0,4,0
TX_000626,USR_0465,740.74,PURCHASE,2026-07-27 04:12:16,MERCH_186,DEV_0492,"Bengaluru, IN",457,47,367.44,0,1,1,4,1,0,1.0159,2.0159,4,0,0,1,0,4,0
TX_000627,USR_0179,728.69,PURCHASE,2026-07-27 05:26:40,MERCH_193,DEV_0708,"Ahmedabad, IN",64,3,267.41,1,1,1,2,1,0,1.725,2.725,2,0,0,1,0,5,0
TX_000628,USR_0005,246.57,TRANSFER,2026-07-27 06:01:53,MERCH_060,DEV_0555,"Ahmedabad, IN",1056,121,299.49,0,0,1,1,1,0,-0.1767,0.8233,1,1,0,0,0,6,0
TX_000629,USR_0433,294.76,TRANSFER,2026-07-27 06:17:11,MERCH_212,DEV_0393,"Ahmedabad, IN",994,138,387.27,0,1,1,2,1,0,-0.2389,0.7611,2,0,0,0,0,6,0
TX_000630,USR_0142,1577.17,PURCHASE,2026-07-27 06:22:04,MERCH_208,DEV_0263,"Delhi, IN",158,169,847.15,0,1,1,5,1,0,0.8617,1.8617,5,0,0,0,0,6,0
TX_000631,USR_0468,263.28,TRANSFER,2026-07-27 06:26:37,MERCH_116,DEV_0437,"Bengaluru, IN",942,201,312.37,0,1,1,2,1,0,-0.1572,0.8428,2,0,0,0,0,6,0
TX_000632,USR_0565,74.66,PAYMENT,2026-07-27 06:47:48,MERCH_137,DEV_0058,"Chennai, IN",113,92,362.32,0,1,0,4,1,0,-0.7939,0.2061,4,0,1,0,0,6,0
TX_000633,USR_0050,615.66,WITHDRAWAL,2026-07-27 08:09:38,MERCH_010,DEV_0174,"Hyderabad, IN",967,42,690.15,0,1,0,4,0,0,-0.1079,0.8921,4,0,1,0,1,8,0
TX_000634,USR_0456,500.65,WITHDRAWAL,2026-07-27 02:59:00,MERCH_191,DEV_0664,"Moscow, RU",1118,211,387.67,1,1,1,3,0,1,0.2914,1.2914,3,0,0,1,1,2,0
TX_000635,USR_0280,8053.7,TRANSFER,2026-07-27 08:46:30,MERCH_241,DEV_0782,"Lagos, NG",30,190,1039.8,1,0,1,10,0,1,6.7454,7.7454,10,1,0,0,1,8,0
TX_000636,USR_0286,121.17,PURCHASE,2026-07-27 11:03:44,MERCH_119,DEV_0092,"Bengaluru, IN",1091,133,225.79,0,1,1,3,0,0,-0.4634,0.5366,3,0,0,0,1,11,0
TX_000637,USR_0321,1349.11,TRANSFER,2026-07-27 11:07:56,MERCH_136,DEV_0088,"Singapore, SG",186,10,191.9,0,1,1,4,1,1,6.0303,7.0303,4,0,0,0,0,11,0
TX_000638,USR_0030,1015.07,PURCHASE,2026-07-27 11:45:58,MERCH_125,DEV_0078,"Pune, IN",402,117,565.51,0,1,1,4,1,0,0.795,1.795,4,0,0,0,0,11,0
TX_000639,USR_0372,557.5,WITHDRAWAL,2026-07-27 11:55:23,MERCH_021,DEV_0713,"Hyderabad, IN",1059,155,609.39,0,1,1,2,1,0,-0.0852,0.9148,2,0,0,0,0,11,0
TX_000640,USR_0454,82.83,PURCHASE,2026-07-27 12:34:00,MERCH_155,DEV_0281,"Kolkata, IN",537,214,235.22,1,1,0,2,1,0,-0.6479,0.3521,2,0,1,0,0,12,0
TX_000641,USR_0551,2621.26,PURCHASE,2026-07-27 12:36:28,MERCH_181,DEV_0295,"Pune, IN",1465,127,1232.68,0,1,1,3,1,0,1.1265,2.1265,3,0,0,0,0,12,0
TX_000642,USR_0444,1577.79,PURCHASE,2026-07-27 13:34:59,MERCH_232,DEV_0012,"Mumbai, IN",1436,116,1906.36,1,1,1,2,1,0,-0.1724,0.8276,2,0,0,0,0,13,0
TX_000643,USR_0382,543.29,PURCHASE,2026-07-27 13:49:07,MERCH_233,DEV_0876,"Delhi, IN",1480,95,281.0,0,1,0,2,1,0,0.9334,1.9334,2,0,1,0,0,13,0
TX_000644,USR_0301,527.25,PURCHASE,2026-07-27 14:17:03,MERCH_123,DEV_0391,"Delhi, IN",162,104,1372.96,0,1,1,2,1,0,-0.616,0.384,2,0,0,0,0,14,0
TX_000645,USR_0570,375.79,WITHDRAWAL,2026-07-27 14:18:19,MERCH_240,DEV_0718,"Moscow, RU",270,5,75.39,0,0,0,9,0,1,3.9846,4.9846,9,1,1,0,1,14,0
TX_000646,USR_0025,1336.3,TRANSFER,2026-07-27 14:24:25,MERCH_133,DEV_0637,"Chennai, IN",280,26,1008.61,0,1,1,2,1,0,0.3249,1.3249,2,0,0,0,0,14,0
TX_000647,USR_0077,212.57,PURCHASE,2026-07-27 14:38:16,MERCH_161,DEV_0128,"Kolkata, IN",880,189,236.49,0,1,1,1,1,0,-0.1011,0.8989,1,0,0,0,0,14,0
TX_000648,USR_0055,412.55,PURCHASE,2026-07-27 15:16:12,MERCH_151,DEV_0722,"Hyderabad, IN",649,91,935.71,0,1,1,2,1,0,-0.5591,0.4409,2,0,0,0,0,15,0
TX_000649,USR_0439,44.12,WITHDRAWAL,2026-07-27 16:19:45,MERCH_250,DEV_0496,"Chennai, IN",1120,212,218.83,0,1,1,4,1,0,-0.7984,0.2016,4,0,0,0,0,16,0
TX_000650,USR_0437,1094.45,PURCHASE,2026-07-27 16:31:06,MERCH_185,DEV_0544,"Hyderabad, IN",428,99,427.47,1,0,1,4,1,0,1.5603,2.5603,4,1,0,0,0,16,0
TX_000651,USR_0142,1820.45,WITHDRAWAL,2026-07-27 16:37:20,MERCH_031,DEV_0181,"Moscow, RU",305,249,245.1,0,0,1,6,0,1,6.4274,7.4274,6,1,0,0,1,16,0
TX_000652,USR_0353,778.42,PURCHASE,2026-07-27 17:02:29,MERCH_018,DEV_0763,"Chennai, IN",975,45,383.31,1,1,1,5,1,0,1.0308,2.0308,5,0,0,0,0,17,0
TX_000653,USR_0025,3088.14,TRANSFER,2026-07-27 18:25:11,MERCH_103,DEV_0839,"Kolkata, IN",928,47,1775.24,1,1,1,3,1,0,0.7396,1.7396,3,0,0,0,0,18,0
TX_000654,USR_0122,581.87,PAYMENT,2026-07-27 19:53:53,MERCH_129,DEV_0366,"Mumbai, IN",1038,147,415.01,0,1,1,3,1,0,0.4021,1.4021,3,0,0,0,0,19,0
TX_000655,USR_0308,1691.05,TRANSFER,2026-07-27 19:56:51,MERCH_168,DEV_0084,"Bengaluru, IN",472,200,2190.69,1,1,0,4,1,0,-0.2281,0.7719,4,0,1,0,0,19,0
TX_000656,USR_0236,440.64,PAYMENT,2026-07-27 20:39:26,MERCH_121,DEV_0764,"Kolkata, IN",792,36,336.93,0,1,1,2,1,0,0.3078,1.3078,2,0,0,0,0,20,0
TX_000657,USR_0201,3324.98,PAYMENT,2026-07-27 21:37:52,MERCH_129,DEV_0799,"Chennai, IN",1393,126,1377.56,0,1,1,2,1,0,1.4137,2.4137,2,0,0,0,0,21,0
TX_000658,USR_0279,133.48,PURCHASE,2026-07-27 21:42:32,MERCH_231,DEV_0456,"Pune, IN",919,56,132.95,0,1,1,3,1,0,0.004,1.004,3,0,0,0,0,21,0
TX_000659,USR_0022,1188.54,PURCHASE,2026-07-27 22:06:51,MERCH_084,DEV_0522,"Ahmedabad, IN",1399,184,362.99,0,1,1,4,1,0,2.2743,3.2743,4,0,0,0,0,22,0
TX_000660,USR_0274,108.05,PURCHASE,2026-07-27 23:00:35,MERCH_124,DEV_0201,"Hyderabad, IN",654,140,301.02,0,1,1,7,1,0,-0.6411,0.3589,7,0,0,0,0,23,0
TX_000661,USR_0600,477.25,PURCHASE,2026-07-27 23:10:13,MERCH_140,DEV_0061,"Chennai, IN",73,163,1425.85,0,1,0,3,1,0,-0.6653,0.3347,3,0,1,0,0,23,0
TX_000662,USR_0261,934.89,TRANSFER,2026-07-27 23:12:04,MERCH_118,DEV_0850,"Hyderabad, IN",1142,67,517.07,1,1,1,2,1,0,0.8081,1.8081,2,0,0,0,0,23,0
TX_000663,USR_0494,52.51,PURCHASE,2026-07-27 23:36:55,MERCH_243,DEV_0435,"Ahmedabad, IN",694,72,93.99,1,1,1,6,1,0,-0.4413,0.5587,6,0,0,0,0,23,0
TX_000664,USR_0089,604.75,PURCHASE,2026-07-28 00:03:56,MERCH_241,DEV_0248,"Delhi, IN",69,160,168.45,0,0,0,1,1,0,2.5901,3.5901,1,1,1,1,0,0,1
TX_000665,USR_0450,477.73,PURCHASE,2026-07-28 00:32:48,MERCH_129,DEV_0624,"Delhi, IN",214,88,210.56,0,0,1,2,1,0,1.2689,2.2689,2,1,0,1,0,0,1
TX_000666,USR_0353,2420.46,TRANSFER,2026-07-28 00:57:28,MERCH_113,DEV_0024,"Bengaluru, IN",474,172,906.68,0,1,1,2,1,0,1.6696,2.6696,2,0,0,1,0,0,1
TX_000667,USR_0383,1391.15,TRANSFER,2026-07-28 01:05:48,MERCH_148,DEV_0072,"Pune, IN",292,39,823.04,0,1,0,2,1,0,0.6903,1.6903,2,0,1,1,0,1,1
TX_000668,USR_0563,187.71,PAYMENT,2026-07-28 01:37:46,MERCH_046,DEV_0219,"Chennai, IN",1028,76,359.22,0,0,1,5,1,0,-0.4775,0.5225,5,1,0,1,0,1,1
TX_000669,USR_0148,96.48,PURCHASE,2026-07-28 02:08:05,MERCH_107,DEV_0406,"Ahmedabad, IN",919,26,298.23,1,1,1,5,1,0,-0.6765,0.3235,5,0,0,1,0,2,1
TX_000670,USR_0354,1936.19,PURCHASE,2026-07-28 03:31:40,MERCH_055,DEV_0331,"Hyderabad, IN",499,22,770.11,1,1,1,5,1,0,1.5142,2.5142,5,0,0,1,0,3,1
TX_000671,USR_0185,69.23,PAYMENT,2026-07-28 04:02:30,MERCH_037,DEV_0169,"Pune, IN",133,66,192.89,0,1,0,4,1,0,-0.6411,0.3589,4,0,1,1,0,4,1
TX_000672,USR_0549,1690.33,TRANSFER,2026-07-28 04:05:09,MERCH_024,DEV_0317,"Ahmedabad, IN",124,122,634.29,0,1,0,3,1,0,1.6649,2.6649,3,0,1,1,0,4,1
TX_000673,USR_0469,874.7,TRANSFER,2026-07-28 04:12:08,MERCH_147,DEV_0301,"Ahmedabad, IN",1418,36,595.04,0,1,1,5,0,0,0.47,1.47,5,0,0,1,1,4,1
TX_000674,USR_0507,331.54,PURCHASE,2026-07-28 04:56:46,MERCH_001,DEV_0473,"Chennai, IN",522,24,366.25,1,1,1,3,1,0,-0.0948,0.9052,3,0,0,1,0,4,1
TX_000675,USR_0443,768.81,PURCHASE,2026-07-28 06:03:55,MERCH_162,DEV_0507,"Kolkata, IN",167,219,606.38,0,1,1,4,1,0,0.2679,1.2679,4,0,0,0,0,6,1
TX_000676,USR_0492,625.32,PAYMENT,2026-07-28 06:08:10,MERCH_108,DEV_0795,"Hyderabad, IN",1069,129,485.81,1,1,1,3,1,0,0.2872,1.2872,3,0,0,0,0,6,1
TX_000677,USR_0477,544.98,TRANSFER,2026-07-28 06:16:19,MERCH_092,DEV_0727,"Hyderabad, IN",1305,179,653.48,0,1,0,2,1,0,-0.166,0.834,2,0,1,0,0,6,1
TX_000678,USR_0025,397.57,TRANSFER,2026-07-28 06:24:17,MERCH_193,DEV_0264,"Pune, IN",189,181,165.45,0,1,1,3,0,0,1.403,2.403,3,0,0,0,1,6,1
TX_000679,USR_0354,1676.62,PURCHASE,2026-07-28 06:33:31,MERCH_135,DEV_0813,"Mumbai, IN",1417,26,713.46,0,1,0,3,1,0,1.35,2.35,3,0,1,0,0,6,1
TX_000680,USR_0037,1022.88,PURCHASE,2026-07-28 06:39:34,MERCH_184,DEV_0469,"Pune, IN",1088,155,971.85,1,1,1,5,1,0,0.0525,1.0525,5,0,0,0,0,6,1
TX_000681,USR_0390,368.69,PURCHASE,2026-07-28 07:13:22,MERCH_178,DEV_0169,"Pune, IN",383,215,572.47,0,1,1,2,1,0,-0.356,0.644,2,0,0,0,0,7,1
TX_000682,USR_0493,1570.3,WITHDRAWAL,2026-07-28 07:32:12,MERCH_009,DEV_0307,"Moscow, RU",1164,112,706.38,5,1,1,15,1,1,1.223,2.223,15,0,0,0,0,7,1
TX_000683,USR_0435,105.86,PURCHASE,2026-07-28 07:46:20,MERCH_054,DEV_0668,"Ahmedabad, IN",633,215,414.39,0,1,1,3,1,0,-0.7445,0.2555,3,0,0,0,0,7,1
TX_000684,USR_0107,1114.63,PURCHASE,2026-07-28 08:40:30,MERCH_143,DEV_0740,"Moscow, RU",955,236,878.09,0,0,0,3,1,1,0.2694,1.2694,3,1,1,0,0,8,1
TX_000685,USR_0117,726.99,PURCHASE,2026-07-28 09:35:04,MERCH_244,DEV_0337,"Kolkata, IN",196,137,472.57,1,1,1,2,1,0,0.5384,1.5384,2,0,0,0,0,9,1
TX_000686,USR_0523,105.62,PAYMENT,2026-07-28 09:45:36,MERCH_039,DEV_0142,"Kolkata, IN",371,26,190.24,0,1,0,5,1,0,-0.4448,0.5552,5,0,1,0,0,9,1
TX_000687,USR_0051,1491.25,PURCHASE,2026-07-28 09:50:16,MERCH_027,DEV_0173,"Mumbai, IN",1161,154,832.48,2,1,1,2,1,0,0.7913,1.7913,2,0,0,0,0,9,1
TX_000688,USR_0303,123.53,PURCHASE,2026-07-28 09:54:12,MERCH_236,DEV_0094,"Bengaluru, IN",1209,220,132.11,1,1,1,2,0,0,-0.0649,0.9351,2,0,0,0,1,9,1
TX_000689,USR_0562,2462.92,WITHDRAWAL,2026-07-28 10:11:22,MERCH_242,DEV_0629,"Singapore, SG",23,145,556.31,0,0,1,6,0,1,3.4272,4.4272,6,1,0,0,1,10,1
TX_000690,USR_0374,600.15,WITHDRAWAL,2026-07-28 10:27:55,MERCH_042,DEV_0453,"Ahmedabad, IN",327,200,337.34,0,1,1,6,1,0,0.7791,1.7791,6,0,0,0,0,10,1
TX_000691,USR_0455,2023.66,TRANSFER,2026-07-28 10:53:50,MERCH_101,DEV_0407,"Singapore, SG",914,134,321.55,0,0,1,6,0,1,5.2935,6.2935,6,1,0,0,1,10,1
TX_000692,USR_0570,856.82,PAYMENT,2026-07-28 11:57:15,MERCH_157,DEV_0605,"Hyderabad, IN",1359,105,511.96,1,0,1,4,1,0,0.6736,1.6736,4,1,0,0,0,11,1
TX_000693,USR_0345,69.32,PURCHASE,2026-07-28 12:02:02,MERCH_049,DEV_0746,"Delhi, IN",1013,236,264.35,0,1,1,3,1,0,-0.7378,0.2622,3,0,0,0,0,12,1
TX_000694,USR_0029,756.81,PAYMENT,2026-07-28 12:20:56,MERCH_082,DEV_0716,"Delhi, IN",1062,39,660.77,0,1,1,2,1,0,0.1453,1.1453,2,0,0,0,0,12,1
TX_000695,USR_0157,459.59,PAYMENT,2026-07-28 12:45:13,MERCH_099,DEV_0124,"Chennai, IN",587,112,469.58,1,1,1,3,1,0,-0.0213,0.9787,3,0,0,0,0,12,1
TX_000696,USR_0147,189.71,PURCHASE,2026-07-28 12:52:38,MERCH_161,DEV_0531,"Moscow, RU",88,39,283.24,6,1,1,14,1,1,-0.3302,0.6698,14,0,0,0,0,12,1
TX_000697,USR_0395,1504.38,TRANSFER,2026-07-28 12:55:07,MERCH_078,DEV_0795,"Ahmedabad, IN",1150,164,1227.68,0,1,0,3,0,0,0.2254,1.2254,3,0,1,0,1,12,1
TX_000698,USR_0156,473.95,PURCHASE,2026-07-28 12:56:22,MERCH_104,DEV_0697,"Kolkata, IN",1200,230,524.7,0,1,1,3,1,0,-0.0967,0.9033,3,0,0,0,0,12,1
TX_000699,USR_0252,1363.62,PURCHASE,2026-07-28 13:43:19,MERCH_073,DEV_0297,"Chennai, IN",668,249,722.23,0,0,0,2,1,0,0.8881,1.8881,2,1,1,0,0,13,1
TX_000700,USR_0545,1782.52,PURCHASE,2026-07-28 14:04:00,MERCH_190,DEV_0354,"Bengaluru, IN",763,59,1302.04,0,1,1,3,1,0,0.369,1.369,3,0,0,0,0,14,1
TX_000701,USR_0075,1641.94,PURCHASE,2026-07-28 14:10:04,MERCH_039,DEV_0802,"Bengaluru, IN",357,182,1286.12,0,0,1,4,1,0,0.2767,1.2767,4,1,0,0,0,14,1
TX_000702,USR_0342,799.35,PAYMENT,2026-07-28 14:39:06,MERCH_058,DEV_0030,"Bengaluru, IN",682,218,695.12,0,1,1,3,1,0,0.1499,1.1499,3,0,0,0,0,14,1
TX_000703,USR_0260,250.98,PURCHASE,2026-07-28 15:26:34,MERCH_063,DEV_0473,"Chennai, IN",368,208,358.62,0,1,1,4,1,0,-0.3002,0.6998,4,0,0,0,0,15,1
TX_000704,USR_0452,120.4,TRANSFER,2026-07-28 15:40:13,MERCH_227,DEV_0105,"Bengaluru, IN",634,126,154.0,0,1,0,2,1,0,-0.2182,0.7818,2,0,1,0,0,15,1
TX_000705,USR_0424,587.35,PURCHASE,2026-07-28 15:56:52,MERCH_237,DEV_0806,"Bengaluru, IN",207,44,525.46,0,1,1,3,1,0,0.1178,1.1178,3,0,0,0,0,15,1
TX_000706,USR_0107,869.13,PURCHASE,2026-07-28 16:00:48,MERCH_126,DEV_0035,"Bengaluru, IN",912,115,1022.68,0,1,1,3,1,0,-0.1501,0.8499,3,0,0,0,0,16,1
TX_000707,USR_0244,1149.91,PURCHASE,2026-07-28 16:02:53,MERCH_040,DEV_0022,"Pune, IN",376,194,586.98,1,1,1,2,1,0,0.959,1.959,2,0,0,0,0,16,1
TX_000708,USR_0326,34.35,PURCHASE,2026-07-28 17:39:52,MERCH_190,DEV_0297,"Mumbai, IN",1088,155,33.98,0,1,1,2,1,0,0.0109,1.0109,2,0,0,0,0,17,1
TX_000709,USR_0113,1049.61,TRANSFER,2026-07-28 18:41:57,MERCH_124,DEV_0181,"Ahmedabad, IN",779,97,864.19,0,1,1,4,1,0,0.2146,1.2146,4,0,0,0,0,18,1
TX_000710,USR_0396,345.89,PAYMENT,2026-07-28 18:48:48,MERCH_213,DEV_0446,"Delhi, IN",1344,54,904.94,0,0,1,2,1,0,-0.6178,0.3822,2,1,0,0,0,18,1
TX_000711,USR_0491,630.44,PURCHASE,2026-07-28 19:02:16,MERCH_090,DEV_0270,"Pune, IN",337,163,359.0,0,1,1,2,1,0,0.7561,1.7561,2,0,0,0,0,19,1
TX_000712,USR_0062,615.7,PAYMENT,2026-07-28 20:29:50,MERCH_250,DEV_0321,"Chennai, IN",414,107,944.37,0,1,1,2,1,0,-0.348,0.652,2,0,0,0,0,20,1
TX_000713,USR_0478,348.1,TRANSFER,2026-07-28 22:06:57,MERCH_202,DEV_0509,"Ahmedabad, IN",369,118,720.7,1,1,0,2,1,0,-0.517,0.483,2,0,1,0,0,22,1
TX_000714,USR_0310,746.31,TRANSFER,2026-07-28 23:07:59,MERCH_056,DEV_0505,"Bengaluru, IN",948,234,269.11,0,1,1,1,1,0,1.7733,2.7733,1,0,0,0,0,23,1
TX_000715,USR_0252,1747.91,PURCHASE,2026-07-29 00:03:18,MERCH_182,DEV_0842,"Pune, IN",166,3,1167.62,0,1,0,2,1,0,0.497,1.497,2,0,1,1,0,0,2
TX_000716,USR_0318,312.24,PURCHASE,2026-07-29 01:06:32,MERCH_072,DEV_0433,"Chennai, IN",1031,60,173.93,0,1,1,5,1,0,0.7952,1.7952,5,0,0,1,0,1,2
TX_000717,USR_0494,551.0,PAYMENT,2026-07-29 01:29:16,MERCH_088,DEV_0508,"Delhi, IN",1229,230,431.09,0,1,0,3,1,0,0.2782,1.2782,3,0,1,1,0,1,2
TX_000718,USR_0206,358.15,TRANSFER,2026-07-29 02:17:47,MERCH_063,DEV_0611,"Pune, IN",1014,230,400.01,0,1,1,1,1,0,-0.1046,0.8954,1,0,0,1,0,2,2
TX_000719,USR_0547,192.18,PURCHASE,2026-07-29 02:19:17,MERCH_171,DEV_0157,"Chennai, IN",208,76,242.3,0,1,1,3,1,0,-0.2069,0.7931,3,0,0,1,0,2,2
TX_000720,USR_0512,892.04,WITHDRAWAL,2026-07-29 03:03:03,MERCH_066,DEV_0601,"Pune, IN",743,248,565.15,0,1,1,3,1,0,0.5784,1.5784,3,0,0,1,0,3,2
TX_000721,USR_0332,14196.07,PURCHASE,2026-07-29 03:20:50,MERCH_160,DEV_0776,"Singapore, SG",803,53,1202.34,0,0,1,2,1,1,10.807,11.807,2,1,0,1,0,3,2
TX_000722,USR_0014,1043.92,WITHDRAWAL,2026-07-29 03:41:05,MERCH_146,DEV_0287,"Hyderabad, IN",590,13,1147.17,0,1,1,3,1,0,-0.09,0.91,3,0,0,1,0,3,2
TX_000723,USR_0004,2833.17,PURCHASE,2026-07-29 02:30:00,MERCH_188,DEV_0161,"Lagos, NG",703,77,774.33,2,1,1,2,0,1,2.6589,3.6589,2,0,0,1,1,2,2
TX_000724,USR_0085,105.54,PAYMENT,2026-07-29 04:48:47,MERCH_249,DEV_0312,"Ahmedabad, IN",1145,133,126.13,2,1,0,5,1,0,-0.1632,0.8368,5,0,1,1,0,4,2
TX_000725,USR_0512,63.51,PURCHASE,2026-07-29 04:49:29,MERCH_003,DEV_0248,"Hyderabad, IN",1253,2,165.22,0,1,1,3,1,0,-0.6156,0.3844,3,0,0,1,0,4,2
TX_000726,USR_0062,158.36,PURCHASE,2026-07-29 05:29:08,MERCH_248,DEV_0527,"Bengaluru, IN",454,43,509.73,0,1,1,2,0,0,-0.6893,0.3107,2,0,0,1,1,5,2
TX_000727,USR_0335,139.28,TRANSFER,2026-07-29 06:31:27,MERCH_028,DEV_0778,"Pune, IN",499,197,438.59,0,1,0,1,1,0,-0.6824,0.3176,1,0,1,0,0,6,2
TX_000728,USR_0533,225.14,PURCHASE,2026-07-29 06:35:24,MERCH_132,DEV_0537,"Bengaluru, IN",317,155,309.73,1,1,1,2,1,0,-0.2731,0.7269,2,0,0,0,0,6,2
TX_000729,USR_0126,1536.75,PAYMENT,2026-07-29 06:42:01,MERCH_086,DEV_0113,"Hyderabad, IN",606,151,1878.52,0,1,1,1,1,0,-0.1819,0.8181,1,0,0,0,0,6,2
TX_000730,USR_0051,722.22,TRANSFER,2026-07-29 08:46:33,MERCH_160,DEV_0284,"Kolkata, IN",821,247,487.18,0,1,1,1,1,0,0.4825,1.4825,1,0,0,0,0,8,2
TX_000731,USR_0168,631.1,PURCHASE,2026-07-29 09:08:50,MERCH_181,DEV_0621,"Bengaluru, IN",1072,57,675.91,1,1,1,2,1,0,-0.0663,0.9337,2,0,0,0,0,9,2
TX_000732,USR_0363,1553.65,PURCHASE,2026-07-29 09:19:37,MERCH_215,DEV_0298,"Bengaluru, IN",406,224,944.04,0,1,1,2,1,0,0.6457,1.6457,2,0,0,0,0,9,2
TX_000733,USR_0186,459.28,PAYMENT,2026-07-29 09:29:47,MERCH_101,DEV_0528,"Delhi, IN",329,89,468.94,0,1,1,2,0,0,-0.0206,0.9794,2,0,0,0,1,9,2
TX_000734,USR_0568,3014.94,TRANSFER,2026-07-29 10:00:35,MERCH_234,DEV_0625,"Kolkata, IN",56,231,3141.78,0,1,1,6,1,0,-0.0404,0.9596,6,0,0,0,0,10,2
TX_000735,USR_0269,145.27,PAYMENT,2026-07-29 10:32:27,MERCH_081,DEV_0297,"Ahmedabad, IN",147,196,222.29,0,0,1,3,1,0,-0.3465,0.6535,3,1,0,0,0,10,2
TX_000736,USR_0170,1684.12,TRANSFER,2026-07-29 10:40:11,MERCH_051,DEV_0583,"Moscow, RU",84,54,285.63,0,0,0,10,0,1,4.8962,5.8962,10,1,1,0,1,10,2
TX_000737,USR_0500,78.0,PAYMENT,2026-07-29 11:37:49,MERCH_095,DEV_0359,"Mumbai, IN",316,53,221.88,0,1,1,3,1,0,-0.6485,0.3515,3,0,0,0,0,11,2
TX_000738,USR_0396,1680.91,PURCHASE,2026-07-29 11:43:42,MERCH_133,DEV_0122,"Chennai, IN",1044,136,1452.79,0,1,1,3,1,0,0.157,1.157,3,0,0,0,0,11,2
TX_000739,USR_0506,694.19,TRANSFER,2026-07-29 11:46:19,MERCH_168,DEV_0335,"Kolkata, IN",1162,126,821.24,0,1,1,2,1,0,-0.1547,0.8453,2,0,0,0,0,11,2
TX_000740,USR_0135,473.09,PURCHASE,2026-07-29 13:22:49,MERCH_209,DEV_0397,"Hyderabad, IN",1459,59,299.21,0,1,1,6,1,0,0.5811,1.5811,6,0,0,0,0,13,2
TX_000741,USR_0288,220.92,PURCHASE,2026-07-29 13:38:00,MERCH_057,DEV_0003,"Delhi, IN",820,65,235.41,0,1,0,3,1,0,-0.0616,0.9384,3,0,1,0,0,13,2
TX_000742,USR_0113,1216.25,PAYMENT,2026-07-29 13:53:58,MERCH_076,DEV_0804,"Hyderabad, IN",685,224,1271.45,0,1,1,3,1,0,-0.0434,0.9566,3,0,0,0,0,13,2
TX_000743,USR_0103,472.1,PAYMENT,2026-07-29 14:25:53,MERCH_235,DEV_0476,"Bengaluru, IN",1349,188,590.23,0,1,1,3,1,0,-0.2001,0.7999,3,0,0,0,0,14,2
TX_000744,USR_0025,3049.33,PURCHASE,2026-07-29 14:28:26,MERCH_110,DEV_0033,"Pune, IN",226,48,1296.03,0,1,1,3,1,0,1.3528,2.3528,3,0,0,0,0,14,2
TX_000745,USR_0233,409.81,PAYMENT,2026-07-29 14:44:19,MERCH_061,DEV_0782,"Hyderabad, IN",947,181,430.15,0,1,1,1,1,0,-0.0473,0.9527,1,0,0,0,0,14,2
TX_000746,USR_0053,2260.13,PURCHASE,2026-07-29 14:55:23,MERCH_247,DEV_0770,"Kolkata, IN",1228,39,660.44,0,1,1,2,1,0,2.4222,3.4222,2,0,0,0,0,14,2
TX_000747,USR_0079,639.94,PURCHASE,2026-07-29 15:56:25,MERCH_113,DEV_0011,"Hyderabad, IN",757,111,563.64,0,0,1,3,1,0,0.1354,1.1354,3,1,0,0,0,15,2
TX_000748,USR_0423,271.87,PURCHASE,2026-07-29 16:07:57,MERCH_247,DEV_0147,"Kolkata, IN",397,4,281.79,0,1,1,2,0,0,-0.0352,0.9648,2,0,0,0,1,16,2
TX_000749,USR_0479,349.56,PURCHASE,2026-07-29 16:10:13,MERCH_230,DEV_0328,"Delhi, IN",933,162,403.89,0,0,1,3,1,0,-0.1345,0.8655,3,1,0,0,0,16,2
TX_000750,USR_0301,254.11,PURCHASE,2026-07-29 16:38:13,MERCH_227,DEV_0457,"Chennai, IN",1493,46,185.12,1,1,1,2,1,0,0.3727,1.3727,2,0,0,0,0,16,2
TX_000751,USR_0075,423.0,PURCHASE,2026-07-29 16:46:20,MERCH_146,DEV_0654,"Delhi, IN",359,59,651.86,0,1,1,3,1,0,-0.3511,0.6489,3,0,0,0,0,16,2
TX_000752,USR_0381,832.91,PURCHASE,2026-07-29 16:56:39,MERCH_200,DEV_0382,"Mumbai, IN",847,48,796.47,1,1,0,2,1,0,0.0458,1.0458,2,0,1,0,0,16,2
TX_000753,USR_0261,904.3,TRANSFER,2026-07-29 17:10:58,MERCH_241,DEV_0551,"Pune, IN",82,46,945.65,1,1,1,3,1,0,-0.0437,0.9563,3,0,0,0,0,17,2
TX_000754,USR_0342,871.81,WITHDRAWAL,2026-07-29 17:16:22,MERCH_068,DEV_0010,"Mumbai, IN",354,20,741.86,0,1,0,3,1,0,0.1752,1.1752,3,0,1,0,0,17,2
TX_000755,USR_0188,488.14,TRANSFER,2026-07-29 17:55:47,MERCH_010,DEV_0593,"Hyderabad, IN",1152,139,408.74,1,0,1,2,1,0,0.1943,1.1943,2,1,0,0,0,17,2
TX_000756,USR_0523,1780.27,PURCHASE,2026-07-29 18:08:08,MERCH_081,DEV_0824,"Hyderabad, IN",747,217,1441.19,1,1,1,2,1,0,0.2353,1.2353,2,0,0,0,0,18,2
TX_000757,USR_0022,889.06,WITHDRAWAL,2026-07-29 19:13:18,MERCH_160,DEV_0474,"Mumbai, IN",304,76,878.73,0,0,1,2,1,0,0.0118,1.0118,2,1,0,0,0,19,2
TX_000758,USR_0173,11824.3,TRANSFER,2026-07-29 19:19:43,MERCH_137,DEV_0410,"Moscow, RU",507,195,1274.94,0,0,1,5,0,1,8.2744,9.2744,5,1,0,0,1,19,2
TX_000759,USR_0324,1673.01,WITHDRAWAL,2026-07-29 19:24:38,MERCH_021,DEV_0268,"Hyderabad, IN",187,136,1336.37,0,1,1,3,1,0,0.2519,1.2519,3,0,0,0,0,19,2
TX_000760,USR_0122,2119.53,TRANSFER,2026-07-29 19:32:57,MERCH_141,DEV_0859,"Hyderabad, IN",1170,64,409.55,0,1,1,3,1,0,4.1753,5.1753,3,0,0,0,0,19,2
TX_000761,USR_0148,591.44,PURCHASE,2026-07-29 19:51:06,MERCH_044,DEV_0030,"Kolkata, IN",1414,16,601.94,1,1,1,4,1,0,-0.0174,0.9826,4,0,0,0,0,19,2
TX_000762,USR_0563,1427.19,PURCHASE,2026-07-29 20:39:22,MERCH_127,DEV_0259,"Delhi, IN",164,196,804.46,1,0,1,5,1,0,0.7741,1.7741,5,1,0,0,0,20,2
TX_000763,USR_0409,112.78,WITHDRAWAL,2026-07-29 20:48:08,MERCH_144,DEV_0125,"Delhi, IN",362,6,190.07,0,1,1,3,1,0,-0.4066,0.5934,3,0,0,0,0,20,2
TX_000764,USR_0182,2804.28,PAYMENT,2026-07-29 21:22:03,MERCH_160,DEV_0780,"Singapore, SG",1286,106,193.26,0,1,0,2,1,1,13.5104,14.5104,2,0,1,0,0,21,2
TX_000765,USR_0439,102.2,TRANSFER,2026-07-29 22:12:49,MERCH_104,DEV_0435,"Chennai, IN",1318,9,169.82,0,0,1,3,0,0,-0.3982,0.6018,3,1,0,0,1,22,2
TX_000766,USR_0381,530.86,PAYMENT,2026-07-29 23:02:36,MERCH_103,DEV_0831,"Bengaluru, IN",1152,194,414.96,0,1,1,4,1,0,0.2793,1.2793,4,0,0,0,0,23,2
TX_000767,USR_0292,280.72,PAYMENT,2026-07-29 23:18:45,MERCH_170,DEV_0599,Unknown Proxy,1074,247,350.46,5,1,0,15,1,1,-0.199,0.801,15,0,1,0,0,23,2
TX_000768,USR_0447,195.64,PURCHASE,2026-07-29 23:21:44,MERCH_188,DEV_0502,"Pune, IN",1293,81,153.31,0,1,1,3,1,0,0.2761,1.2761,3,0,0,0,0,23,2
TX_000769,USR_0481,411.02,TRANSFER,2026-07-29 23:44:51,MERCH_202,DEV_0466,"Mumbai, IN",564,79,503.34,0,0,1,1,1,0,-0.1834,0.8166,1,1,0,0,0,23,2
TX_000770,USR_0142,238.54,PURCHASE,2026-07-30 00:32:32,MERCH_084,DEV_0183,"Pune, IN",1343,141,418.86,0,1,1,1,1,0,-0.4305,0.5695,1,0,0,1,0,0,3
TX_000771,USR_0565,870.79,PURCHASE,2026-07-30 00:43:58,MERCH_107,DEV_0506,"Bengaluru, IN",1330,125,1092.18,0,1,1,3,1,0,-0.2027,0.7973,3,0,0,1,0,0,3
TX_000772,USR_0058,5276.46,PURCHASE,2026-07-30 01:18:35,MERCH_083,DEV_0617,"Ahmedabad, IN",350,96,2036.49,0,1,1,3,1,0,1.591,2.591,3,0,0,1,0,1,3
TX_000773,USR_0462,816.74,PAYMENT,2026-07-30 01:18:52,MERCH_132,DEV_0869,"Chennai, IN",115,92,633.71,0,1,0,6,1,0,0.2888,1.2888,6,0,1,1,0,1,3
TX_000774,USR_0563,109.84,TRANSFER,2026-07-30 01:31:43,MERCH_032,DEV_0495,"Mumbai, IN",784,47,266.87,0,0,1,4,0,0,-0.5884,0.4116,4,1,0,1,1,1,3
TX_000775,USR_0250,1416.99,PURCHASE,2026-07-30 01:49:10,MERCH_108,DEV_0845,"Ahmedabad, IN",1139,63,730.91,1,1,1,2,1,0,0.9387,1.9387,2,0,0,1,0,1,3
TX_000776,USR_0018,241.47,PURCHASE,2026-07-30 03:14:28,MERCH_048,DEV_0851,"Chennai, IN",1275,146,453.15,1,1,1,3,1,0,-0.4671,0.5329,3,0,0,1,0,3,3
TX_000777,USR_0505,579.61,PURCHASE,2026-07-30 03:31:47,MERCH_134,DEV_0471,"Ahmedabad, IN",219,183,375.84,0,1,1,4,1,0,0.5422,1.5422,4,0,0,1,0,3,3
TX_000778,USR_0376,321.37,TRANSFER,2026-07-30 05:58:45,MERCH_213,DEV_0396,"Hyderabad, IN",570,187,235.81,0,1,1,2,1,0,0.3628,1.3628,2,0,0,1,0,5,3
TX_000779,USR_0203,451.09,PAYMENT,2026-07-30 06:32:52,MERCH_247,DEV_0129,"Mumbai, IN",1153,129,317.69,1,1,1,3,1,0,0.4199,1.4199,3,0,0,0,0,6,3
TX_000780,USR_0562,1249.46,PURCHASE,2026-07-30 06:52:15,MERCH_112,DEV_0242,"Delhi, IN",97,188,393.82,0,1,1,3,1,0,2.1727,3.1727,3,0,0,0,0,6,3
TX_000781,USR_0039,456.55,PURCHASE,2026-07-30 07:03:26,MERCH_015,DEV_0792,"Mumbai, IN",1086,148,822.48,0,1,1,1,1,0,-0.4449,0.5551,1,0,0,0,0,7,3
TX_000782,USR_0573,934.05,TRANSFER,2026-07-30 07:18:37,MERCH_057,DEV_0125,"Chennai, IN",442,89,660.18,0,1,1,5,1,0,0.4148,1.4148,5,0,0,0,0,7,3
TX_000783,USR_0458,3816.78,PURCHASE,2026-07-30 08:06:14,MERCH_027,DEV_0358,"Mumbai, IN",40,88,1769.46,0,1,0,5,0,0,1.157,2.157,5,0,1,0,1,8,3
TX_000784,USR_0320,467.24,PURCHASE,2026-07-30 08:48:26,MERCH_190,DEV_0629,"Ahmedabad, IN",368,130,746.21,0,1,1,1,1,0,-0.3738,0.6262,1,0,0,0,0,8,3
TX_000785,USR_0521,362.4,PURCHASE,2026-07-30 09:31:41,MERCH_247,DEV_0217,"Bengaluru, IN",1114,77,618.61,2,1,1,3,1,0,-0.4142,0.5858,3,0,0,0,0,9,3
TX_000786,USR_0009,282.28,PURCHASE,2026-07-30 10:17:04,MERCH_139,DEV_0877,"Bengaluru, IN",1306,191,357.66,0,1,1,2,1,0,-0.2108,0.7892,2,0,0,0,0,10,3
TX_000787,USR_0553,242.8,PURCHASE,2026-07-30 10:31:07,MERCH_045,DEV_0585,"Ahmedabad, IN",128,47,206.68,1,1,1,3,1,0,0.1748,1.1748,3,0,0,0,0,10,3
TX_000788,USR_0583,111.61,PAYMENT,2026-07-30 10:31:07,MERCH_006,DEV_0026,"Pune, IN",699,14,293.49,1,1,1,2,1,0,-0.6197,0.3803,2,0,0,0,0,10,3
TX_000789,USR_0324,362.41,PURCHASE,2026-07-30 10:45:23,MERCH_245,DEV_0223,"Hyderabad, IN",307,123,266.23,0,1,1,1,1,0,0.3613,1.3613,1,0,0,0,0,10,3
TX_000790,USR_0128,25.11,PURCHASE,2026-07-30 11:01:10,MERCH_080,DEV_0667,"Kolkata, IN",1027,18,65.93,0,1,1,6,1,0,-0.6191,0.3809,6,0,0,0,0,11,3
TX_000791,USR_0360,465.64,TRANSFER,2026-07-30 11:41:41,MERCH_029,DEV_0777,"Bengaluru, IN",1172,48,211.19,0,1,1,2,1,0,1.2048,2.2048,2,0,0,0,0,11,3
TX_000792,USR_0058,1987.94,PAYMENT,2026-07-30 12:43:20,MERCH_045,DEV_0835,"Pune, IN",1443,94,1496.53,0,1,1,3,0,0,0.3284,1.3284,3,0,0,0,1,12,3
TX_000793,USR_0398,1957.14,PURCHASE,2026-07-30 12:44:53,MERCH_064,DEV_0767,"Hyderabad, IN",536,2,593.3,1,1,1,3,1,0,2.2987,3.2987,3,0,0,0,0,12,3
TX_000794,USR_0160,498.48,PURCHASE,2026-07-30 13:22:12,MERCH_164,DEV_0068,"Mumbai, IN",453,56,339.29,0,1,1,4,0,0,0.4692,1.4692,4,0,0,0,1,13,3
TX_000795,USR_0587,473.43,TRANSFER,2026-07-30 15:08:42,MERCH_223,DEV_0657,"Kolkata, IN",469,136,606.74,0,1,1,5,1,0,-0.2197,0.7803,5,0,0,0,0,15,3
TX_000796,USR_0185,58.85,PURCHASE,2026-07-30 15:13:11,MERCH_069,DEV_0100,"Hyderabad, IN",1143,94,103.98,1,1,1,3,1,0,-0.434,0.566,3,0,0,0,0,15,3
TX_000797,USR_0316,617.76,TRANSFER,2026-07-30 15:14:53,MERCH_172,DEV_0069,"Delhi, IN",671,224,556.03,0,1,1,1,1,0,0.111,1.111,1,0,0,0,0,15,3
TX_000798,USR_0526,1094.12,PURCHASE,2026-07-30 15:34:02,MERCH_017,DEV_0623,"Lagos, NG",40,24,1173.06,6,1,1,15,1,1,-0.0673,0.9327,15,0,0,0,0,15,3
TX_000799,USR_0379,845.04,PURCHASE,2026-07-30 15:50:55,MERCH_003,DEV_0431,"Lagos, NG",1421,180,410.92,5,1,1,6,1,1,1.0565,2.0565,6,0,0,0,0,15,3
TX_000800,USR_0131,61.97,PURCHASE,2026-07-30 16:05:16,MERCH_014,DEV_0584,"Hyderabad, IN",162,148,119.13,0,1,1,3,1,0,-0.4798,0.5202,3,0,0,0,0,16,3
TX_000801,USR_0355,1167.22,TRANSFER,2026-07-30 16:16:09,MERCH_231,DEV_0767,"Delhi, IN",1392,161,329.9,0,1,0,1,1,0,2.5381,3.5381,1,0,1,0,0,16,3
TX_000802,USR_0420,2558.81,PURCHASE,2026-07-30 17:41:57,MERCH_146,DEV_0062,"Mumbai, IN",248,168,1174.61,0,1,1,2,1,0,1.1784,2.1784,2,0,0,0,0,17,3
TX_000803,USR_0010,455.29,PURCHASE,2026-07-30 18:03:23,MERCH_202,DEV_0475,"Hyderabad, IN",810,14,546.33,2,1,1,5,1,0,-0.1666,0.8334,5,0,0,0,0,18,3
TX_000804,USR_0556,475.36,PURCHASE,2026-07-30 18:06:15,MERCH_006,DEV_0751,"Pune, IN",473,198,155.32,1,1,1,2,1,0,2.0605,3.0605,2,0,0,0,0,18,3
TX_000805,USR_0393,1519.19,WITHDRAWAL,2026-07-30 18:35:46,MERCH_006,DEV_0397,"Hyderabad, IN",1032,83,2657.04,0,1,1,2,1,0,-0.4282,0.5718,2,0,0,0,0,18,3
TX_000806,USR_0279,191.05,PURCHASE,2026-07-30 19:22:33,MERCH_213,DEV_0472,"Delhi, IN",608,162,175.72,0,0,1,7,1,0,0.0872,1.0872,7,1,0,0,0,19,3
TX_000807,USR_0067,155.61,TRANSFER,2026-07-30 19:25:28,MERCH_026,DEV_0449,"Ahmedabad, IN",555,74,375.05,0,1,1,4,1,0,-0.5851,0.4149,4,0,0,0,0,19,3
TX_000808,USR_0262,652.94,TRANSFER,2026-07-30 20:21:45,MERCH_039,DEV_0817,"Mumbai, IN",719,99,206.69,1,1,1,5,1,0,2.159,3.159,5,0,0,0,0,20,3
TX_000809,USR_0099,67.45,PURCHASE,2026-07-30 20:26:09,MERCH_130,DEV_0045,"Moscow, RU",1456,175,206.9,0,0,0,2,1,1,-0.674,0.326,2,1,1,0,0,20,3
TX_000810,USR_0159,119.56,PAYMENT,2026-07-30 20:36:55,MERCH_152,DEV_0791,"Delhi, IN",373,233,320.58,0,1,1,2,1,0,-0.6271,0.3729,2,0,0,0,0,20,3
TX_000811,USR_0232,456.6,PAYMENT,2026-07-30 20:37:23,MERCH_058,DEV_0735,"Pune, IN",335,219,725.14,1,1,1,4,1,0,-0.3703,0.6297,4,0,0,0,0,20,3
TX_000812,USR_0533,2661.52,PURCHASE,2026-07-30 20:37:52,MERCH_112,DEV_0732,"Kolkata, IN",105,181,1184.58,0,1,1,3,1,0,1.2468,2.2468,3,0,0,0,0,20,3
TX_000813,USR_0149,596.01,PURCHASE,2026-07-30 21:37:50,MERCH_169,DEV_0372,"Delhi, IN",1109,135,336.84,0,1,1,3,1,0,0.7694,1.7694,3,0,0,0,0,21,3
TX_000814,USR_0281,217.23,PURCHASE,2026-07-30 23:16:22,MERCH_111,DEV_0465,"Pune, IN",1018,132,210.95,0,1,1,1,1,0,0.0298,1.0298,1,0,0,0,0,23,3
TX_000815,USR_0035,1188.6,PURCHASE,2026-07-30 23:54:43,MERCH_096,DEV_0333,"Delhi, IN",915,241,644.34,0,1,1,3,1,0,0.8447,1.8447,3,0,0,0,0,23,3
TX_000816,USR_0025,581.26,PURCHASE,2026-07-31 00:26:21,MERCH_018,DEV_0227,"Mumbai, IN",42,52,658.67,0,1,1,1,1,0,-0.1175,0.8825,1,0,0,1,0,0,4
TX_000817,USR_0156,674.59,PAYMENT,2026-07-31 00:36:41,MERCH_113,DEV_0788,"Kolkata, IN",1187,238,538.9,1,1,1,5,1,0,0.2518,1.2518,5,0,0,1,0,0,4
TX_000818,USR_0093,1540.2,PAYMENT,2026-07-31 00:57:32,MERCH_201,DEV_0456,"Delhi, IN",1215,162,553.38,0,1,1,4,1,0,1.7833,2.7833,4,0,0,1,0,0,4
TX_000819,USR_0193,335.13,PURCHASE,2026-07-31 01:01:50,MERCH_157,DEV_0652,"Hyderabad, IN",1417,154,413.57,1,1,1,2,1,0,-0.1897,0.8103,2,0,0,1,0,1,4
TX_000820,USR_0528,279.98,PURCHASE,2026-07-31 01:14:49,MERCH_224,DEV_0091,"Mumbai, IN",1394,148,484.38,0,1,1,4,1,0,-0.422,0.578,4,0,0,1,0,1,4
TX_000821,USR_0490,507.13,PURCHASE,2026-07-31 01:24:51,MERCH_032,DEV_0711,"Pune, IN",399,203,392.69,0,1,1,3,1,0,0.2914,1.2914,3,0,0,1,0,1,4
TX_000822,USR_0027,1545.5,PURCHASE,2026-07-31 02:31:35,MERCH_003,DEV_0593,"Pune, IN",1067,171,1004.18,1,1,0,3,1,0,0.5391,1.5391,3,0,1,1,0,2,4
TX_000823,USR_0113,2446.42,PURCHASE,2026-07-31 02:56:59,MERCH_138,DEV_0898,"Chennai, IN",608,24,2393.69,0,1,1,1,0,0,0.022,1.022,1,0,0,1,1,2,4
TX_000824,USR_0107,940.29,PAYMENT,2026-07-31 05:32:53,MERCH_045,DEV_0121,"Delhi, IN",896,195,514.91,1,1,1,4,1,0,0.8261,1.8261,4,0,0,1,0,5,4
TX_000825,USR_0074,373.72,PAYMENT,2026-07-31 05:34:37,MERCH_149,DEV_0487,"Mumbai, IN",503,182,447.79,0,1,1,6,1,0,-0.1654,0.8346,6,0,0,1,0,5,4
TX_000826,USR_0446,563.44,PURCHASE,2026-07-31 05:51:33,MERCH_226,DEV_0461,"Hyderabad, IN",987,228,545.2,0,1,1,2,1,0,0.0335,1.0335,2,0,0,1,0,5,4
TX_000827,USR_0274,333.37,TRANSFER,2026-07-31 05:59:19,MERCH_085,DEV_0485,"Bengaluru, IN",1429,234,274.73,0,1,1,3,1,0,0.2134,1.2134,3,0,0,1,0,5,4
TX_000828,USR_0177,915.77,TRANSFER,2026-07-31 06:02:34,MERCH_138,DEV_0049,"Ahmedabad, IN",980,237,798.7,1,1,0,3,1,0,0.1466,1.1466,3,0,1,0,0,6,4
TX_000829,USR_0383,1700.64,WITHDRAWAL,2026-07-31 06:12:58,MERCH_171,DEV_0426,"Kolkata, IN",1381,11,626.49,2,1,1,2,1,0,1.7146,2.7146,2,0,0,0,0,6,4
TX_000830,USR_0126,397.07,PURCHASE,2026-07-31 06:38:04,MERCH_038,DEV_0270,"Hyderabad, IN",1398,157,328.29,0,1,1,3,1,0,0.2095,1.2095,3,0,0,0,0,6,4
TX_000831,USR_0217,691.09,PURCHASE,2026-07-31 06:52:21,MERCH_225,DEV_0556,"Ahmedabad, IN",184,233,885.19,0,1,1,2,1,0,-0.2193,0.7807,2,0,0,0,0,6,4
TX_000832,USR_0009,611.96,TRANSFER,2026-07-31 07:03:14,MERCH_051,DEV_0209,"Kolkata, IN",1446,241,456.45,1,1,1,4,0,0,0.3407,1.3407,4,0,0,0,1,7,4
TX_000833,USR_0163,398.4,PURCHASE,2026-07-31 07:14:30,MERCH_203,DEV_0392,Unknown Proxy,1228,137,217.39,0,0,0,4,0,1,0.8327,1.8327,4,1,1,0,1,7,4
TX_000834,USR_0576,921.68,TRANSFER,2026-07-31 08:23:00,MERCH_165,DEV_0559,"Delhi, IN",644,227,585.78,1,1,1,4,1,0,0.5734,1.5734,4,0,0,0,0,8,4
TX_000835,USR_0344,815.83,PURCHASE,2026-07-31 08:29:55,MERCH_036,DEV_0058,"Bengaluru, IN",902,220,537.53,1,1,1,4,1,0,0.5177,1.5177,4,0,0,0,0,8,4
TX_000836,USR_0251,332.23,TRANSFER,2026-07-31 09:01:28,MERCH_182,DEV_0709,"Pune, IN",928,1,924.78,0,1,1,2,1,0,-0.6407,0.3593,2,0,0,0,0,9,4
TX_000837,USR_0282,158.03,WITHDRAWAL,2026-07-31 09:01:59,MERCH_050,DEV_0645,"Pune, IN",1181,221,839.59,0,1,0,4,1,0,-0.8118,0.1882,4,0,1,0,0,9,4
TX_000838,USR_0255,903.49,PURCHASE,2026-07-31 09:36:32,MERCH_150,DEV_0052,"Bengaluru, IN",1205,159,414.61,0,1,1,5,1,0,1.1791,2.1791,5,0,0,0,0,9,4
TX_000839,USR_0588,399.59,PURCHASE,2026-07-31 09:36:51,MERCH_240,DEV_0059,"Kolkata, IN",159,143,315.82,0,0,1,2,1,0,0.2652,1.2652,2,1,0,0,0,9,4
TX_000840,USR_0584,422.64,TRANSFER,2026-07-31 09:54:39,MERCH_239,DEV_0766,"Mumbai, IN",8,45,450.59,0,1,1,3,1,0,-0.062,0.938,3,0,0,0,0,9,4
TX_000841,USR_0223,882.74,PURCHASE,2026-07-31 09:59:36,MERCH_218,DEV_0255,"Delhi, IN",375,229,590.95,0,1,1,4,1,0,0.4938,1.4938,4,0,0,0,0,9,4
TX_000842,USR_0041,2153.43,TRANSFER,2026-07-31 10:07:42,MERCH_124,DEV_0775,"Hyderabad, IN",793,74,646.82,1,1,1,2,1,0,2.3293,3.3293,2,0,0,0,0,10,4
TX_000843,USR_0278,1344.93,TRANSFER,2026-07-31 10:39:26,MERCH_140,DEV_0450,"Ahmedabad, IN",1274,105,564.14,0,1,1,5,1,0,1.384,2.384,5,0,0,0,0,10,4
TX_000844,USR_0484,747.42,PURCHASE,2026-07-31 10:53:27,MERCH_076,DEV_0309,"Bengaluru, IN",981,75,420.39,0,1,1,4,1,0,0.7779,1.7779,4,0,0,0,0,10,4
TX_000845,USR_0415,508.0,WITHDRAWAL,2026-07-31 10:54:12,MERCH_231,DEV_0247,"Kolkata, IN",209,242,950.38,0,0,1,3,1,0,-0.4655,0.5345,3,1,0,0,0,10,4
TX_000846,USR_0261,157.84,PURCHASE,2026-07-31 11:09:04,MERCH_120,DEV_0594,"Kolkata, IN",1077,121,271.38,0,1,1,1,1,0,-0.4184,0.5816,1,0,0,0,0,11,4
TX_000847,USR_0599,582.68,TRANSFER,2026-07-31 11:24:03,MERCH_193,DEV_0099,"Bengaluru, IN",705,29,2889.39,0,0,1,4,1,0,-0.7983,0.2017,4,1,0,0,0,11,4
TX_000848,USR_0429,1145.19,PURCHASE,2026-07-31 11:29:35,MERCH_090,DEV_0363,"Lagos, NG",557,3,797.55,4,1,1,9,1,1,0.4359,1.4359,9,0,0,0,0,11,4
TX_000849,USR_0545,377.75,PURCHASE,2026-07-31 11:32:49,MERCH_186,DEV_0312,"Bengaluru, IN",1159,245,193.18,0,1,1,3,1,0,0.9554,1.9554,3,0,0,0,0,11,4
TX_000850,USR_0439,7329.48,PURCHASE,2026-07-31 11:49:22,MERCH_057,DEV_0139,"Lagos, NG",448,59,517.07,0,1,1,8,1,1,13.175,14.175,8,0,0,0,0,11,4
TX_000851,USR_0146,1185.35,PAYMENT,2026-07-31 11:54:05,MERCH_184,DEV_0318,"Hyderabad, IN",930,192,803.33,1,1,1,2,1,0,0.4755,1.4755,2,0,0,0,0,11,4
TX_000852,USR_0329,297.99,PAYMENT,2026-07-31 12:11:17,MERCH_012,DEV_0476,"Chennai, IN",278,8,346.27,1,1,1,2,1,0,-0.1394,0.8606,2,0,0,0,0,12,4
TX_000853,USR_0431,96.65,WITHDRAWAL,2026-07-31 12:14:07,MERCH_027,DEV_0610,"Ahmedabad, IN",576,224,146.63,1,1,1,1,1,0,-0.3409,0.6591,1,0,0,0,0,12,4
TX_000854,USR_0167,114.83,PURCHASE,2026-07-31 12:44:08,MERCH_089,DEV_0078,"Mumbai, IN",839,162,206.43,0,1,1,3,1,0,-0.4437,0.5563,3,0,0,0,0,12,4
TX_000855,USR_0355,578.01,PURCHASE,2026-07-31 12:57:29,MERCH_121,DEV_0786,"Chennai, IN",937,56,675.75,0,1,1,3,1,0,-0.1446,0.8554,3,0,0,0,0,12,4
TX_000856,USR_0050,60.81,WITHDRAWAL,2026-07-31 13:02:08,MERCH_178,DEV_0791,"Hyderabad, IN",1379,222,120.7,0,1,1,4,1,0,-0.4962,0.5038,4,0,0,0,0,13,4
TX_000857,USR_0067,451.96,TRANSFER,2026-07-31 13:05:50,MERCH_090,DEV_0623,"Ahmedabad, IN",440,75,151.75,0,0,1,6,1,0,1.9783,2.9783,6,1,0,0,0,13,4
TX_000858,USR_0194,274.61,PURCHASE,2026-07-31 13:37:37,MERCH_005,DEV_0832,"Chennai, IN",1344,249,673.09,0,1,1,1,0,0,-0.592,0.408,1,0,0,0,1,13,4
TX_000859,USR_0195,318.7,PAYMENT,2026-07-31 13:47:39,MERCH_082,DEV_0386,"Pune, IN",1226,150,380.82,0,1,1,2,1,0,-0.1631,0.8369,2,0,0,0,0,13,4
TX_000860,USR_0130,72.16,PURCHASE,2026-07-31 14:34:53,MERCH_110,DEV_0740,"Mumbai, IN",544,112,267.04,0,1,1,3,1,0,-0.7298,0.2702,3,0,0,0,0,14,4
TX_000861,USR_0227,358.15,PURCHASE,2026-07-31 14:35:48,MERCH_136,DEV_0655,"Pune, IN",216,15,310.5,1,1,1,2,1,0,0.1535,1.1535,2,0,0,0,0,14,4
TX_000862,USR_0191,141.83,PAYMENT,2026-07-31 15:04:03,MERCH_162,DEV_0507,"Pune, IN",391,65,149.33,0,1,1,1,1,0,-0.0502,0.9498,1,0,0,0,0,15,4
TX_000863,USR_0513,488.18,PURCHASE,2026-07-31 17:20:33,MERCH_062,DEV_0162,"Bengaluru, IN",989,15,647.16,0,1,1,2,1,0,-0.2457,0.7543,2,0,0,0,0,17,4
TX_000864,USR_0505,127.49,PURCHASE,2026-07-31 17:33:35,MERCH_153,DEV_0502,"Chennai, IN",1184,213,245.76,1,1,1,3,0,0,-0.4812,0.5188,3,0,0,0,1,17,4
TX_000865,USR_0348,286.87,TRANSFER,2026-07-31 03:41:00,MERCH_158,DEV_0812,"Moscow, RU",921,25,301.1,0,1,1,2,0,1,-0.0473,0.9527,2,0,0,1,1,3,4
TX_000866,USR_0535,389.72,PAYMENT,2026-07-31 19:10:04,MERCH_195,DEV_0887,"Pune, IN",1089,29,583.67,0,1,1,2,1,0,-0.3323,0.6677,2,0,0,0,0,19,4
TX_000867,USR_0310,323.05,PURCHASE,2026-07-31 19:15:31,MERCH_131,DEV_0404,"Ahmedabad, IN",158,31,371.21,0,1,1,1,1,0,-0.1297,0.8703,1,0,0,0,0,19,4
TX_000868,USR_0327,900.61,WITHDRAWAL,2026-07-31 19:37:05,MERCH_203,DEV_0224,"Kolkata, IN",761,243,265.27,0,1,1,3,1,0,2.3951,3.3951,3,0,0,0,0,19,4
TX_000869,USR_0389,107.67,PURCHASE,2026-07-31 19:57:17,MERCH_056,DEV_0673,"Delhi, IN",1311,242,101.21,1,1,1,5,1,0,0.0638,1.0638,5,0,0,0,0,19,4
TX_000870,USR_0099,797.26,PURCHASE,2026-07-31 20:39:29,MERCH_178,DEV_0069,"Ahmedabad, IN",587,178,592.78,0,1,1,2,1,0,0.345,1.345,2,0,0,0,0,20,4
TX_000871,USR_0584,335.83,PURCHASE,2026-07-31 20:59:39,MERCH_012,DEV_0136,"Ahmedabad, IN",1349,19,477.47,0,1,1,2,1,0,-0.2966,0.7034,2,0,0,0,0,20,4
TX_000872,USR_0162,174.39,PURCHASE,2026-07-31 21:38:55,MERCH_026,DEV_0506,Unknown Proxy,191,126,305.27,0,0,0,5,1,1,-0.4287,0.5713,5,1,1,0,0,21,4
TX_000873,USR_0199,193.7,PURCHASE,2026-07-31 21:44:39,MERCH_217,DEV_0892,"Mumbai, IN",1468,237,206.69,1,1,1,4,1,0,-0.0628,0.9372,4,0,0,0,0,21,4
TX_000874,USR_0517,2200.36,PURCHASE,2026-07-31 23:09:39,MERCH_119,DEV_0296,"Bengaluru, IN",1179,25,454.33,0,1,1,3,0,0,3.8431,4.8431,3,0,0,0,1,23,4
TX_000875,USR_0510,509.17,TRANSFER,2026-07-31 23:34:00,MERCH_156,DEV_0399,"Chennai, IN",941,198,645.23,0,1,1,5,1,0,-0.2109,0.7891,5,0,0,0,0,23,4
TX_000876,USR_0116,582.6,TRANSFER,2026-08-01 00:36:41,MERCH_151,DEV_0291,"Delhi, IN",928,5,484.23,0,0,1,2,1,0,0.2031,1.2031,2,1,0,1,0,0,5
TX_000877,USR_0001,853.49,TRANSFER,2026-08-01 01:03:19,MERCH_174,DEV_0397,"Chennai, IN",1404,201,1537.32,1,0,1,2,1,0,-0.4448,0.5552,2,1,0,1,0,1,5
TX_000878,USR_0141,121.14,WITHDRAWAL,2026-08-01 01:23:24,MERCH_062,DEV_0007,"Ahmedabad, IN",569,136,763.44,1,1,1,2,1,0,-0.8413,0.1587,2,0,0,1,0,1,5
TX_000879,USR_0247,236.37,PURCHASE,2026-08-01 01:46:14,MERCH_045,DEV_0536,"Hyderabad, IN",253,222,415.21,2,1,1,1,1,0,-0.4307,0.5693,1,0,0,1,0,1,5
TX_000880,USR_0332,3499.64,PURCHASE,2026-08-01 01:53:47,MERCH_011,DEV_0537,"Mumbai, IN",1378,104,782.86,0,0,1,5,1,0,3.4703,4.4703,5,1,0,1,0,1,5
TX_000881,USR_0405,653.77,PURCHASE,2026-08-01 02:28:34,MERCH_217,DEV_0285,"Chennai, IN",160,196,466.73,1,1,0,3,1,0,0.4007,1.4007,3,0,1,1,0,2,5
TX_000882,USR_0424,1286.57,TRANSFER,2026-08-01 03:07:58,MERCH_056,DEV_0238,"Pune, IN",991,210,465.51,0,1,0,2,1,0,1.7638,2.7638,2,0,1,1,0,3,5
TX_000883,USR_0405,902.8,PURCHASE,2026-08-01 03:32:28,MERCH_144,DEV_0686,"Ahmedabad, IN",404,81,1189.78,1,1,0,1,1,0,-0.2412,0.7588,1,0,1,1,0,3,5
TX_000884,USR_0011,47.17,PURCHASE,2026-08-01 03:43:54,MERCH_114,DEV_0170,"Kolkata, IN",1394,160,229.45,0,0,1,2,1,0,-0.7944,0.2056,2,1,0,1,0,3,5
TX_000885,USR_0443,211.89,PURCHASE,2026-08-01 04:31:37,MERCH_041,DEV_0043,"Singapore, SG",1460,115,457.94,1,0,0,6,1,1,-0.5373,0.4627,6,1,1,1,0,4,5
TX_000886,USR_0583,1352.34,PURCHASE,2026-08-01 04:50:11,MERCH_104,DEV_0037,"Chennai, IN",715,108,1098.31,1,1,0,7,1,0,0.2313,1.2313,7,0,1,1,0,4,5
TX_000887,USR_0288,629.83,PAYMENT,2026-08-01 04:57:17,MERCH_021,DEV_0794,"Delhi, IN",803,200,567.36,1,1,1,3,1,0,0.1101,1.1101,3,0,0,1,0,4,5
TX_000888,USR_0563,322.37,TRANSFER,2026-08-01 05:07:37,MERCH_045,DEV_0328,"Hyderabad, IN",685,57,341.2,0,1,1,2,1,0,-0.0552,0.9448,2,0,0,1,0,5,5
TX_000889,USR_0151,84.35,PURCHASE,2026-08-01 05:59:40,MERCH_035,DEV_0092,"Pune, IN",641,30,125.16,1,1,0,1,1,0,-0.3261,0.6739,1,0,1,1,0,5,5
TX_000890,USR_0076,143.64,TRANSFER,2026-08-01 06:31:13,MERCH_207,DEV_0792,"Kolkata, IN",1406,120,81.98,0,1,1,3,1,0,0.7521,1.7521,3,0,0,0,0,6,5
TX_000891,USR_0176,1466.31,TRANSFER,2026-08-01 06:50:17,MERCH_142,DEV_0134,"Kolkata, IN",435,205,2135.34,0,1,1,4,1,0,-0.3133,0.6867,4,0,0,0,0,6,5
TX_000892,USR_0246,658.99,PURCHASE,2026-08-01 07:01:12,MERCH_232,DEV_0304,"Lagos, NG",1439,41,567.15,0,0,0,2,0,1,0.1619,1.1619,2,1,1,0,1,7,5
TX_000893,USR_0391,313.61,PURCHASE,2026-08-01 07:25:45,MERCH_109,DEV_0019,"Kolkata, IN",978,85,290.38,0,1,0,3,1,0,0.08,1.08,3,0,1,0,0,7,5
TX_000894,USR_0049,437.82,TRANSFER,2026-08-01 07:47:13,MERCH_051,DEV_0612,"Bengaluru, IN",1441,167,584.84,1,1,1,3,0,0,-0.2514,0.7486,3,0,0,0,1,7,5
TX_000895,USR_0228,118.59,PURCHASE,2026-08-01 07:52:24,MERCH_153,DEV_0630,"Delhi, IN",920,119,221.07,0,1,1,5,1,0,-0.4636,0.5364,5,0,0,0,0,7,5
TX_000896,USR_0128,252.92,PURCHASE,2026-08-01 08:45:33,MERCH_233,DEV_0681,"Mumbai, IN",1229,151,351.02,0,1,1,3,1,0,-0.2795,0.7205,3,0,0,0,0,8,5
TX_000897,USR_0147,714.36,PURCHASE,2026-08-01 09:26:38,MERCH_134,DEV_0237,"Delhi, IN",738,132,222.19,1,1,1,1,1,0,2.2151,3.2151,1,0,0,0,0,9,5
TX_000898,USR_0451,305.63,WITHDRAWAL,2026-08-01 09:27:55,MERCH_005,DEV_0296,"Ahmedabad, IN",697,202,155.91,0,1,1,4,1,0,0.9603,1.9603,4,0,0,0,0,9,5
TX_000899,USR_0193,171.37,PAYMENT,2026-08-01 09:40:08,MERCH_076,DEV_0845,"Delhi, IN",391,218,92.81,0,1,1,4,1,0,0.8465,1.8465,4,0,0,0,0,9,5
TX_000900,USR_0410,77.47,WITHDRAWAL,2026-08-01 10:16:38,MERCH_232,DEV_0740,"Kolkata, IN",320,112,135.78,0,0,1,3,1,0,-0.4294,0.5706,3,1,0,0,0,10,5
TX_000901,USR_0278,361.66,PURCHASE,2026-08-01 10:48:16,MERCH_130,DEV_0034,"Ahmedabad, IN",63,108,967.98,0,0,1,3,1,0,-0.6264,0.3736,3,1,0,0,0,10,5
TX_000902,USR_0360,416.47,PURCHASE,2026-08-01 11:10:52,MERCH_238,DEV_0623,"Bengaluru, IN",579,70,214.67,0,1,0,2,1,0,0.94,1.94,2,0,1,0,0,11,5
TX_000903,USR_0036,1151.15,TRANSFER,2026-08-01 11:25:08,MERCH_128,DEV_0732,"Ahmedabad, IN",1481,111,672.11,0,1,0,4,1,0,0.7127,1.7127,4,0,1,0,0,11,5
TX_000904,USR_0468,959.05,WITHDRAWAL,2026-08-01 11:36:06,MERCH_004,DEV_0504,"Hyderabad, IN",1407,209,922.17,0,1,1,3,1,0,0.04,1.04,3,0,0,0,0,11,5
TX_000905,USR_0508,340.64,PAYMENT,2026-08-01 12:01:51,MERCH_219,DEV_0576,"Chennai, IN",1037,125,455.63,2,1,1,3,1,0,-0.2524,0.7476,3,0,0,0,0,12,5
TX_000906,USR_0480,132.13,WITHDRAWAL,2026-08-01 12:49:06,MERCH_191,DEV_0001,"Delhi, IN",549,173,359.72,0,1,1,5,1,0,-0.6327,0.3673,5,0,0,0,0,12,5
TX_000907,USR_0402,831.16,PURCHASE,2026-08-01 13:41:58,MERCH_179,DEV_0028,"Mumbai, IN",783,105,497.21,1,1,1,5,1,0,0.6716,1.6716,5,0,0,0,0,13,5
TX_000908,USR_0297,1691.9,TRANSFER,2026-08-01 13:46:47,MERCH_243,DEV_0032,"Lagos, NG",1136,176,329.24,1,1,1,2,1,1,4.1388,5.1388,2,0,0,0,0,13,5
TX_000909,USR_0407,679.1,PAYMENT,2026-08-01 14:18:49,MERCH_050,DEV_0144,"Ahmedabad, IN",10,178,1110.07,0,0,1,4,1,0,-0.3882,0.6118,4,1,0,0,0,14,5
TX_000910,USR_0360,1065.24,TRANSFER,2026-08-01 14:27:36,MERCH_227,DEV_0892,"Lagos, NG",1385,132,1838.39,0,0,0,3,1,1,-0.4206,0.5794,3,1,1,0,0,14,5
TX_000911,USR_0273,2844.93,TRANSFER,2026-08-01 00:19:00,MERCH_059,DEV_0571,"Lagos, NG",1306,233,1334.89,1,0,1,2,0,1,1.1312,2.1312,2,1,0,1,1,0,5
TX_000912,USR_0594,702.42,PURCHASE,2026-08-01 15:49:30,MERCH_243,DEV_0705,Unknown Proxy,1455,219,89.62,0,0,0,2,1,1,6.8378,7.8378,2,1,1,0,0,15,5
TX_000913,USR_0346,980.31,TRANSFER,2026-08-01 16:09:03,MERCH_048,DEV_0267,"Hyderabad, IN",147,40,324.24,0,1,0,2,1,0,2.0234,3.0234,2,0,1,0,0,16,5
TX_000914,USR_0205,400.01,PURCHASE,2026-08-01 16:09:38,MERCH_138,DEV_0844,"Mumbai, IN",1421,57,451.41,2,1,1,5,1,0,-0.1139,0.8861,5,0,0,0,0,16,5
TX_000915,USR_0261,471.19,PURCHASE,2026-08-01 16:15:15,MERCH_198,DEV_0180,"Delhi, IN",922,238,636.85,0,1,0,4,1,0,-0.2601,0.7399,4,0,1,0,0,16,5
TX_000916,USR_0466,120.67,WITHDRAWAL,2026-08-01 17:15:05,MERCH_020,DEV_0813,"Delhi, IN",835,101,123.19,1,0,1,2,1,0,-0.0205,0.9795,2,1,0,0,0,17,5
TX_000917,USR_0376,90.05,PAYMENT,2026-08-01 18:21:59,MERCH_017,DEV_0028,"Lagos, NG",275,78,121.71,2,1,0,13,1,1,-0.2601,0.7399,13,0,1,0,0,18,5
TX_000918,USR_0469,2371.75,PAYMENT,2026-08-01 19:35:30,MERCH_213,DEV_0019,"Delhi, IN",741,199,1199.12,0,1,0,1,1,0,0.9779,1.9779,1,0,1,0,0,19,5
TX_000919,USR_0257,2115.9,PURCHASE,2026-08-01 20:56:23,MERCH_016,DEV_0072,Unknown Proxy,549,150,295.87,0,1,1,3,1,1,6.1515,7.1515,3,0,0,0,0,20,5
TX_000920,USR_0387,284.56,PURCHASE,2026-08-01 21:17:45,MERCH_154,DEV_0713,"Pune, IN",1481,34,147.48,0,1,1,2,1,0,0.9295,1.9295,2,0,0,0,0,21,5
TX_000921,USR_0356,210.92,PURCHASE,2026-08-01 21:25:50,MERCH_235,DEV_0232,"Mumbai, IN",514,23,196.67,0,1,1,2,1,0,0.0725,1.0725,2,0,0,0,0,21,5
TX_000922,USR_0542,426.44,WITHDRAWAL,2026-08-01 21:39:30,MERCH_154,DEV_0407,"Hyderabad, IN",332,202,603.11,1,1,1,1,1,0,-0.2929,0.7071,1,0,0,0,0,21,5
TX_000923,USR_0077,229.62,TRANSFER,2026-08-01 21:54:03,MERCH_121,DEV_0425,"Kolkata, IN",1419,191,242.82,0,0,1,5,1,0,-0.0544,0.9456,5,1,0,0,0,21,5
TX_000924,USR_0281,389.08,PAYMENT,2026-08-01 22:09:42,MERCH_105,DEV_0711,"Delhi, IN",286,88,539.41,1,1,1,1,1,0,-0.2787,0.7213,1,0,0,0,0,22,5
TX_000925,USR_0380,532.97,PURCHASE,2026-08-01 23:05:35,MERCH_160,DEV_0314,"Pune, IN",1357,215,215.98,0,0,1,2,1,0,1.4677,2.4677,2,1,0,0,0,23,5
TX_000926,USR_0091,221.97,TRANSFER,2026-08-01 23:29:29,MERCH_143,DEV_0007,"Pune, IN",1445,32,121.64,0,1,1,2,1,0,0.8248,1.8248,2,0,0,0,0,23,5
TX_000927,USR_0208,1173.85,WITHDRAWAL,2026-08-02 00:21:26,MERCH_126,DEV_0348,"Hyderabad, IN",465,217,1309.67,0,0,1,4,1,0,-0.1037,0.8963,4,1,0,1,0,0,6
TX_000928,USR_0012,315.98,PURCHASE,2026-08-02 00:27:37,MERCH_039,DEV_0260,"Kolkata, IN",1035,20,606.61,0,1,1,3,1,0,-0.4791,0.5209,3,0,0,1,0,0,6
TX_000929,USR_0308,907.3,PAYMENT,2026-08-02 02:06:17,MERCH_166,DEV_0658,"Bengaluru, IN",1196,159,350.35,0,1,1,3,1,0,1.5897,2.5897,3,0,0,1,0,2,6
TX_000930,USR_0421,316.42,TRANSFER,2026-08-02 02:32:52,MERCH_185,DEV_0677,"Pune, IN",807,210,304.36,1,1,1,3,1,0,0.0396,1.0396,3,0,0,1,0,2,6
TX_000931,USR_0535,1180.06,PURCHASE,2026-08-02 02:57:13,MERCH_178,DEV_0083,"Pune, IN",1047,155,1350.09,2,1,0,5,1,0,-0.1259,0.8741,5,0,1,1,0,2,6
TX_000932,USR_0274,1826.52,PURCHASE,2026-08-02 03:22:26,MERCH_019,DEV_0714,"Hyderabad, IN",204,194,701.27,0,1,0,3,1,0,1.6046,2.6046,3,0,1,1,0,3,6
TX_000933,USR_0384,726.25,PAYMENT,2026-08-02 03:50:06,MERCH_176,DEV_0064,"Hyderabad, IN",777,86,1063.54,0,1,1,3,1,0,-0.3171,0.6829,3,0,0,1,0,3,6
TX_000934,USR_0341,224.56,TRANSFER,2026-08-02 03:52:32,MERCH_183,DEV_0558,"Kolkata, IN",773,72,290.46,0,1,1,1,1,0,-0.2269,0.7731,1,0,0,1,0,3,6
TX_000935,USR_0332,382.7,WITHDRAWAL,2026-08-02 03:58:01,MERCH_046,DEV_0351,"Hyderabad, IN",852,67,467.43,0,1,0,1,1,0,-0.1813,0.8187,1,0,1,1,0,3,6
TX_000936,USR_0114,245.95,WITHDRAWAL,2026-08-02 04:18:52,MERCH_213,DEV_0272,"Bengaluru, IN",1416,29,608.44,0,1,0,7,0,0,-0.5958,0.4042,7,0,1,1,1,4,6
TX_000937,USR_0083,347.9,PURCHASE,2026-08-02 04:57:27,MERCH_131,DEV_0435,"Ahmedabad, IN",1238,70,297.88,0,0,1,6,1,0,0.1679,1.1679,6,1,0,1,0,4,6
TX_000938,USR_0117,242.76,WITHDRAWAL,2026-08-02 05:09:31,MERCH_119,DEV_0280,"Hyderabad, IN",907,62,418.89,0,1,0,2,1,0,-0.4205,0.5795,2,0,1,1,0,5,6
TX_000939,USR_0242,190.67,PAYMENT,2026-08-02 03:00:00,MERCH_181,DEV_0715,"Lagos, NG",609,189,290.48,0,1,1,1,0,1,-0.3436,0.6564,1,0,0,1,1,3,6
TX_000940,USR_0355,365.28,PURCHASE,2026-08-02 05:16:05,MERCH_128,DEV_0871,"Mumbai, IN",611,54,607.01,0,1,1,3,1,0,-0.3982,0.6018,3,0,0,1,0,5,6
TX_000941,USR_0024,108.48,WITHDRAWAL,2026-08-02 05:42:09,MERCH_137,DEV_0735,"Delhi, IN",37,42,167.03,0,1,1,2,1,0,-0.3505,0.6495,2,0,0,1,0,5,6
TX_000942,USR_0264,381.05,PURCHASE,2026-08-02 06:37:07,MERCH_079,DEV_0396,"Bengaluru, IN",829,183,691.06,1,1,1,1,1,0,-0.4486,0.5514,1,0,0,0,0,6,6
TX_000943,USR_0513,634.58,PURCHASE,2026-08-02 08:33:28,MERCH_232,DEV_0453,"Chennai, IN",383,134,568.09,0,1,0,2,1,0,0.117,1.117,2,0,1,0,0,8,6
TX_000944,USR_0090,332.17,PURCHASE,2026-08-02 09:00:49,MERCH_243,DEV_0403,"Mumbai, IN",1330,54,386.36,0,1,1,1,1,0,-0.1403,0.8597,1,0,0,0,0,9,6
TX_000945,USR_0085,618.68,PAYMENT,2026-08-02 09:08:18,MERCH_033,DEV_0715,"Pune, IN",1162,176,630.42,0,1,1,1,1,0,-0.0186,0.9814,1,0,0,0,0,9,6
TX_000946,USR_0103,1503.43,PURCHASE,2026-08-02 09:19:54,MERCH_184,DEV_0498,"Kolkata, IN",1369,54,342.25,0,1,1,3,1,0,3.3928,4.3928,3,0,0,0,0,9,6
TX_000947,USR_0065,234.05,PURCHASE,2026-08-02 09:50:26,MERCH_006,DEV_0422,"Delhi, IN",1493,196,272.23,0,1,0,2,1,0,-0.1402,0.8598,2,0,1,0,0,9,6
TX_000948,USR_0375,953.61,TRANSFER,2026-08-02 10:16:08,MERCH_093,DEV_0369,"Hyderabad, IN",604,9,676.57,0,1,1,1,0,0,0.4095,1.4095,1,0,0,0,1,10,6
TX_000949,USR_0583,1060.71,PURCHASE,2026-08-02 10:22:10,MERCH_243,DEV_0338,"Pune, IN",646,147,698.9,0,1,1,1,1,0,0.5177,1.5177,1,0,0,0,0,10,6
TX_000950,USR_0321,280.88,WITHDRAWAL,2026-08-02 12:24:21,MERCH_044,DEV_0498,"Delhi, IN",914,149,307.6,0,1,0,5,1,0,-0.0869,0.9131,5,0,1,0,0,12,6
TX_000951,USR_0063,2068.1,TRANSFER,2026-08-02 12:45:44,MERCH_095,DEV_0621,Unknown Proxy,649,93,288.43,1,0,1,11,0,1,6.1702,7.1702,11,1,0,0,1,12,6
TX_000952,USR_0161,378.22,PURCHASE,2026-08-02 12:54:58,MERCH_055,DEV_0390,"Kolkata, IN",423,172,392.3,0,1,0,4,1,0,-0.0359,0.9641,4,0,1,0,0,12,6
TX_000953,USR_0320,322.76,PURCHASE,2026-08-02 13:33:01,MERCH_183,DEV_0726,"Bengaluru, IN",1062,95,297.45,0,1,0,1,1,0,0.0851,1.0851,1,0,1,0,0,13,6
TX_000954,USR_0243,917.68,PAYMENT,2026-08-02 13:35:04,MERCH_116,DEV_0745,"Hyderabad, IN",680,163,1412.46,0,1,1,3,1,0,-0.3503,0.6497,3,0,0,0,0,13,6
TX_000955,USR_0390,393.61,PURCHASE,2026-08-02 14:24:12,MERCH_149,DEV_0387,"Delhi, IN",1413,56,570.55,0,1,0,1,1,0,-0.3101,0.6899,1,0,1,0,0,14,6
TX_000956,USR_0099,437.55,PURCHASE,2026-08-02 14:58:42,MERCH_236,DEV_0819,"Ahmedabad, IN",335,142,454.95,0,1,1,2,1,0,-0.0382,0.9618,2,0,0,0,0,14,6
TX_000957,USR_0297,59.03,PAYMENT,2026-08-02 15:27:57,MERCH_131,DEV_0156,"Mumbai, IN",669,189,223.57,0,1,0,3,1,0,-0.736,0.264,3,0,1,0,0,15,6
TX_000958,USR_0351,1970.29,PAYMENT,2026-08-02 16:23:28,MERCH_184,DEV_0839,"Delhi, IN",800,241,783.28,1,1,1,2,1,0,1.5154,2.5154,2,0,0,0,0,16,6
TX_000959,USR_0289,1102.26,TRANSFER,2026-08-02 16:23:51,MERCH_025,DEV_0265,"Kolkata, IN",1362,90,284.45,0,1,1,2,1,0,2.8751,3.8751,2,0,0,0,0,16,6
TX_000960,USR_0327,2407.81,TRANSFER,2026-08-02 16:23:52,MERCH_054,DEV_0508,Unknown Proxy,870,118,275.8,0,0,1,8,0,1,7.7303,8.7303,8,1,0,0,1,16,6
TX_000961,USR_0078,1177.63,PAYMENT,2026-08-02 16:38:37,MERCH_237,DEV_0256,"Kolkata, IN",110,119,803.28,0,1,1,5,1,0,0.466,1.466,5,0,0,0,0,16,6
TX_000962,USR_0029,1155.66,TRANSFER,2026-08-02 16:42:09,MERCH_215,DEV_0398,"Ahmedabad, IN",511,215,601.69,0,0,0,2,1,0,0.9207,1.9207,2,1,1,0,0,16,6
TX_000963,USR_0380,27.68,TRANSFER,2026-08-02 16:57:03,MERCH_165,DEV_0307,"Kolkata, IN",1329,240,68.83,0,1,1,3,1,0,-0.5978,0.4022,3,0,0,0,0,16,6
TX_000964,USR_0133,695.27,WITHDRAWAL,2026-08-02 17:32:21,MERCH_095,DEV_0635,"Bengaluru, IN",413,161,399.78,2,1,1,2,1,0,0.7391,1.7391,2,0,0,0,0,17,6
TX_000965,USR_0548,356.45,TRANSFER,2026-08-02 18:09:35,MERCH_050,DEV_0074,"Delhi, IN",515,205,494.42,0,1,0,5,1,0,-0.2791,0.7209,5,0,1,0,0,18,6
TX_000966,USR_0003,1470.75,PURCHASE,2026-08-02 20:16:14,MERCH_213,DEV_0755,"Kolkata, IN",232,21,348.82,0,1,1,4,1,0,3.2164,4.2164,4,0,0,0,0,20,6
TX_000967,USR_0408,427.16,PURCHASE,2026-08-02 20:23:59,MERCH_197,DEV_0814,"Chennai, IN",1081,190,507.51,0,1,1,2,1,0,-0.1583,0.8417,2,0,0,0,0,20,6
TX_000968,USR_0322,198.79,PURCHASE,2026-08-02 20:26:39,MERCH_061,DEV_0507,"Bengaluru, IN",215,202,115.81,1,1,0,2,1,0,0.7165,1.7165,2,0,1,0,0,20,6
TX_000969,USR_0507,45.61,PURCHASE,2026-08-02 22:36:12,MERCH_148,DEV_0493,"Pune, IN",556,179,53.84,0,0,1,6,1,0,-0.1529,0.8471,6,1,0,0,0,22,6
TX_000970,USR_0380,858.76,PURCHASE,2026-08-02 22:47:50,MERCH_155,DEV_0630,"Bengaluru, IN",1069,146,216.51,0,1,1,2,1,0,2.9664,3.9664,2,0,0,0,0,22,6
TX_000971,USR_0529,379.14,PURCHASE,2026-08-02 23:22:30,MERCH_120,DEV_0180,"Mumbai, IN",1343,224,556.09,0,1,1,2,1,0,-0.3182,0.6818,2,0,0,0,0,23,6
TX_000972,USR_0099,81.28,WITHDRAWAL,2026-08-02 23:42:09,MERCH_232,DEV_0675,"Moscow, RU",337,163,40.07,5,1,1,8,1,1,1.0285,2.0285,8,0,0,0,0,23,6
TX_000973,USR_0325,341.7,PURCHASE,2026-08-03 00:16:16,MERCH_032,DEV_0197,"Ahmedabad, IN",502,211,239.03,0,1,1,2,1,0,0.4295,1.4295,2,0,0,1,0,0,0
TX_000974,USR_0402,131.63,PURCHASE,2026-08-03 00:32:23,MERCH_065,DEV_0609,"Hyderabad, IN",183,45,106.4,0,1,1,1,1,0,0.2371,1.2371,1,0,0,1,0,0,0
TX_000975,USR_0494,414.11,PURCHASE,2026-08-03 00:39:13,MERCH_024,DEV_0276,"Delhi, IN",660,166,375.13,0,1,1,1,1,0,0.1039,1.1039,1,0,0,1,0,0,0
TX_000976,USR_0595,1204.85,PURCHASE,2026-08-03 00:39:49,MERCH_174,DEV_0672,"Mumbai, IN",1498,109,1954.07,0,1,1,3,1,0,-0.3834,0.6166,3,0,0,1,0,0,0
TX_000977,USR_0083,67.72,WITHDRAWAL,2026-08-03 00:43:27,MERCH_162,DEV_0712,"Chennai, IN",461,217,382.36,0,1,1,1,1,0,-0.8229,0.1771,1,0,0,1,0,0,0
TX_000978,USR_0027,793.91,PURCHASE,2026-08-03 00:50:16,MERCH_247,DEV_0188,"Kolkata, IN",395,220,415.14,1,1,0,2,1,0,0.9124,1.9124,2,0,1,1,0,0,0
TX_000979,USR_0242,584.6,PURCHASE,2026-08-03 01:41:22,MERCH_136,DEV_0556,"Kolkata, IN",603,211,844.44,0,1,1,2,1,0,-0.3077,0.6923,2,0,0,1,0,1,0
TX_000980,USR_0182,930.27,WITHDRAWAL,2026-08-03 02:16:50,MERCH_038,DEV_0449,"Bengaluru, IN",1344,54,457.25,0,1,1,3,1,0,1.0345,2.0345,3,0,0,1,0,2,0
TX_000981,USR_0020,457.88,PURCHASE,2026-08-03 03:09:46,MERCH_113,DEV_0265,"Pune, IN",823,123,382.99,0,1,0,3,1,0,0.1955,1.1955,3,0,1,1,0,3,0
TX_000982,USR_0561,1871.33,PURCHASE,2026-08-03 02:05:00,MERCH_023,DEV_0530,"Moscow, RU",916,1,901.66,0,1,1,4,0,1,1.0754,2.0754,4,0,0,1,1,2,0
TX_000983,USR_0174,1027.0,WITHDRAWAL,2026-08-03 03:18:58,MERCH_168,DEV_0894,"Chennai, IN",1172,244,641.09,0,1,0,4,1,0,0.602,1.602,4,0,1,1,0,3,0
TX_000984,USR_0327,107.09,TRANSFER,2026-08-03 03:46:40,MERCH_169,DEV_0003,"Chennai, IN",1074,65,558.76,0,1,0,3,1,0,-0.8083,0.1917,3,0,1,1,0,3,0
TX_000985,USR_0387,575.28,WITHDRAWAL,2026-08-03 03:57:20,MERCH_215,DEV_0862,"Delhi, IN",901,156,405.52,0,0,1,4,1,0,0.4186,1.4186,4,1,0,1,0,3,0
TX_000986,USR_0017,264.1,WITHDRAWAL,2026-08-03 05:20:44,MERCH_085,DEV_0771,"Ahmedabad, IN",844,122,347.13,0,1,1,5,1,0,-0.2392,0.7608,5,0,0,1,0,5,0
TX_000987,USR_0554,1815.98,PAYMENT,2026-08-03 05:46:46,MERCH_078,DEV_0477,"Pune, IN",803,226,895.27,0,1,1,2,1,0,1.0284,2.0284,2,0,0,1,0,5,0
TX_000988,USR_0553,488.43,PURCHASE,2026-08-03 06:40:47,MERCH_018,DEV_0550,"Ahmedabad, IN",276,205,349.64,0,1,1,5,1,0,0.397,1.397,5,0,0,0,0,6,0
TX_000989,USR_0552,1594.98,WITHDRAWAL,2026-08-03 06:49:01,MERCH_104,DEV_0333,"Delhi, IN",625,194,1133.07,0,0,1,5,1,0,0.4077,1.4077,5,1,0,0,0,6,0
TX_000990,USR_0473,163.52,TRANSFER,2026-08-03 07:21:40,MERCH_119,DEV_0117,"Delhi, IN",1271,161,205.18,1,0,1,3,1,0,-0.203,0.797,3,1,0,0,0,7,0
TX_000991,USR_0259,693.25,PURCHASE,2026-08-03 07:26:02,MERCH_189,DEV_0515,"Chennai, IN",65,30,1318.94,0,1,1,2,1,0,-0.4744,0.5256,2,0,0,0,0,7,0
TX_000992,USR_0283,460.31,PAYMENT,2026-08-03 07:49:57,MERCH_189,DEV_0735,"Bengaluru, IN",1243,229,641.16,0,1,1,2,1,0,-0.2821,0.7179,2,0,0,0,0,7,0
TX_000993,USR_0054,64.26,PURCHASE,2026-08-03 08:27:08,MERCH_036,DEV_0208,"Kolkata, IN",851,16,217.64,0,1,1,3,1,0,-0.7047,0.2953,3,0,0,0,0,8,0
TX_000994,USR_0544,427.2,PAYMENT,2026-08-03 09:18:16,MERCH_072,DEV_0646,"Mumbai, IN",529,114,659.17,0,1,1,5,1,0,-0.3519,0.6481,5,0,0,0,0,9,0
TX_000995,USR_0562,101.48,TRANSFER,2026-08-03 02:00:00,MERCH_128,DEV_0674,"Moscow, RU",177,95,276.31,0,1,1,2,0,1,-0.6327,0.3673,2,0,0,1,1,2,0
TX_000996,USR_0037,172.39,PURCHASE,2026-08-03 10:31:49,MERCH_084,DEV_0683,"Delhi, IN",1147,98,461.42,1,1,1,4,1,0,-0.6264,0.3736,4,0,0,0,0,10,0
TX_000997,USR_0261,320.54,PURCHASE,2026-08-03 11:02:58,MERCH_007,DEV_0307,"Pune, IN",8,244,312.4,0,0,1,2,1,0,0.0261,1.0261,2,1,0,0,0,11,0
TX_000998,USR_0511,548.24,PAYMENT,2026-08-03 11:38:34,MERCH_212,DEV_0353,"Chennai, IN",817,58,407.31,1,1,1,1,0,0,0.346,1.346,1,0,0,0,1,11,0
TX_000999,USR_0201,849.51,TRANSFER,2026-08-03 11:38:58,MERCH_183,DEV_0375,"Hyderabad, IN",249,145,911.71,0,1,1,1,1,0,-0.0682,0.9318,1,0,0,0,0,11,0
TX_001000,USR_0458,456.65,PURCHASE,2026-08-03 11:53:57,MERCH_131,DEV_0769,"Hyderabad, IN",1364,55,663.9,0,1,1,1,0,0,-0.3122,0.6878,1,0,0,0,1,11,0
TX_001001,USR_0519,99.43,PURCHASE,2026-08-03 12:08:02,MERCH_080,DEV_0811,"Pune, IN",279,227,193.49,0,1,1,2,1,0,-0.4861,0.5139,2,0,0,0,0,12,0
TX_001002,USR_0225,156.33,WITHDRAWAL,2026-08-03 13:00:01,MERCH_211,DEV_0373,"Ahmedabad, IN",1205,184,201.98,0,1,0,3,1,0,-0.226,0.774,3,0,1,0,0,13,0
TX_001003,USR_0413,307.32,PURCHASE,2026-08-03 13:08:23,MERCH_009,DEV_0873,"Bengaluru, IN",864,104,551.33,0,1,1,4,1,0,-0.4426,0.5574,4,0,0,0,0,13,0
TX_001004,USR_0139,531.55,TRANSFER,2026-08-03 13:23:15,MERCH_112,DEV_0514,"Ahmedabad, IN",68,21,582.1,0,0,1,5,1,0,-0.0868,0.9132,5,1,0,0,0,13,0
TX_001005,USR_0374,96.01,TRANSFER,2026-08-03 13:25:37,MERCH_201,DEV_0347,"Delhi, IN",1082,39,271.35,0,1,1,3,1,0,-0.6462,0.3538,3,0,0,0,0,13,0
TX_001006,USR_0247,2227.4,PURCHASE,2026-08-03 13:57:19,MERCH_239,DEV_0001,"Bengaluru, IN",1319,61,1484.35,1,1,1,3,1,0,0.5006,1.5006,3,0,0,0,0,13,0
TX_001007,USR_0411,545.0,TRANSFER,2026-08-03 14:51:51,MERCH_063,DEV_0550,"Mumbai, IN",337,102,828.29,0,1,1,1,1,0,-0.342,0.658,1,0,0,0,0,14,0
TX_001008,USR_0074,1341.55,TRANSFER,2026-08-03 14:54:30,MERCH_163,DEV_0581,"Singapore, SG",1453,221,281.48,0,0,1,5,0,1,3.7661,4.7661,5,1,0,0,1,14,0
TX_001009,USR_0106,443.3,PAYMENT,2026-08-03 14:56:03,MERCH_048,DEV_0872,"Mumbai, IN",1198,30,261.79,0,1,1,4,1,0,0.6933,1.6933,4,0,0,0,0,14,0
TX_001010,USR_0013,446.53,PAYMENT,2026-08-03 15:02:29,MERCH_029,DEV_0647,"Kolkata, IN",1115,144,379.32,1,1,1,2,1,0,0.1772,1.1772,2,0,0,0,0,15,0
TX_001011,USR_0188,561.04,PURCHASE,2026-08-03 16:08:54,MERCH_089,DEV_0027,"Pune, IN",508,87,350.85,1,1,1,2,1,0,0.5991,1.5991,2,0,0,0,0,16,0
TX_001012,USR_0240,286.59,PURCHASE,2026-08-03 16:25:57,MERCH_222,DEV_0511,"Kolkata, IN",186,12,1154.43,0,1,0,3,0,0,-0.7517,0.2483,3,0,1,0,1,16,0
TX_001013,USR_0538,9180.76,WITHDRAWAL,2026-08-03 16:29:49,MERCH_173,DEV_0669,"Lagos, NG",647,155,941.66,0,0,1,8,0,1,8.7495,9.7495,8,1,0,0,1,16,0
TX_001014,USR_0075,900.13,PAYMENT,2026-08-03 16:31:35,MERCH_123,DEV_0447,"Hyderabad, IN",1212,176,461.99,0,1,0,3,1,0,0.9484,1.9484,3,0,1,0,0,16,0
TX_001015,USR_0560,990.96,PURCHASE,2026-08-03 16:34:34,MERCH_071,DEV_0387,"Delhi, IN",882,239,748.2,1,1,1,2,0,0,0.3245,1.3245,2,0,0,0,1,16,0
TX_001016,USR_0509,2638.52,TRANSFER,2026-08-03 04:30:00,MERCH_036,DEV_0729,"Singapore, SG",973,127,834.2,0,0,1,4,0,1,2.1629,3.1629,4,1,0,1,1,4,0
TX_001017,USR_0359,1353.97,PAYMENT,2026-08-03 18:02:19,MERCH_068,DEV_0551,Unknown Proxy,1173,82,470.1,3,1,1,9,1,1,1.8802,2.8802,9,0,0,0,0,18,0
TX_001018,USR_0464,703.41,PURCHASE,2026-08-03 20:31:33,MERCH_039,DEV_0614,"Delhi, IN",512,213,608.63,1,0,1,2,1,0,0.1557,1.1557,2,1,0,0,0,20,0
TX_001019,USR_0077,10218.99,TRANSFER,2026-08-03 20:53:48,MERCH_047,DEV_0418,"Moscow, RU",62,62,702.67,1,0,1,5,1,1,13.5431,14.5431,5,1,0,0,0,20,0
TX_001020,USR_0347,330.95,PURCHASE,2026-08-03 20:55:37,MERCH_172,DEV_0251,"Bengaluru, IN",1326,170,648.69,0,1,1,8,1,0,-0.4898,0.5102,8,0,0,0,0,20,0
TX_001021,USR_0340,175.19,TRANSFER,2026-08-03 21:18:28,MERCH_034,DEV_0468,"Delhi, IN",922,235,250.92,0,1,1,2,1,0,-0.3018,0.6982,2,0,0,0,0,21,0
TX_001022,USR_0040,197.48,PURCHASE,2026-08-03 21:48:36,MERCH_012,DEV_0864,"Ahmedabad, IN",851,2,270.69,0,1,1,2,1,0,-0.2705,0.7295,2,0,0,0,0,21,0
TX_001023,USR_0172,234.44,PAYMENT,2026-08-03 21:55:39,MERCH_136,DEV_0543,"Chennai, IN",862,231,362.42,0,1,1,2,1,0,-0.3531,0.6469,2,0,0,0,0,21,0
TX_001024,USR_0239,138.7,PURCHASE,2026-08-03 22:13:32,MERCH_072,DEV_0637,"Delhi, IN",1280,52,264.87,3,1,0,3,1,0,-0.4763,0.5237,3,0,1,0,0,22,0
TX_001025,USR_0596,184.09,PURCHASE,2026-08-03 22:14:57,MERCH_114,DEV_0112,"Kolkata, IN",1155,120,149.07,0,1,1,2,1,0,0.2349,1.2349,2,0,0,0,0,22,0
TX_001026,USR_0378,2141.0,WITHDRAWAL,2026-08-03 22:23:11,MERCH_035,DEV_0890,"Bengaluru, IN",1007,65,747.11,1,1,0,1,1,0,1.8657,2.8657,1,0,1,0,0,22,0
TX_001027,USR_0243,1018.08,WITHDRAWAL,2026-08-03 00:23:00,MERCH_053,DEV_0221,"Moscow, RU",1174,36,583.51,0,1,1,7,0,1,0.7448,1.7448,7,0,0,1,1,0,0
TX_001028,USR_0246,127.12,TRANSFER,2026-08-03 22:40:40,MERCH_111,DEV_0875,"Pune, IN",437,175,164.8,0,1,1,3,1,0,-0.2286,0.7714,3,0,0,0,0,22,0
TX_001029,USR_0394,690.68,TRANSFER,2026-08-03 22:43:13,MERCH_173,DEV_0402,"Delhi, IN",1069,121,375.61,1,1,1,2,1,0,0.8388,1.8388,2,0,0,0,0,22,0
TX_001030,USR_0408,467.01,PURCHASE,2026-08-03 23:14:23,MERCH_104,DEV_0828,"Chennai, IN",1462,127,391.91,0,1,1,5,1,0,0.1916,1.1916,5,0,0,0,0,23,0
TX_001031,USR_0593,477.82,TRANSFER,2026-08-03 23:16:04,MERCH_136,DEV_0803,"Kolkata, IN",357,121,515.79,0,1,1,2,1,0,-0.0736,0.9264,2,0,0,0,0,23,0
TX_001032,USR_0080,177.82,PURCHASE,2026-08-03 23:19:41,MERCH_131,DEV_0680,"Pune, IN",859,187,199.9,0,1,1,3,1,0,-0.1105,0.8895,3,0,0,0,0,23,0
TX_001033,USR_0253,136.15,PURCHASE,2026-08-03 23:21:03,MERCH_068,DEV_0825,"Chennai, IN",1024,241,163.0,0,1,0,2,1,0,-0.1647,0.8353,2,0,1,0,0,23,0
TX_001034,USR_0485,965.1,PAYMENT,2026-08-04 00:44:37,MERCH_070,DEV_0549,"Hyderabad, IN",778,128,664.5,0,1,1,2,1,0,0.4524,1.4524,2,0,0,1,0,0,1
TX_001035,USR_0457,148.35,TRANSFER,2026-08-04 01:41:17,MERCH_107,DEV_0764,"Kolkata, IN",1453,39,142.42,0,1,1,1,1,0,0.0416,1.0416,1,0,0,1,0,1,1
TX_001036,USR_0275,223.92,PURCHASE,2026-08-04 03:01:39,MERCH_009,DEV_0155,"Hyderabad, IN",609,82,377.95,0,0,1,4,1,0,-0.4075,0.5925,4,1,0,1,0,3,1
TX_001037,USR_0496,202.3,PURCHASE,2026-08-04 03:02:31,MERCH_172,DEV_0064,"Hyderabad, IN",332,124,352.37,0,1,1,3,1,0,-0.4259,0.5741,3,0,0,1,0,3,1
TX_001038,USR_0055,476.1,PAYMENT,2026-08-04 04:37:22,MERCH_154,DEV_0490,"Bengaluru, IN",210,26,410.26,0,1,1,3,1,0,0.1605,1.1605,3,0,0,1,0,4,1
TX_001039,USR_0326,683.62,PURCHASE,2026-08-04 04:42:50,MERCH_077,DEV_0729,"Mumbai, IN",1274,58,543.91,1,1,1,4,1,0,0.2569,1.2569,4,0,0,1,0,4,1
TX_001040,USR_0549,1158.22,PURCHASE,2026-08-04 05:10:28,MERCH_094,DEV_0689,"Kolkata, IN",1031,51,1492.45,0,1,1,2,1,0,-0.2239,0.7761,2,0,0,1,0,5,1
TX_001041,USR_0492,61.8,PURCHASE,2026-08-04 05:12:17,MERCH_083,DEV_0476,"Singapore, SG",869,243,135.59,0,0,0,2,1,1,-0.5442,0.4558,2,1,1,1,0,5,1
TX_001042,USR_0451,1862.76,PURCHASE,2026-08-04 05:40:23,MERCH_163,DEV_0469,"Ahmedabad, IN",650,100,868.43,2,1,1,5,1,0,1.145,2.145,5,0,0,1,0,5,1
TX_001043,USR_0406,127.76,PURCHASE,2026-08-04 05:58:16,MERCH_190,DEV_0549,"Hyderabad, IN",619,219,68.38,0,1,1,2,1,0,0.8684,1.8684,2,0,0,1,0,5,1
TX_001044,USR_0400,334.53,PAYMENT,2026-08-04 06:50:35,MERCH_028,DEV_0782,"Ahmedabad, IN",1402,138,1279.89,0,1,1,2,1,0,-0.7386,0.2614,2,0,0,0,0,6,1
TX_001045,USR_0129,220.92,PURCHASE,2026-08-04 08:12:21,MERCH_104,DEV_0758,"Delhi, IN",1022,127,97.23,2,1,1,1,0,0,1.2721,2.2721,1,0,0,0,1,8,1
TX_001046,USR_0485,2323.22,PURCHASE,2026-08-04 08:31:17,MERCH_004,DEV_0099,"Chennai, IN",1447,234,2797.67,1,1,1,4,1,0,-0.1696,0.8304,4,0,0,0,0,8,1
TX_001047,USR_0120,361.56,TRANSFER,2026-08-04 08:35:03,MERCH_114,DEV_0537,"Hyderabad, IN",1203,173,335.94,0,1,1,5,1,0,0.0763,1.0763,5,0,0,0,0,8,1
TX_001048,USR_0504,2361.09,TRANSFER,2026-08-04 08:49:30,MERCH_063,DEV_0343,"Pune, IN",1153,60,1184.45,0,1,1,3,1,0,0.9934,1.9934,3,0,0,0,0,8,1
TX_001049,USR_0098,2825.72,TRANSFER,2026-08-04 09:08:40,MERCH_084,DEV_0720,"Chennai, IN",833,71,1014.72,0,0,0,4,1,0,1.7847,2.7847,4,1,1,0,0,9,1
TX_001050,USR_0171,592.14,TRANSFER,2026-08-04 09:19:57,MERCH_115,DEV_0456,"Pune, IN",369,166,324.37,0,1,1,4,1,0,0.8255,1.8255,4,0,0,0,0,9,1
TX_001051,USR_0347,382.27,TRANSFER,2026-08-04 10:01:58,MERCH_081,DEV_0893,"Ahmedabad, IN",982,1,343.59,0,1,1,3,1,0,0.1126,1.1126,3,0,0,0,0,10,1
TX_001052,USR_0224,93.43,TRANSFER,2026-08-04 10:05:45,MERCH_099,DEV_0390,"Bengaluru, IN",1075,38,240.18,0,1,1,2,1,0,-0.611,0.389,2,0,0,0,0,10,1
TX_001053,USR_0248,207.0,WITHDRAWAL,2026-08-04 10:07:25,MERCH_192,DEV_0612,"Ahmedabad, IN",786,19,812.22,0,1,1,2,1,0,-0.7451,0.2549,2,0,0,0,0,10,1
TX_001054,USR_0542,551.39,TRANSFER,2026-08-04 11:11:12,MERCH_203,DEV_0098,"Delhi, IN",37,178,327.55,1,1,0,4,1,0,0.6834,1.6834,4,0,1,0,0,11,1
TX_001055,USR_0399,554.08,WITHDRAWAL,2026-08-04 11:23:01,MERCH_002,DEV_0840,"Mumbai, IN",1440,110,243.47,1,1,1,2,1,0,1.2758,2.2758,2,0,0,0,0,11,1
TX_001056,USR_0169,377.17,PURCHASE,2026-08-04 11:32:55,MERCH_095,DEV_0139,"Pune, IN",1240,3,673.31,0,1,1,3,1,0,-0.4398,0.5602,3,0,0,0,0,11,1
TX_001057,USR_0081,183.28,TRANSFER,2026-08-04 12:03:15,MERCH_212,DEV_0341,"Hyderabad, IN",532,185,229.61,1,0,1,7,1,0,-0.2018,0.7982,7,1,0,0,0,12,1
TX_001058,USR_0444,232.83,TRANSFER,2026-08-04 12:56:00,MERCH_133,DEV_0754,"Pune, IN",743,164,351.61,1,1,0,2,1,0,-0.3378,0.6622,2,0,1,0,0,12,1
TX_001059,USR_0508,317.36,PURCHASE,2026-08-04 13:06:23,MERCH_052,DEV_0871,"Ahmedabad, IN",191,179,487.64,0,1,1,4,1,0,-0.3492,0.6508,4,0,0,0,0,13,1
TX_001060,USR_0193,531.75,PAYMENT,2026-08-04 13:48:20,MERCH_149,DEV_0436,"Bengaluru, IN",1405,41,277.95,0,1,1,2,1,0,0.9131,1.9131,2,0,0,0,0,13,1
TX_001061,USR_0079,341.22,PURCHASE,2026-08-04 14:07:05,MERCH_037,DEV_0437,"Chennai, IN",351,218,311.25,0,1,1,3,1,0,0.0963,1.0963,3,0,0,0,0,14,1
TX_001062,USR_0335,1166.22,PURCHASE,2026-08-04 14:17:48,MERCH_006,DEV_0044,"Kolkata, IN",570,45,1422.95,1,1,1,1,1,0,-0.1804,0.8196,1,0,0,0,0,14,1
TX_001063,USR_0544,2066.18,PAYMENT,2026-08-04 14:51:00,MERCH_159,DEV_0881,"Chennai, IN",646,143,386.09,0,1,1,2,1,0,4.3516,5.3516,2,0,0,0,0,14,1
TX_001064,USR_0370,128.66,PURCHASE,2026-08-04 14:52:51,MERCH_129,DEV_0015,"Ahmedabad, IN",399,140,343.62,0,1,1,4,1,0,-0.6256,0.3744,4,0,0,0,0,14,1
TX_001065,USR_0160,535.95,PURCHASE,2026-08-04 15:04:52,MERCH_190,DEV_0024,"Kolkata, IN",954,55,394.61,1,1,1,3,1,0,0.3582,1.3582,3,0,0,0,0,15,1
TX_001066,USR_0441,304.37,PURCHASE,2026-08-04 15:13:40,MERCH_087,DEV_0427,"Mumbai, IN",1492,94,632.76,0,1,1,2,1,0,-0.519,0.481,2,0,0,0,0,15,1
TX_001067,USR_0054,177.95,PAYMENT,2026-08-04 16:05:13,MERCH_214,DEV_0004,"Delhi, IN",1283,13,207.23,0,1,1,5,1,0,-0.1413,0.8587,5,0,0,0,0,16,1
TX_001068,USR_0341,649.54,PURCHASE,2026-08-04 16:27:47,MERCH_106,DEV_0148,"Pune, IN",799,118,619.96,2,1,1,3,0,0,0.0477,1.0477,3,0,0,0,1,16,1
TX_001069,USR_0560,897.94,TRANSFER,2026-08-04 16:43:50,MERCH_185,DEV_0565,"Delhi, IN",202,169,545.18,1,1,1,5,1,0,0.6471,1.6471,5,0,0,0,0,16,1
TX_001070,USR_0192,94.44,WITHDRAWAL,2026-08-04 16:50:25,MERCH_026,DEV_0635,"Delhi, IN",1295,77,117.65,0,1,1,3,1,0,-0.1973,0.8027,3,0,0,0,0,16,1
TX_001071,USR_0421,1295.2,TRANSFER,2026-08-04 17:48:13,MERCH_025,DEV_0269,"Kolkata, IN",390,134,1728.38,1,1,1,1,1,0,-0.2506,0.7494,1,0,0,0,0,17,1
TX_001072,USR_0432,1067.9,PAYMENT,2026-08-04 18:49:32,MERCH_196,DEV_0716,"Hyderabad, IN",1367,238,1345.95,0,0,1,2,1,0,-0.2066,0.7934,2,1,0,0,0,18,1
TX_001073,USR_0552,116.38,WITHDRAWAL,2026-08-04 19:19:24,MERCH_209,DEV_0547,"Delhi, IN",597,59,246.86,0,1,1,3,1,0,-0.5286,0.4714,3,0,0,0,0,19,1
TX_001074,USR_0312,278.23,PURCHASE,2026-08-04 03:24:00,MERCH_236,DEV_0206,"Singapore, SG",781,73,193.92,1,0,0,1,0,1,0.4348,1.4348,1,1,1,1,1,3,1
TX_001075,USR_0345,609.81,PAYMENT,2026-08-04 19:43:28,MERCH_082,DEV_0642,"Pune, IN",658,30,533.94,0,1,1,2,1,0,0.1421,1.1421,2,0,0,0,0,19,1
TX_001076,USR_0565,194.95,PURCHASE,2026-08-04 20:38:51,MERCH_006,DEV_0533,"Ahmedabad, IN",687,135,154.45,0,1,1,4,1,0,0.2622,1.2622,4,0,0,0,0,20,1
TX_001077,USR_0319,1138.26,PURCHASE,2026-08-04 20:56:01,MERCH_245,DEV_0731,"Ahmedabad, IN",253,51,1251.95,0,1,1,2,1,0,-0.0908,0.9092,2,0,0,0,0,20,1
TX_001078,USR_0426,265.74,PURCHASE,2026-08-04 21:24:09,MERCH_151,DEV_0140,"Mumbai, IN",832,213,316.68,0,1,1,4,1,0,-0.1609,0.8391,4,0,0,0,0,21,1
TX_001079,USR_0060,3101.82,TRANSFER,2026-08-04 21:50:53,MERCH_062,DEV_0208,"Delhi, IN",608,73,1518.69,0,1,0,2,1,0,1.0424,2.0424,2,0,1,0,0,21,1
TX_001080,USR_0333,448.15,PURCHASE,2026-08-04 22:01:19,MERCH_191,DEV_0274,"Hyderabad, IN",1272,166,242.49,1,1,1,6,1,0,0.8481,1.8481,6,0,0,0,0,22,1
TX_001081,USR_0145,987.04,TRANSFER,2026-08-04 22:40:44,MERCH_226,DEV_0308,"Ahmedabad, IN",719,48,413.68,2,0,0,2,1,0,1.386,2.386,2,1,1,0,0,22,1
TX_001082,USR_0044,1410.71,PURCHASE,2026-08-04 22:56:52,MERCH_072,DEV_0800,"Mumbai, IN",1447,81,1164.05,1,1,1,4,1,0,0.2119,1.2119,4,0,0,0,0,22,1
TX_001083,USR_0383,809.19,PURCHASE,2026-08-04 23:01:23,MERCH_193,DEV_0660,"Mumbai, IN",449,43,353.12,0,1,1,2,1,0,1.2915,2.2915,2,0,0,0,0,23,1
TX_001084,USR_0519,400.56,PURCHASE,2026-08-04 23:07:51,MERCH_197,DEV_0490,"Delhi, IN",497,138,551.87,0,1,1,3,1,0,-0.2742,0.7258,3,0,0,0,0,23,1
TX_001085,USR_0174,852.51,WITHDRAWAL,2026-08-04 23:59:56,MERCH_126,DEV_0487,"Ahmedabad, IN",61,7,1021.21,0,0,1,2,1,0,-0.1652,0.8348,2,1,0,0,0,23,1
TX_001086,USR_0273,613.41,PURCHASE,2026-08-05 00:12:13,MERCH_159,DEV_0798,"Ahmedabad, IN",1109,21,296.55,0,1,1,2,1,0,1.0685,2.0685,2,0,0,1,0,0,2
TX_001087,USR_0094,287.49,PURCHASE,2026-08-05 00:19:53,MERCH_068,DEV_0403,"Mumbai, IN",116,125,174.68,0,1,0,6,1,0,0.6458,1.6458,6,0,1,1,0,0,2
TX_001088,USR_0557,118.68,PURCHASE,2026-08-05 01:21:00,MERCH_233,DEV_0203,"Moscow, RU",433,136,150.69,0,1,0,2,0,1,-0.2124,0.7876,2,0,1,1,1,1,2
TX_001089,USR_0247,335.88,PURCHASE,2026-08-05 00:44:59,MERCH_246,DEV_0124,"Bengaluru, IN",1366,83,697.03,0,1,1,3,1,0,-0.5181,0.4819,3,0,0,1,0,0,2
TX_001090,USR_0309,501.83,TRANSFER,2026-08-05 01:03:24,MERCH_246,DEV_0298,"Delhi, IN",919,108,602.35,1,1,1,2,1,0,-0.1669,0.8331,2,0,0,1,0,1,2
TX_001091,USR_0290,608.09,PURCHASE,2026-08-05 02:14:43,MERCH_185,DEV_0588,"Pune, IN",841,104,997.74,0,1,1,2,1,0,-0.3905,0.6095,2,0,0,1,0,2,2
TX_001092,USR_0364,1069.19,PURCHASE,2026-08-05 02:56:18,MERCH_011,DEV_0424,"Chennai, IN",1208,189,366.4,0,0,1,5,1,0,1.9181,2.9181,5,1,0,1,0,2,2
TX_001093,USR_0320,239.89,PAYMENT,2026-08-05 02:59:57,MERCH_092,DEV_0380,"Ahmedabad, IN",1158,112,153.88,0,1,0,4,1,0,0.5589,1.5589,4,0,1,1,0,2,2
TX_001094,USR_0598,44.56,PURCHASE,2026-08-05 03:56:15,MERCH_112,DEV_0433,"Lagos, NG",1330,212,77.07,6,1,1,7,1,1,-0.4218,0.5782,7,0,0,1,0,3,2
TX_001095,USR_0182,1864.92,PURCHASE,2026-08-05 04:02:44,MERCH_240,DEV_0878,"Kolkata, IN",1000,55,3866.94,0,1,1,4,1,0,-0.5177,0.4823,4,0,0,1,0,4,2
TX_001096,USR_0286,383.19,WITHDRAWAL,2026-08-05 04:35:25,MERCH_137,DEV_0898,"Delhi, IN",676,50,668.1,0,1,0,3,1,0,-0.4264,0.5736,3,0,1,1,0,4,2
TX_001097,USR_0578,329.84,TRANSFER,2026-08-05 04:54:21,MERCH_135,DEV_0146,"Pune, IN",202,101,498.62,0,1,1,5,1,0,-0.3385,0.6615,5,0,0,1,0,4,2
TX_001098,USR_0113,473.37,TRANSFER,2026-08-05 05:00:13,MERCH_037,DEV_0104,"Kolkata, IN",559,21,554.59,0,0,0,2,1,0,-0.1465,0.8535,2,1,1,1,0,5,2
TX_001099,USR_0076,301.92,PURCHASE,2026-08-05 06:29:53,MERCH_199,DEV_0220,"Ahmedabad, IN",1059,168,153.81,1,1,1,5,1,0,0.9629,1.9629,5,0,0,0,0,6,2
TX_001100,USR_0255,125.82,PURCHASE,2026-08-05 06:42:14,MERCH_085,DEV_0767,"Mumbai, IN",385,98,247.92,0,1,1,2,1,0,-0.4925,0.5075,2,0,0,0,0,6,2
TX_001101,USR_0148,7008.96,PURCHASE,2026-08-05 07:04:24,MERCH_023,DEV_0414,"Chennai, IN",1008,92,1663.61,0,1,1,2,1,0,3.2131,4.2131,2,0,0,0,0,7,2
TX_001102,USR_0002,379.88,PURCHASE,2026-08-05 07:43:05,MERCH_247,DEV_0778,"Pune, IN",206,134,737.31,1,0,1,3,1,0,-0.4848,0.5152,3,1,0,0,0,7,2
TX_001103,USR_0500,96.61,PURCHASE,2026-08-05 07:56:50,MERCH_048,DEV_0583,"Ahmedabad, IN",97,21,253.8,0,1,1,4,1,0,-0.6193,0.3807,4,0,0,0,0,7,2
TX_001104,USR_0292,511.07,PAYMENT,2026-08-05 09:04:35,MERCH_005,DEV_0498,"Hyderabad, IN",551,94,179.31,0,1,1,1,1,0,1.8502,2.8502,1,0,0,0,0,9,2
TX_001105,USR_0187,686.28,TRANSFER,2026-08-05 09:46:51,MERCH_020,DEV_0254,"Hyderabad, IN",350,243,305.66,1,1,1,5,1,0,1.2452,2.2452,5,0,0,0,0,9,2
TX_001106,USR_0324,300.11,PURCHASE,2026-08-05 09:49:54,MERCH_114,DEV_0310,"Hyderabad, IN",1308,157,355.2,0,1,1,5,1,0,-0.1551,0.8449,5,0,0,0,0,9,2
TX_001107,USR_0219,2550.31,PURCHASE,2026-08-05 10:06:17,MERCH_026,DEV_0133,"Bengaluru, IN",571,143,2092.48,0,1,1,5,1,0,0.2188,1.2188,5,0,0,0,0,10,2
TX_001108,USR_0065,484.11,TRANSFER,2026-08-05 10:31:29,MERCH_211,DEV_0468,"Mumbai, IN",632,126,390.74,0,1,1,4,1,0,0.239,1.239,4,0,0,0,0,10,2
TX_001109,USR_0015,191.71,PURCHASE,2026-08-05 10:46:58,MERCH_129,DEV_0253,"Mumbai, IN",609,117,184.4,0,1,0,1,1,0,0.0396,1.0396,1,0,1,0,0,10,2
TX_001110,USR_0496,176.37,PURCHASE,2026-08-05 11:08:01,MERCH_081,DEV_0264,"Hyderabad, IN",480,234,430.65,0,1,1,3,1,0,-0.5905,0.4095,3,0,0,0,0,11,2
TX_001111,USR_0577,103.98,PURCHASE,2026-08-05 11:09:49,MERCH_001,DEV_0036,"Ahmedabad, IN",1377,232,548.67,0,1,1,1,1,0,-0.8105,0.1895,1,0,0,0,0,11,2
TX_001112,USR_0326,94.61,TRANSFER,2026-08-05 11:13:32,MERCH_120,DEV_0720,"Kolkata, IN",1110,102,172.23,0,1,1,5,1,0,-0.4507,0.5493,5,0,0,0,0,11,2
TX_001113,USR_0446,1884.4,TRANSFER,2026-08-05 11:14:47,MERCH_038,DEV_0846,"Bengaluru, IN",244,231,608.42,0,1,1,3,1,0,2.0972,3.0972,3,0,0,0,0,11,2
TX_001114,USR_0207,3540.26,PURCHASE,2026-08-05 12:05:28,MERCH_245,DEV_0449,"Delhi, IN",328,21,1114.25,1,1,0,2,1,0,2.1773,3.1773,2,0,1,0,0,12,2
TX_001115,USR_0384,400.64,PURCHASE,2026-08-05 12:06:23,MERCH_073,DEV_0483,"Delhi, IN",127,80,499.32,1,1,1,3,1,0,-0.1976,0.8024,3,0,0,0,0,12,2
TX_001116,USR_0225,126.31,TRANSFER,2026-08-05 12:10:34,MERCH_119,DEV_0834,"Kolkata, IN",389,76,247.51,0,1,1,3,0,0,-0.4897,0.5103,3,0,0,0,1,12,2
TX_001117,USR_0125,344.95,TRANSFER,2026-08-05 12:58:42,MERCH_005,DEV_0461,"Hyderabad, IN",987,174,302.66,0,1,1,2,1,0,0.1397,1.1397,2,0,0,0,0,12,2
TX_001118,USR_0274,164.1,TRANSFER,2026-08-05 13:13:32,MERCH_033,DEV_0561,"Kolkata, IN",1404,151,129.69,0,0,1,3,1,0,0.2653,1.2653,3,1,0,0,0,13,2
TX_001119,USR_0555,572.11,PURCHASE,2026-08-05 14:28:35,MERCH_052,DEV_0386,"Hyderabad, IN",726,118,407.02,0,1,1,1,1,0,0.4056,1.4056,1,0,0,0,0,14,2
TX_001120,USR_0264,104.56,TRANSFER,2026-08-05 14:56:59,MERCH_013,DEV_0463,"Lagos, NG",128,64,568.12,0,0,0,2,1,1,-0.816,0.184,2,1,1,0,0,14,2
TX_001121,USR_0122,1701.59,PAYMENT,2026-08-05 15:42:00,MERCH_182,DEV_0470,"Chennai, IN",77,127,229.7,0,0,1,3,1,0,6.4079,7.4079,3,1,0,0,0,15,2
TX_001122,USR_0022,3828.12,TRANSFER,2026-08-05 16:05:22,MERCH_237,DEV_0640,"Bengaluru, IN",626,67,1927.58,0,1,1,2,1,0,0.986,1.986,2,0,0,0,0,16,2
TX_001123,USR_0119,681.88,PURCHASE,2026-08-05 16:39:38,MERCH_247,DEV_0544,"Hyderabad, IN",402,124,815.22,0,0,1,5,1,0,-0.1636,0.8364,5,1,0,0,0,16,2
TX_001124,USR_0355,69.94,TRANSFER,2026-08-05 16:49:33,MERCH_067,DEV_0454,"Delhi, IN",868,85,117.29,0,1,1,5,1,0,-0.4037,0.5963,5,0,0,0,0,16,2
TX_001125,USR_0220,215.25,PURCHASE,2026-08-05 04:52:00,MERCH_198,DEV_0069,Unknown Proxy,183,222,119.11,1,1,1,3,0,1,0.8072,1.8072,3,0,0,1,1,4,2
TX_001126,USR_0189,282.38,PURCHASE,2026-08-05 18:01:37,MERCH_127,DEV_0815,"Chennai, IN",350,186,215.13,0,1,1,6,1,0,0.3126,1.3126,6,0,0,0,0,18,2
TX_001127,USR_0097,1478.87,PURCHASE,2026-08-05 19:23:37,MERCH_012,DEV_0800,"Ahmedabad, IN",836,44,1464.31,0,0,1,3,1,0,0.0099,1.0099,3,1,0,0,0,19,2
TX_001128,USR_0465,1124.8,PAYMENT,2026-08-05 19:46:36,MERCH_023,DEV_0167,"Mumbai, IN",426,235,877.82,0,1,1,1,1,0,0.2814,1.2814,1,0,0,0,0,19,2
TX_001129,USR_0219,1344.48,PURCHASE,2026-08-05 19:52:03,MERCH_137,DEV_0264,"Chennai, IN",551,165,1520.86,1,1,1,1,1,0,-0.116,0.884,1,0,0,0,0,19,2
TX_001130,USR_0201,560.1,PAYMENT,2026-08-05 19:56:21,MERCH_106,DEV_0877,"Kolkata, IN",338,88,453.46,2,1,1,4,1,0,0.2352,1.2352,4,0,0,0,0,19,2
TX_001131,USR_0392,586.55,PURCHASE,2026-08-05 20:18:57,MERCH_003,DEV_0289,"Delhi, IN",83,133,384.57,0,1,1,1,0,0,0.5252,1.5252,1,0,0,0,1,20,2
TX_001132,USR_0196,209.93,PURCHASE,2026-08-05 20:26:25,MERCH_233,DEV_0731,"Ahmedabad, IN",522,49,176.55,0,1,1,5,0,0,0.1891,1.1891,5,0,0,0,1,20,2
TX_001133,USR_0174,672.24,PURCHASE,2026-08-05 20:40:27,MERCH_183,DEV_0708,"Ahmedabad, IN",499,12,584.94,0,1,1,5,1,0,0.1492,1.1492,5,0,0,0,0,20,2
TX_001134,USR_0060,913.67,TRANSFER,2026-08-05 20:42:48,MERCH_126,DEV_0775,"Chennai, IN",1348,105,388.43,1,1,1,4,1,0,1.3522,2.3522,4,0,0,0,0,20,2
TX_001135,USR_0281,127.12,PURCHASE,2026-08-05 20:59:23,MERCH_247,DEV_0015,"Delhi, IN",1339,195,377.38,1,1,1,4,1,0,-0.6632,0.3368,4,0,0,0,0,20,2
TX_001136,USR_0543,857.62,PURCHASE,2026-08-05 21:14:11,MERCH_243,DEV_0435,"Bengaluru, IN",651,88,1514.42,0,1,1,2,1,0,-0.4337,0.5663,2,0,0,0,0,21,2
TX_001137,USR_0578,396.14,PURCHASE,2026-08-05 23:11:31,MERCH_244,DEV_0509,"Bengaluru, IN",436,96,409.32,0,1,1,2,0,0,-0.0322,0.9678,2,0,0,0,1,23,2
TX_001138,USR_0278,722.75,PURCHASE,2026-08-05 23:15:54,MERCH_065,DEV_0754,"Ahmedabad, IN",630,247,1221.07,0,1,1,6,1,0,-0.4081,0.5919,6,0,0,0,0,23,2
TX_001139,USR_0521,100.57,PURCHASE,2026-08-05 23:18:56,MERCH_221,DEV_0203,"Mumbai, IN",914,246,136.76,0,1,0,3,1,0,-0.2646,0.7354,3,0,1,0,0,23,2
TX_001140,USR_0036,7423.19,PURCHASE,2026-08-05 23:21:09,MERCH_127,DEV_0277,"Ahmedabad, IN",584,116,3378.99,0,1,1,2,1,0,1.1969,2.1969,2,0,0,0,0,23,2
TX_001141,USR_0037,293.67,PURCHASE,2026-08-05 23:34:33,MERCH_182,DEV_0162,"Mumbai, IN",1135,12,340.12,0,0,1,2,1,0,-0.1366,0.8634,2,1,0,0,0,23,2
TX_001142,USR_0084,221.55,PAYMENT,2026-08-06 01:12:43,MERCH_215,DEV_0686,"Mumbai, IN",1446,170,764.82,1,1,1,2,0,0,-0.7103,0.2897,2,0,0,1,1,1,3
TX_001143,USR_0193,622.52,PURCHASE,2026-08-06 01:30:28,MERCH_041,DEV_0899,"Chennai, IN",609,178,861.74,0,1,1,2,1,0,-0.2776,0.7224,2,0,0,1,0,1,3
TX_001144,USR_0077,306.12,PURCHASE,2026-08-06 02:27:15,MERCH_113,DEV_0127,"Mumbai, IN",182,228,309.89,0,1,1,3,1,0,-0.0122,0.9878,3,0,0,1,0,2,3
TX_001145,USR_0486,811.85,PURCHASE,2026-08-06 02:28:22,MERCH_033,DEV_0210,"Delhi, IN",187,237,831.74,0,1,1,2,0,0,-0.0239,0.9761,2,0,0,1,1,2,3
TX_001146,USR_0518,1180.77,PURCHASE,2026-08-06 02:35:39,MERCH_070,DEV_0277,"Delhi, IN",1308,157,864.8,0,1,1,2,1,0,0.3654,1.3654,2,0,0,1,0,2,3
TX_001147,USR_0532,341.3,TRANSFER,2026-08-06 02:48:55,MERCH_104,DEV_0801,"Kolkata, IN",628,27,263.59,0,1,1,3,1,0,0.2948,1.2948,3,0,0,1,0,2,3
TX_001148,USR_0298,231.14,PURCHASE,2026-08-06 03:33:55,MERCH_214,DEV_0402,"Kolkata, IN",495,63,265.94,0,1,1,2,1,0,-0.1309,0.8691,2,0,0,1,0,3,3
TX_001149,USR_0169,203.92,PURCHASE,2026-08-06 03:55:18,MERCH_216,DEV_0254,"Pune, IN",931,179,465.55,0,1,0,2,1,0,-0.562,0.438,2,0,1,1,0,3,3
TX_001150,USR_0119,5973.64,TRANSFER,2026-08-06 03:58:15,MERCH_098,DEV_0291,"Moscow, RU",1435,152,412.66,0,1,1,4,1,1,13.4759,14.4759,4,0,0,1,0,3,3
TX_001151,USR_0156,811.83,PURCHASE,2026-08-06 04:52:17,MERCH_083,DEV_0539,"Mumbai, IN",641,109,1279.33,0,1,1,7,1,0,-0.3654,0.6346,7,0,0,1,0,4,3
TX_001152,USR_0389,602.41,PAYMENT,2026-08-06 05:16:17,MERCH_133,DEV_0349,"Pune, IN",477,101,762.23,0,1,1,6,0,0,-0.2097,0.7903,6,0,0,1,1,5,3
TX_001153,USR_0089,636.31,PAYMENT,2026-08-06 05:26:50,MERCH_228,DEV_0127,"Delhi, IN",1295,177,426.85,0,1,0,4,1,0,0.4907,1.4907,4,0,1,1,0,5,3
TX_001154,USR_0084,876.96,PURCHASE,2026-08-06 06:08:51,MERCH_245,DEV_0739,"Delhi, IN",130,106,708.96,0,0,1,2,1,0,0.237,1.237,2,1,0,0,0,6,3
TX_001155,USR_0439,157.58,PURCHASE,2026-08-06 06:57:48,MERCH_057,DEV_0381,"Pune, IN",1267,39,96.96,0,1,1,5,1,0,0.6252,1.6252,5,0,0,0,0,6,3
TX_001156,USR_0492,210.21,PURCHASE,2026-08-06 09:08:28,MERCH_047,DEV_0232,"Mumbai, IN",783,244,283.66,0,1,1,3,0,0,-0.2589,0.7411,3,0,0,0,1,9,3
TX_001157,USR_0463,1415.94,PURCHASE,2026-08-06 09:58:15,MERCH_177,DEV_0656,"Bengaluru, IN",37,87,558.42,0,1,1,5,1,0,1.5356,2.5356,5,0,0,0,0,9,3
TX_001158,USR_0380,5800.31,WITHDRAWAL,2026-08-06 10:20:53,MERCH_076,DEV_0671,"Singapore, SG",347,70,1038.75,0,0,1,7,0,1,4.5839,5.5839,7,1,0,0,1,10,3
TX_001159,USR_0553,534.87,TRANSFER,2026-08-06 10:41:26,MERCH_050,DEV_0140,"Hyderabad, IN",1021,18,522.73,2,1,1,5,1,0,0.0232,1.0232,5,0,0,0,0,10,3
TX_001160,USR_0142,1891.46,PURCHASE,2026-08-06 10:59:35,MERCH_008,DEV_0067,"Chennai, IN",1131,117,1343.36,0,1,1,5,1,0,0.408,1.408,5,0,0,0,0,10,3
TX_001161,USR_0268,528.99,PURCHASE,2026-08-06 11:21:04,MERCH_101,DEV_0041,"Pune, IN",299,246,862.82,0,1,1,3,1,0,-0.3869,0.6131,3,0,0,0,0,11,3
TX_001162,USR_0360,75.36,PURCHASE,2026-08-06 11:42:59,MERCH_098,DEV_0690,"Bengaluru, IN",988,40,312.0,0,0,0,3,1,0,-0.7585,0.2415,3,1,1,0,0,11,3
TX_001163,USR_0553,259.79,PAYMENT,2026-08-06 12:09:49,MERCH_141,DEV_0564,"Delhi, IN",1483,61,405.14,1,1,0,3,1,0,-0.3588,0.6412,3,0,1,0,0,12,3
TX_001164,USR_0420,945.22,PAYMENT,2026-08-06 12:48:21,MERCH_051,DEV_0713,"Mumbai, IN",1031,45,611.29,0,1,1,1,1,0,0.5463,1.5463,1,0,0,0,0,12,3
TX_001165,USR_0171,322.12,PURCHASE,2026-08-06 13:50:39,MERCH_179,DEV_0564,"Hyderabad, IN",1055,24,321.43,0,1,1,3,1,0,0.0021,1.0021,3,0,0,0,0,13,3
TX_001166,USR_0481,1234.93,TRANSFER,2026-08-06 14:32:47,MERCH_171,DEV_0362,"Bengaluru, IN",295,151,1419.01,0,1,0,4,1,0,-0.1297,0.8703,4,0,1,0,0,14,3
TX_001167,USR_0551,107.41,PURCHASE,2026-08-06 14:45:38,MERCH_116,DEV_0531,"Delhi, IN",958,75,195.92,0,1,1,2,1,0,-0.4518,0.5482,2,0,0,0,0,14,3
TX_001168,USR_0340,152.18,TRANSFER,2026-08-06 14:52:15,MERCH_046,DEV_0651,"Chennai, IN",1064,188,570.39,0,1,0,3,1,0,-0.7332,0.2668,3,0,1,0,0,14,3
TX_001169,USR_0169,1876.16,TRANSFER,2026-08-06 16:20:30,MERCH_127,DEV_0359,"Chennai, IN",172,100,781.2,1,1,1,1,1,0,1.4016,2.4016,1,0,0,0,0,16,3
TX_001170,USR_0309,295.61,PAYMENT,2026-08-06 16:51:41,MERCH_169,DEV_0824,"Hyderabad, IN",471,159,355.73,1,1,1,1,1,0,-0.169,0.831,1,0,0,0,0,16,3
TX_001171,USR_0397,216.14,PURCHASE,2026-08-06 17:02:58,MERCH_094,DEV_0810,"Hyderabad, IN",1324,23,300.41,2,1,1,1,1,0,-0.2805,0.7195,1,0,0,0,0,17,3
TX_001172,USR_0169,261.29,PURCHASE,2026-08-06 17:14:15,MERCH_066,DEV_0721,"Hyderabad, IN",1498,82,425.04,1,1,1,2,1,0,-0.3853,0.6147,2,0,0,0,0,17,3
TX_001173,USR_0481,1778.8,PAYMENT,2026-08-06 17:39:55,MERCH_127,DEV_0894,"Kolkata, IN",265,104,827.37,0,1,1,2,1,0,1.1499,2.1499,2,0,0,0,0,17,3
TX_001174,USR_0020,521.78,PURCHASE,2026-08-06 17:48:10,MERCH_089,DEV_0352,"Pune, IN",1099,15,309.32,0,1,1,5,1,0,0.6869,1.6869,5,0,0,0,0,17,3
TX_001175,USR_0252,102.4,PURCHASE,2026-08-06 17:49:40,MERCH_101,DEV_0103,"Delhi, IN",755,105,201.86,0,1,1,1,1,0,-0.4927,0.5073,1,0,0,0,0,17,3
TX_001176,USR_0178,8058.54,TRANSFER,2026-08-06 18:36:42,MERCH_088,DEV_0436,"Moscow, RU",888,118,1066.55,0,0,1,11,0,1,6.5557,7.5557,11,1,0,0,1,18,3
TX_001177,USR_0508,525.54,WITHDRAWAL,2026-08-06 20:09:16,MERCH_076,DEV_0672,"Hyderabad, IN",769,101,607.12,0,1,1,3,1,0,-0.1344,0.8656,3,0,0,0,0,20,3
TX_001178,USR_0263,612.95,TRANSFER,2026-08-06 20:17:03,MERCH_180,DEV_0702,"Delhi, IN",1301,126,958.28,2,1,1,1,1,0,-0.3604,0.6396,1,0,0,0,0,20,3
TX_001179,USR_0557,625.09,WITHDRAWAL,2026-08-06 20:37:04,MERCH_116,DEV_0350,"Kolkata, IN",671,199,795.32,0,1,1,1,1,0,-0.214,0.786,1,0,0,0,0,20,3
TX_001180,USR_0468,1319.51,TRANSFER,2026-08-06 21:25:11,MERCH_117,DEV_0264,"Hyderabad, IN",886,192,2308.06,0,1,1,2,0,0,-0.4283,0.5717,2,0,0,0,1,21,3
TX_001181,USR_0304,418.6,PURCHASE,2026-08-06 21:54:02,MERCH_164,DEV_0401,"Chennai, IN",1006,4,1038.44,0,1,1,3,1,0,-0.5969,0.4031,3,0,0,0,0,21,3
TX_001182,USR_0557,411.86,TRANSFER,2026-08-06 21:57:47,MERCH_091,DEV_0724,"Chennai, IN",832,160,261.44,2,1,1,2,0,0,0.5754,1.5754,2,0,0,0,1,21,3
TX_001183,USR_0132,527.68,WITHDRAWAL,2026-08-06 22:03:48,MERCH_026,DEV_0055,"Ahmedabad, IN",1320,226,640.31,0,0,0,2,1,0,-0.1759,0.8241,2,1,1,0,0,22,3
TX_001184,USR_0340,420.87,PAYMENT,2026-08-06 22:43:31,MERCH_214,DEV_0296,"Mumbai, IN",361,217,296.23,0,1,1,2,0,0,0.4208,1.4208,2,0,0,0,1,22,3
TX_001185,USR_0434,367.0,PURCHASE,2026-08-06 22:59:10,MERCH_014,DEV_0207,"Mumbai, IN",1422,81,320.11,0,1,1,3,1,0,0.1465,1.1465,3,0,0,0,0,22,3
TX_001186,USR_0306,211.96,PURCHASE,2026-08-06 23:01:26,MERCH_143,DEV_0726,"Chennai, IN",1019,195,156.0,0,1,1,2,1,0,0.3587,1.3587,2,0,0,0,0,23,3
TX_001187,USR_0542,91.36,WITHDRAWAL,2026-08-06 23:06:11,MERCH_067,DEV_0423,"Delhi, IN",1440,200,363.09,0,1,1,6,1,0,-0.7484,0.2516,6,0,0,0,0,23,3
TX_001188,USR_0334,366.73,PURCHASE,2026-08-06 23:16:03,MERCH_054,DEV_0079,"Bengaluru, IN",566,92,677.24,0,1,1,1,1,0,-0.4585,0.5415,1,0,0,0,0,23,3
TX_001189,USR_0088,589.82,PURCHASE,2026-08-07 01:10:04,MERCH_011,DEV_0236,"Pune, IN",721,217,428.26,0,1,1,4,1,0,0.3772,1.3772,4,0,0,1,0,1,4
TX_001190,USR_0367,81.95,WITHDRAWAL,2026-08-07 01:15:34,MERCH_226,DEV_0040,"Ahmedabad, IN",71,158,197.3,1,1,1,5,1,0,-0.5846,0.4154,5,0,0,1,0,1,4
TX_001191,USR_0104,174.07,PURCHASE,2026-08-07 01:25:34,MERCH_108,DEV_0429,"Ahmedabad, IN",1386,188,143.59,0,1,1,4,1,0,0.2123,1.2123,4,0,0,1,0,1,4
TX_001192,USR_0404,844.86,PURCHASE,2026-08-07 01:46:20,MERCH_086,DEV_0898,"Hyderabad, IN",1225,187,2193.23,0,1,1,3,1,0,-0.6148,0.3852,3,0,0,1,0,1,4
TX_001193,USR_0310,552.14,PURCHASE,2026-08-07 02:06:15,MERCH_186,DEV_0511,"Kolkata, IN",449,195,574.28,1,1,1,3,1,0,-0.0386,0.9614,3,0,0,1,0,2,4
TX_001194,USR_0072,657.01,PURCHASE,2026-08-07 02:16:26,MERCH_010,DEV_0783,"Pune, IN",84,239,242.55,1,1,0,2,1,0,1.7088,2.7088,2,0,1,1,0,2,4
TX_001195,USR_0591,1001.33,WITHDRAWAL,2026-08-07 02:38:51,MERCH_142,DEV_0669,"Pune, IN",1047,214,636.25,1,1,1,2,0,0,0.5738,1.5738,2,0,0,1,1,2,4
TX_001196,USR_0182,663.91,PURCHASE,2026-08-07 03:12:02,MERCH_124,DEV_0795,Unknown Proxy,1010,106,2324.21,1,0,0,2,1,1,-0.7144,0.2856,2,1,1,1,0,3,4
TX_001197,USR_0344,1183.26,PURCHASE,2026-08-07 03:53:17,MERCH_139,DEV_0280,"Kolkata, IN",794,140,716.65,1,1,1,4,1,0,0.6511,1.6511,4,0,0,1,0,3,4
TX_001198,USR_0055,173.01,PURCHASE,2026-08-07 04:51:20,MERCH_031,DEV_0857,"Chennai, IN",240,162,55.64,0,1,1,3,1,0,2.1095,3.1095,3,0,0,1,0,4,4
TX_001199,USR_0190,19274.28,PURCHASE,2026-08-07 05:01:29,MERCH_239,DEV_0215,"Hyderabad, IN",1378,214,3289.42,0,1,1,2,1,0,4.8595,5.8595,2,0,0,1,0,5,4
TX_001200,USR_0060,145.64,PURCHASE,2026-08-07 05:43:17,MERCH_060,DEV_0395,"Bengaluru, IN",652,98,112.43,0,1,1,3,1,0,0.2954,1.2954,3,0,0,1,0,5,4
TX_001201,USR_0095,151.09,PURCHASE,2026-08-07 05:50:44,MERCH_170,DEV_0614,"Pune, IN",1088,78,385.58,0,1,1,2,1,0,-0.6081,0.3919,2,0,0,1,0,5,4
TX_001202,USR_0057,242.68,PURCHASE,2026-08-07 06:00:02,MERCH_187,DEV_0259,"Delhi, IN",1289,184,192.33,0,1,0,4,1,0,0.2618,1.2618,4,0,1,0,0,6,4
TX_001203,USR_0025,693.44,PURCHASE,2026-08-07 06:15:21,MERCH_086,DEV_0239,"Chennai, IN",825,238,258.33,0,1,1,1,1,0,1.6843,2.6843,1,0,0,0,0,6,4
TX_001204,USR_0223,469.16,PURCHASE,2026-08-07 07:05:33,MERCH_033,DEV_0118,"Kolkata, IN",147,228,556.99,1,1,0,2,1,0,-0.1577,0.8423,2,0,1,0,0,7,4
TX_001205,USR_0231,178.4,PURCHASE,2026-08-07 07:29:28,MERCH_075,DEV_0004,"Mumbai, IN",1332,37,95.2,0,1,1,2,1,0,0.8739,1.8739,2,0,0,0,0,7,4
TX_001206,USR_0108,231.79,PURCHASE,2026-08-07 08:13:40,MERCH_202,DEV_0452,"Ahmedabad, IN",1003,229,420.55,1,1,1,1,1,0,-0.4488,0.5512,1,0,0,0,0,8,4
TX_001207,USR_0209,1289.21,PURCHASE,2026-08-07 08:48:02,MERCH_227,DEV_0889,"Bengaluru, IN",1342,197,1063.96,0,1,1,2,1,0,0.2117,1.2117,2,0,0,0,0,8,4
TX_001208,USR_0252,45.09,PURCHASE,2026-08-07 08:56:46,MERCH_235,DEV_0199,"Delhi, IN",921,40,239.08,0,1,0,7,1,0,-0.8114,0.1886,7,0,1,0,0,8,4
TX_001209,USR_0180,81.35,PURCHASE,2026-08-07 09:07:35,MERCH_057,DEV_0397,"Mumbai, IN",1361,2,158.62,0,1,1,2,1,0,-0.4871,0.5129,2,0,0,0,0,9,4
TX_001210,USR_0457,384.06,PURCHASE,2026-08-07 09:28:34,MERCH_152,DEV_0842,"Pune, IN",1302,51,405.36,0,0,1,3,1,0,-0.0525,0.9475,3,1,0,0,0,9,4
TX_001211,USR_0075,262.26,TRANSFER,2026-08-07 05:06:00,MERCH_038,DEV_0696,"Lagos, NG",328,232,349.15,0,1,1,2,0,1,-0.2489,0.7511,2,0,0,1,1,5,4
TX_001212,USR_0235,117.62,PURCHASE,2026-08-07 11:41:09,MERCH_178,DEV_0004,"Mumbai, IN",264,188,287.96,1,1,0,5,1,0,-0.5915,0.4085,5,0,1,0,0,11,4
TX_001213,USR_0582,126.87,WITHDRAWAL,2026-08-07 12:20:59,MERCH_104,DEV_0451,Unknown Proxy,246,144,184.56,0,0,0,3,1,1,-0.3126,0.6874,3,1,1,0,0,12,4
TX_001214,USR_0576,3467.58,TRANSFER,2026-08-07 12:46:31,MERCH_179,DEV_0129,"Lagos, NG",1201,158,664.24,0,0,1,7,0,1,4.2204,5.2204,7,1,0,0,1,12,4
TX_001215,USR_0361,632.48,PURCHASE,2026-08-07 13:04:48,MERCH_172,DEV_0223,"Hyderabad, IN",365,103,703.24,0,1,1,3,0,0,-0.1006,0.8994,3,0,0,0,1,13,4
TX_001216,USR_0009,200.26,PURCHASE,2026-08-07 00:52:00,MERCH_249,DEV_0222,"Singapore, SG",679,226,202.35,1,1,1,3,0,1,-0.0103,0.9897,3,0,0,1,1,0,4
TX_001217,USR_0328,1600.64,WITHDRAWAL,2026-08-07 13:45:00,MERCH_123,DEV_0552,"Lagos, NG",1183,39,224.48,1,0,0,11,0,1,6.1304,7.1304,11,1,1,0,1,13,4
TX_001218,USR_0596,379.39,PURCHASE,2026-08-07 14:44:08,MERCH_086,DEV_0180,"Pune, IN",646,79,498.51,0,0,1,2,1,0,-0.239,0.761,2,1,0,0,0,14,4
TX_001219,USR_0586,502.19,PURCHASE,2026-08-07 15:01:50,MERCH_132,DEV_0227,"Chennai, IN",99,50,218.22,0,0,1,3,0,0,1.3013,2.3013,3,1,0,0,1,15,4
TX_001220,USR_0582,257.29,PURCHASE,2026-08-07 15:07:19,MERCH_041,DEV_0204,"Pune, IN",547,212,514.52,0,1,0,5,1,0,-0.4999,0.5001,5,0,1,0,0,15,4
TX_001221,USR_0139,4507.42,WITHDRAWAL,2026-08-07 15:25:35,MERCH_028,DEV_0322,"Bengaluru, IN",148,135,1353.27,0,1,1,2,1,0,2.3308,3.3308,2,0,0,0,0,15,4
TX_001222,USR_0466,843.76,PURCHASE,2026-08-07 16:10:50,MERCH_130,DEV_0591,"Chennai, IN",582,171,430.26,0,1,1,2,1,0,0.961,1.961,2,0,0,0,0,16,4
TX_001223,USR_0569,136.68,TRANSFER,2026-08-07 16:34:15,MERCH_207,DEV_0360,"Pune, IN",1106,229,181.1,0,1,1,3,1,0,-0.2453,0.7547,3,0,0,0,0,16,4
TX_001224,USR_0460,475.93,WITHDRAWAL,2026-08-07 16:42:15,MERCH_134,DEV_0295,"Bengaluru, IN",783,49,603.85,0,1,1,2,1,0,-0.2118,0.7882,2,0,0,0,0,16,4
TX_001225,USR_0155,428.54,PURCHASE,2026-08-07 16:47:40,MERCH_196,DEV_0466,"Bengaluru, IN",1014,241,393.86,0,1,1,4,0,0,0.0881,1.0881,4,0,0,0,1,16,4
TX_001226,USR_0003,564.4,PAYMENT,2026-08-07 17:54:15,MERCH_045,DEV_0554,"Mumbai, IN",166,32,402.07,0,1,1,1,1,0,0.4037,1.4037,1,0,0,0,0,17,4
TX_001227,USR_0478,1245.38,PAYMENT,2026-08-07 18:13:45,MERCH_113,DEV_0014,"Delhi, IN",1126,188,642.74,0,1,0,4,1,0,0.9376,1.9376,4,0,1,0,0,18,4
TX_001228,USR_0497,300.71,PURCHASE,2026-08-07 18:19:29,MERCH_154,DEV_0802,"Moscow, RU",641,175,755.61,6,1,1,10,0,1,-0.602,0.398,10,0,0,0,1,18,4
TX_001229,USR_0423,584.18,PURCHASE,2026-08-07 18:27:04,MERCH_087,DEV_0825,"Ahmedabad, IN",435,206,462.14,1,1,0,3,1,0,0.2641,1.2641,3,0,1,0,0,18,4
TX_001230,USR_0502,103.34,PURCHASE,2026-08-07 20:09:38,MERCH_004,DEV_0543,"Pune, IN",980,40,429.98,0,1,1,4,1,0,-0.7597,0.2403,4,0,0,0,0,20,4
TX_001231,USR_0595,1793.02,PURCHASE,2026-08-07 20:13:17,MERCH_019,DEV_0518,"Kolkata, IN",208,240,2115.2,0,1,0,4,1,0,-0.1523,0.8477,4,0,1,0,0,20,4
TX_001232,USR_0121,2710.0,PURCHASE,2026-08-07 20:21:45,MERCH_232,DEV_0626,"Kolkata, IN",750,198,1107.28,0,1,1,2,1,0,1.4474,2.4474,2,0,0,0,0,20,4
TX_001233,USR_0295,318.29,PURCHASE,2026-08-07 20:47:44,MERCH_152,DEV_0397,"Chennai, IN",637,28,840.84,0,1,1,2,0,0,-0.6215,0.3785,2,0,0,0,1,20,4
TX_001234,USR_0439,167.02,PURCHASE,2026-08-07 21:02:55,MERCH_067,DEV_0329,"Kolkata, IN",254,139,496.53,2,1,0,3,1,0,-0.6636,0.3364,3,0,1,0,0,21,4
TX_001235,USR_0483,232.4,WITHDRAWAL,2026-08-07 22:47:02,MERCH_065,DEV_0318,"Chennai, IN",1428,204,211.65,0,1,1,1,1,0,0.098,1.098,1,0,0,0,0,22,4
TX_001236,USR_0477,2456.81,PURCHASE,2026-08-07 23:55:47,MERCH_010,DEV_0144,"Kolkata, IN",549,119,1048.16,0,1,0,2,1,0,1.3439,2.3439,2,0,1,0,0,23,4
TX_001237,USR_0473,589.32,PURCHASE,2026-08-08 00:02:09,MERCH_237,DEV_0758,"Hyderabad, IN",67,95,501.43,0,1,1,2,1,0,0.1753,1.1753,2,0,0,1,0,0,5
TX_001238,USR_0192,80.51,PURCHASE,2026-08-08 00:18:19,MERCH_028,DEV_0289,"Kolkata, IN",668,69,291.89,0,1,1,1,1,0,-0.7242,0.2758,1,0,0,1,0,0,5
TX_001239,USR_0166,119.45,WITHDRAWAL,2026-08-08 01:02:12,MERCH_190,DEV_0256,"Delhi, IN",1450,129,374.99,0,1,1,3,1,0,-0.6815,0.3185,3,0,0,1,0,1,5
TX_001240,USR_0402,221.0,TRANSFER,2026-08-08 02:02:32,MERCH_061,DEV_0868,"Delhi, IN",1005,245,218.03,0,1,0,2,1,0,0.0136,1.0136,2,0,1,1,0,2,5
TX_001241,USR_0494,439.54,PURCHASE,2026-08-08 02:11:20,MERCH_084,DEV_0457,"Moscow, RU",957,152,994.5,0,0,0,2,1,1,-0.558,0.442,2,1,1,1,0,2,5
TX_001242,USR_0022,780.84,TRANSFER,2026-08-08 03:07:24,MERCH_069,DEV_0560,"Delhi, IN",1351,180,751.09,0,0,1,5,1,0,0.0396,1.0396,5,1,0,1,0,3,5
TX_001243,USR_0005,557.17,PURCHASE,2026-08-08 03:21:11,MERCH_207,DEV_0221,"Delhi, IN",132,195,515.67,0,1,1,3,1,0,0.0805,1.0805,3,0,0,1,0,3,5
TX_001244,USR_0254,301.51,TRANSFER,2026-08-08 03:36:36,MERCH_009,DEV_0250,"Mumbai, IN",828,194,435.79,0,1,1,4,0,0,-0.3081,0.6919,4,0,0,1,1,3,5
TX_001245,USR_0518,835.76,TRANSFER,2026-08-08 04:01:29,MERCH_089,DEV_0656,"Ahmedabad, IN",485,100,270.09,0,1,0,2,1,0,2.0944,3.0944,2,0,1,1,0,4,5
TX_001246,USR_0525,127.17,PURCHASE,2026-08-08 04:05:19,MERCH_070,DEV_0406,"Chennai, IN",1016,192,91.08,0,1,0,2,1,0,0.3962,1.3962,2,0,1,1,0,4,5
TX_001247,USR_0342,326.06,TRANSFER,2026-08-08 04:23:24,MERCH_069,DEV_0133,"Kolkata, IN",1280,82,155.95,0,1,1,3,1,0,1.0908,2.0908,3,0,0,1,0,4,5
TX_001248,USR_0094,446.14,PAYMENT,2026-08-08 04:31:34,MERCH_049,DEV_0752,"Ahmedabad, IN",122,146,257.82,1,0,1,1,1,0,0.7304,1.7304,1,1,0,1,0,4,5
TX_001249,USR_0137,725.2,TRANSFER,2026-08-08 06:49:49,MERCH_229,DEV_0363,Unknown Proxy,243,76,230.33,0,0,1,5,0,1,2.1485,3.1485,5,1,0,0,1,6,5
TX_001250,USR_0558,468.66,PURCHASE,2026-08-08 07:14:18,MERCH_095,DEV_0602,"Mumbai, IN",1432,234,559.07,0,1,1,2,0,0,-0.1617,0.8383,2,0,0,0,1,7,5
TX_001251,USR_0341,648.34,TRANSFER,2026-08-08 08:33:35,MERCH_105,DEV_0308,"Pune, IN",741,182,827.05,0,1,0,2,1,0,-0.2161,0.7839,2,0,1,0,0,8,5
TX_001252,USR_0319,605.24,PURCHASE,2026-08-08 09:33:26,MERCH_097,DEV_0505,"Hyderabad, IN",477,146,408.67,0,1,1,6,1,0,0.481,1.481,6,0,0,0,0,9,5
TX_001253,USR_0396,806.9,WITHDRAWAL,2026-08-08 09:54:56,MERCH_246,DEV_0699,"Pune, IN",234,113,1294.57,0,1,1,3,1,0,-0.3767,0.6233,3,0,0,0,0,9,5
TX_001254,USR_0118,730.21,WITHDRAWAL,2026-08-08 10:26:34,MERCH_085,DEV_0797,"Hyderabad, IN",535,130,250.15,1,1,1,2,1,0,1.9191,2.9191,2,0,0,0,0,10,5
TX_001255,USR_0382,238.12,PURCHASE,2026-08-08 11:11:23,MERCH_086,DEV_0187,"Delhi, IN",14,195,406.5,0,1,1,2,1,0,-0.4142,0.5858,2,0,0,0,0,11,5
TX_001256,USR_0112,473.63,PURCHASE,2026-08-08 11:24:41,MERCH_082,DEV_0606,"Mumbai, IN",339,69,433.12,1,1,1,1,1,0,0.0935,1.0935,1,0,0,0,0,11,5
TX_001257,USR_0599,836.72,PURCHASE,2026-08-08 12:15:50,MERCH_082,DEV_0824,"Kolkata, IN",280,207,1020.85,0,0,0,3,1,0,-0.1804,0.8196,3,1,1,0,0,12,5
TX_001258,USR_0542,345.72,PURCHASE,2026-08-08 12:23:06,MERCH_023,DEV_0579,"Pune, IN",133,71,487.19,1,1,1,4,1,0,-0.2904,0.7096,4,0,0,0,0,12,5
TX_001259,USR_0180,1941.93,PURCHASE,2026-08-08 14:26:34,MERCH_152,DEV_0129,"Chennai, IN",1453,36,497.41,0,1,1,3,1,0,2.9041,3.9041,3,0,0,0,0,14,5
TX_001260,USR_0010,93.02,PURCHASE,2026-08-08 14:28:21,MERCH_007,DEV_0171,"Pune, IN",1186,184,130.08,0,1,0,5,1,0,-0.2849,0.7151,5,0,1,0,0,14,5
TX_001261,USR_0376,178.8,TRANSFER,2026-08-08 16:03:37,MERCH_057,DEV_0183,"Pune, IN",1410,177,229.14,0,1,1,6,1,0,-0.2197,0.7803,6,0,0,0,0,16,5
TX_001262,USR_0182,632.4,PURCHASE,2026-08-08 01:49:00,MERCH_051,DEV_0096,Unknown Proxy,366,84,1023.73,1,1,0,1,0,1,-0.3823,0.6177,1,0,1,1,1,1,5
TX_001263,USR_0568,92.7,PURCHASE,2026-08-08 16:41:00,MERCH_073,DEV_0679,"Hyderabad, IN",437,162,94.89,0,1,1,4,0,0,-0.0231,0.9769,4,0,0,0,1,16,5
TX_001264,USR_0270,1097.34,TRANSFER,2026-08-08 16:46:04,MERCH_190,DEV_0869,"Ahmedabad, IN",429,182,1232.12,0,1,0,3,1,0,-0.1094,0.8906,3,0,1,0,0,16,5
TX_001265,USR_0092,300.81,PURCHASE,2026-08-08 16:47:03,MERCH_150,DEV_0466,"Chennai, IN",840,197,654.58,0,0,1,4,1,0,-0.5405,0.4595,4,1,0,0,0,16,5
TX_001266,USR_0509,185.45,PURCHASE,2026-08-08 17:10:24,MERCH_248,DEV_0539,"Pune, IN",278,238,256.88,0,0,1,3,1,0,-0.2781,0.7219,3,1,0,0,0,17,5
TX_001267,USR_0008,340.87,WITHDRAWAL,2026-08-08 17:14:36,MERCH_088,DEV_0697,"Mumbai, IN",358,213,241.1,0,1,0,5,1,0,0.4138,1.4138,5,0,1,0,0,17,5
TX_001268,USR_0391,3459.07,PAYMENT,2026-08-08 17:25:51,MERCH_233,DEV_0375,"Kolkata, IN",1462,110,1865.37,0,1,0,4,0,0,0.8544,1.8544,4,0,1,0,1,17,5
TX_001269,USR_0040,16063.69,TRANSFER,2026-08-08 17:36:43,MERCH_012,DEV_0426,"Singapore, SG",532,58,1296.99,0,1,0,2,1,1,11.3854,12.3854,2,0,1,0,0,17,5
TX_001270,USR_0473,406.67,PURCHASE,2026-08-08 19:08:28,MERCH_127,DEV_0531,"Delhi, IN",1173,25,411.44,1,1,1,3,1,0,-0.0116,0.9884,3,0,0,0,0,19,5
TX_001271,USR_0090,6934.11,PURCHASE,2026-08-08 19:35:18,MERCH_200,DEV_0275,"Lagos, NG",348,143,497.8,1,1,1,4,1,1,12.9295,13.9295,4,0,0,0,0,19,5
TX_001272,USR_0015,190.19,PAYMENT,2026-08-08 19:40:14,MERCH_133,DEV_0056,"Delhi, IN",1395,166,277.16,0,1,1,2,1,0,-0.3138,0.6862,2,0,0,0,0,19,5
TX_001273,USR_0576,260.5,TRANSFER,2026-08-08 19:45:33,MERCH_234,DEV_0511,"Ahmedabad, IN",1042,173,497.87,2,0,1,1,1,0,-0.4768,0.5232,1,1,0,0,0,19,5
TX_001274,USR_0114,93.88,WITHDRAWAL,2026-08-08 19:52:18,MERCH_079,DEV_0740,"Hyderabad, IN",1293,3,271.46,0,1,1,2,1,0,-0.6542,0.3458,2,0,0,0,0,19,5
TX_001275,USR_0453,255.64,TRANSFER,2026-08-08 20:03:42,MERCH_009,DEV_0066,"Pune, IN",777,175,424.26,1,1,1,3,1,0,-0.3974,0.6026,3,0,0,0,0,20,5
TX_001276,USR_0595,2994.79,PURCHASE,2026-08-08 20:08:30,MERCH_194,DEV_0195,"Ahmedabad, IN",1360,196,1749.34,0,1,1,4,1,0,0.712,1.712,4,0,0,0,0,20,5
TX_001277,USR_0432,302.37,PURCHASE,2026-08-08 20:56:56,MERCH_018,DEV_0237,"Hyderabad, IN",548,180,418.86,0,1,1,5,1,0,-0.2781,0.7219,5,0,0,0,0,20,5
TX_001278,USR_0032,155.76,WITHDRAWAL,2026-08-08 21:45:16,MERCH_192,DEV_0725,"Pune, IN",722,131,205.05,1,1,1,2,1,0,-0.2404,0.7596,2,0,0,0,0,21,5
TX_001279,USR_0497,121.13,PAYMENT,2026-08-08 21:46:25,MERCH_184,DEV_0455,"Hyderabad, IN",98,4,161.49,0,1,0,3,1,0,-0.2499,0.7501,3,0,1,0,0,21,5
TX_001280,USR_0395,1057.47,PURCHASE,2026-08-08 22:27:20,MERCH_212,DEV_0481,"Chennai, IN",261,122,495.01,1,0,1,3,1,0,1.1363,2.1363,3,1,0,0,0,22,5
TX_001281,USR_0069,132.31,TRANSFER,2026-08-08 23:29:29,MERCH_120,DEV_0581,"Mumbai, IN",1158,161,254.32,1,1,0,3,1,0,-0.4797,0.5203,3,0,1,0,0,23,5
TX_001282,USR_0389,616.64,PURCHASE,2026-08-09 00:00:14,MERCH_224,DEV_0249,"Kolkata, IN",495,142,541.42,0,1,0,4,1,0,0.1389,1.1389,4,0,1,1,0,0,6
TX_001283,USR_0254,121.53,PAYMENT,2026-08-09 00:02:58,MERCH_043,DEV_0643,"Bengaluru, IN",159,144,133.57,0,1,1,3,0,0,-0.0901,0.9099,3,0,0,1,1,0,6
TX_001284,USR_0286,750.76,PURCHASE,2026-08-09 00:05:40,MERCH_109,DEV_0028,"Mumbai, IN",443,129,755.16,0,1,1,3,0,0,-0.0058,0.9942,3,0,0,1,1,0,6
TX_001285,USR_0112,226.55,TRANSFER,2026-08-09 01:04:43,MERCH_031,DEV_0103,"Hyderabad, IN",533,138,203.19,0,1,0,3,0,0,0.115,1.115,3,0,1,1,1,1,6
TX_001286,USR_0511,459.95,PURCHASE,2026-08-09 01:15:28,MERCH_192,DEV_0735,"Pune, IN",1077,81,465.9,1,1,1,4,1,0,-0.0128,0.9872,4,0,0,1,0,1,6
TX_001287,USR_0482,556.13,TRANSFER,2026-08-09 02:28:51,MERCH_179,DEV_0593,"Hyderabad, IN",142,151,349.16,0,1,1,7,1,0,0.5928,1.5928,7,0,0,1,0,2,6
TX_001288,USR_0274,1523.89,TRANSFER,2026-08-09 02:29:09,MERCH_202,DEV_0159,"Pune, IN",45,71,1632.78,0,1,1,2,1,0,-0.0667,0.9333,2,0,0,1,0,2,6
TX_001289,USR_0160,1512.77,PURCHASE,2026-08-09 02:41:03,MERCH_192,DEV_0395,"Mumbai, IN",1088,123,511.76,0,1,1,6,1,0,1.956,2.956,6,0,0,1,0,2,6
TX_001290,USR_0465,1895.55,WITHDRAWAL,2026-08-09 04:58:45,MERCH_078,DEV_0047,"Ahmedabad, IN",219,104,1935.95,0,1,1,3,0,0,-0.0209,0.9791,3,0,0,1,1,4,6
TX_001291,USR_0452,215.41,PAYMENT,2026-08-09 05:37:04,MERCH_018,DEV_0605,"Bengaluru, IN",633,178,685.26,0,1,1,1,1,0,-0.6857,0.3143,1,0,0,1,0,5,6
TX_001292,USR_0555,1887.87,PAYMENT,2026-08-09 05:51:24,MERCH_233,DEV_0681,"Pune, IN",1026,223,1310.68,0,1,1,5,1,0,0.4404,1.4404,5,0,0,1,0,5,6
TX_001293,USR_0576,472.25,PURCHASE,2026-08-09 05:52:36,MERCH_124,DEV_0251,"Bengaluru, IN",774,158,384.77,0,1,1,5,1,0,0.2274,1.2274,5,0,0,1,0,5,6
TX_001294,USR_0043,566.53,TRANSFER,2026-08-09 06:38:02,MERCH_024,DEV_0316,"Singapore, SG",191,34,583.11,4,1,1,9,1,1,-0.0284,0.9716,9,0,0,0,0,6,6
TX_001295,USR_0449,901.91,TRANSFER,2026-08-09 07:13:53,MERCH_232,DEV_0214,"Kolkata, IN",1085,167,1122.41,0,1,0,1,1,0,-0.1965,0.8035,1,0,1,0,0,7,6
TX_001296,USR_0570,213.46,TRANSFER,2026-08-09 04:24:00,MERCH_249,DEV_0351,"Singapore, SG",79,81,887.11,0,1,1,4,0,1,-0.7594,0.2406,4,0,0,1,1,4,6
TX_001297,USR_0234,179.83,PURCHASE,2026-08-09 08:11:04,MERCH_112,DEV_0246,"Ahmedabad, IN",353,13,670.14,0,1,0,3,1,0,-0.7317,0.2683,3,0,1,0,0,8,6
TX_001298,USR_0069,976.7,TRANSFER,2026-08-09 08:25:28,MERCH_193,DEV_0223,"Bengaluru, IN",170,48,351.88,1,1,1,3,0,0,1.7757,2.7757,3,0,0,0,1,8,6
TX_001299,USR_0041,259.72,PURCHASE,2026-08-09 08:59:04,MERCH_010,DEV_0388,"Lagos, NG",772,249,399.48,3,1,0,15,1,1,-0.3499,0.6501,15,0,1,0,0,8,6
TX_001300,USR_0204,1882.1,PURCHASE,2026-08-09 10:01:29,MERCH_024,DEV_0774,"Delhi, IN",1038,107,1056.26,1,1,0,2,1,0,0.7819,1.7819,2,0,1,0,0,10,6
TX_001301,USR_0305,414.35,PURCHASE,2026-08-09 10:30:00,MERCH_070,DEV_0687,"Bengaluru, IN",977,51,1234.82,1,1,1,1,1,0,-0.6644,0.3356,1,0,0,0,0,10,6
TX_001302,USR_0481,138.95,PURCHASE,2026-08-09 10:53:10,MERCH_165,DEV_0268,"Delhi, IN",215,34,288.47,2,1,1,1,1,0,-0.5183,0.4817,1,0,0,0,0,10,6
TX_001303,USR_0357,380.91,PURCHASE,2026-08-09 11:05:09,MERCH_034,DEV_0849,"Bengaluru, IN",519,162,257.61,0,1,0,2,1,0,0.4786,1.4786,2,0,1,0,0,11,6
TX_001304,USR_0019,203.27,PURCHASE,2026-08-09 11:21:38,MERCH_009,DEV_0190,"Chennai, IN",225,190,228.41,1,1,1,4,1,0,-0.1101,0.8899,4,0,0,0,0,11,6
TX_001305,USR_0430,1131.16,WITHDRAWAL,2026-08-09 11:39:03,MERCH_168,DEV_0820,"Chennai, IN",518,88,838.42,0,1,1,4,1,0,0.3492,1.3492,4,0,0,0,0,11,6
TX_001306,USR_0334,211.3,PURCHASE,2026-08-09 11:58:25,MERCH_193,DEV_0279,"Bengaluru, IN",350,26,224.11,0,1,1,3,1,0,-0.0572,0.9428,3,0,0,0,0,11,6
TX_001307,USR_0582,690.53,PURCHASE,2026-08-09 12:35:53,MERCH_185,DEV_0487,"Kolkata, IN",1112,89,830.85,0,1,0,2,1,0,-0.1689,0.8311,2,0,1,0,0,12,6
TX_001308,USR_0521,414.26,WITHDRAWAL,2026-08-09 12:46:59,MERCH_200,DEV_0183,"Chennai, IN",1128,166,677.57,1,1,1,2,1,0,-0.3886,0.6114,2,0,0,0,0,12,6
TX_001309,USR_0076,130.89,PAYMENT,2026-08-09 12:51:13,MERCH_201,DEV_0686,"Lagos, NG",1228,29,299.0,3,1,1,12,0,1,-0.5622,0.4378,12,0,0,0,1,12,6
TX_001310,USR_0284,14160.02,PAYMENT,2026-08-09 13:09:20,MERCH_151,DEV_0286,"Moscow, RU",306,67,1454.1,0,1,1,3,1,1,8.738,9.738,3,0,0,0,0,13,6
TX_001311,USR_0434,395.96,WITHDRAWAL,2026-08-09 13:14:52,MERCH_130,DEV_0786,"Kolkata, IN",27,1,150.29,0,1,1,5,1,0,1.6346,2.6346,5,0,0,0,0,13,6
TX_001312,USR_0277,756.53,PAYMENT,2026-08-09 13:56:55,MERCH_215,DEV_0075,"Mumbai, IN",59,118,1562.27,0,1,1,3,0,0,-0.5157,0.4843,3,0,0,0,1,13,6
TX_001313,USR_0086,265.27,TRANSFER,2026-08-09 14:21:15,MERCH_088,DEV_0452,"Delhi, IN",1266,43,571.58,1,1,0,4,1,0,-0.5359,0.4641,4,0,1,0,0,14,6
TX_001314,USR_0185,72.11,PAYMENT,2026-08-09 03:56:00,MERCH_025,DEV_0143,Unknown Proxy,1359,50,95.03,1,1,1,1,0,1,-0.2412,0.7588,1,0,0,1,1,3,6
TX_001315,USR_0145,1762.41,PAYMENT,2026-08-09 14:46:54,MERCH_188,DEV_0801,"Ahmedabad, IN",323,29,1484.98,0,1,1,1,1,0,0.1868,1.1868,1,0,0,0,0,14,6
TX_001316,USR_0321,788.57,PURCHASE,2026-08-09 14:54:07,MERCH_069,DEV_0376,"Chennai, IN",1315,182,933.0,0,1,1,3,1,0,-0.1548,0.8452,3,0,0,0,0,14,6
TX_001317,USR_0564,429.57,PAYMENT,2026-08-09 15:29:25,MERCH_245,DEV_0608,"Kolkata, IN",797,122,326.39,0,1,1,1,1,0,0.3161,1.3161,1,0,0,0,0,15,6
TX_001318,USR_0500,1783.97,WITHDRAWAL,2026-08-09 16:06:19,MERCH_104,DEV_0792,"Lagos, NG",282,237,218.26,3,1,0,3,1,1,7.1736,8.1736,3,0,1,0,0,16,6
TX_001319,USR_0106,122.48,WITHDRAWAL,2026-08-09 16:10:03,MERCH_213,DEV_0483,"Hyderabad, IN",474,99,138.72,0,1,1,4,0,0,-0.1171,0.8829,4,0,0,0,1,16,6
TX_001320,USR_0527,12573.32,PAYMENT,2026-08-09 16:11:44,MERCH_011,DEV_0052,"Pune, IN",403,56,2754.06,0,1,1,4,1,0,3.5654,4.5654,4,0,0,0,0,16,6
TX_001321,USR_0301,152.22,PURCHASE,2026-08-09 16:21:38,MERCH_165,DEV_0199,"Mumbai, IN",1147,51,225.14,1,1,1,4,1,0,-0.3239,0.6761,4,0,0,0,0,16,6
TX_001322,USR_0302,481.81,PURCHASE,2026-08-09 16:29:00,MERCH_113,DEV_0192,"Chennai, IN",288,238,174.44,1,1,1,3,1,0,1.762,2.762,3,0,0,0,0,16,6
TX_001323,USR_0598,1340.3,TRANSFER,2026-08-09 17:24:40,MERCH_116,DEV_0823,"Chennai, IN",280,147,550.15,1,1,1,4,1,0,1.4362,2.4362,4,0,0,0,0,17,6
TX_001324,USR_0576,173.9,TRANSFER,2026-08-09 05:39:00,MERCH_067,DEV_0818,"Lagos, NG",1081,81,131.74,1,1,1,3,0,1,0.32,1.32,3,0,0,1,1,5,6
TX_001325,USR_0540,58.62,PAYMENT,2026-08-09 17:58:42,MERCH_243,DEV_0430,"Bengaluru, IN",458,163,215.53,0,0,1,1,1,0,-0.728,0.272,1,1,0,0,0,17,6
TX_001326,USR_0333,921.18,PAYMENT,2026-08-09 18:17:38,MERCH_099,DEV_0802,"Ahmedabad, IN",380,139,949.06,1,1,0,3,1,0,-0.0294,0.9706,3,0,1,0,0,18,6
TX_001327,USR_0285,433.92,TRANSFER,2026-08-09 18:19:29,MERCH_213,DEV_0222,"Delhi, IN",1213,29,637.41,0,1,1,4,1,0,-0.3192,0.6808,4,0,0,0,0,18,6
TX_001328,USR_0501,324.58,PAYMENT,2026-08-09 18:22:10,MERCH_107,DEV_0612,"Pune, IN",1397,175,336.79,0,1,1,6,1,0,-0.0363,0.9637,6,0,0,0,0,18,6
TX_001329,USR_0094,217.47,PURCHASE,2026-08-09 18:39:57,MERCH_013,DEV_0353,"Pune, IN",836,30,456.22,0,1,1,3,1,0,-0.5233,0.4767,3,0,0,0,0,18,6
TX_001330,USR_0025,502.19,PAYMENT,2026-08-09 19:31:34,MERCH_220,DEV_0217,"Chennai, IN",1242,50,322.92,0,0,1,2,1,0,0.5552,1.5552,2,1,0,0,0,19,6
TX_001331,USR_0076,775.09,PURCHASE,2026-08-09 20:04:41,MERCH_047,DEV_0226,"Chennai, IN",1263,178,429.55,0,1,0,3,1,0,0.8044,1.8044,3,0,1,0,0,20,6
TX_001332,USR_0126,517.19,TRANSFER,2026-08-09 20:20:51,MERCH_068,DEV_0378,"Chennai, IN",885,111,254.14,0,1,1,2,1,0,1.0351,2.0351,2,0,0,0,0,20,6
TX_001333,USR_0032,216.08,PURCHASE,2026-08-09 20:56:58,MERCH_216,DEV_0306,"Kolkata, IN",1245,56,291.22,0,1,1,2,1,0,-0.258,0.742,2,0,0,0,0,20,6
TX_001334,USR_0261,135.99,TRANSFER,2026-08-09 21:34:34,MERCH_224,DEV_0191,"Mumbai, IN",20,17,284.64,1,1,1,1,1,0,-0.5222,0.4778,1,0,0,0,0,21,6
TX_001335,USR_0208,312.14,PURCHASE,2026-08-09 21:51:40,MERCH_230,DEV_0301,"Mumbai, IN",59,148,261.09,0,1,1,2,1,0,0.1955,1.1955,2,0,0,0,0,21,6
TX_001336,USR_0047,2932.57,PURCHASE,2026-08-09 22:54:46,MERCH_107,DEV_0116,"Ahmedabad, IN",1326,174,984.55,0,0,1,4,1,0,1.9786,2.9786,4,1,0,0,0,22,6
TX_001337,USR_0415,797.86,TRANSFER,2026-08-09 23:41:40,MERCH_190,DEV_0873,"Ahmedabad, IN",216,51,801.78,0,1,1,2,1,0,-0.0049,0.9951,2,0,0,0,0,23,6
TX_001338,USR_0481,285.43,TRANSFER,2026-08-09 23:47:39,MERCH_082,DEV_0342,"Delhi, IN",1093,104,223.63,1,1,1,6,1,0,0.2763,1.2763,6,0,0,0,0,23,6
TX_001339,USR_0326,150.02,PURCHASE,2026-08-10 00:07:28,MERCH_186,DEV_0097,"Mumbai, IN",634,86,183.73,0,0,1,4,1,0,-0.1835,0.8165,4,1,0,1,0,0,0
TX_001340,USR_0270,274.25,TRANSFER,2026-08-10 00:34:42,MERCH_126,DEV_0519,"Pune, IN",1183,223,399.93,0,1,1,2,1,0,-0.3143,0.6857,2,0,0,1,0,0,0
TX_001341,USR_0562,3306.33,PURCHASE,2026-08-10 00:35:56,MERCH_013,DEV_0795,"Ahmedabad, IN",1000,197,2265.87,1,1,1,2,1,0,0.4592,1.4592,2,0,0,1,0,0,0
TX_001342,USR_0505,184.84,PURCHASE,2026-08-10 00:58:00,MERCH_105,DEV_0324,"Ahmedabad, IN",114,69,208.19,0,1,1,4,1,0,-0.1122,0.8878,4,0,0,1,0,0,0
TX_001343,USR_0020,493.06,PURCHASE,2026-08-10 01:10:27,MERCH_117,DEV_0761,"Bengaluru, IN",509,128,398.75,0,1,1,3,1,0,0.2365,1.2365,3,0,0,1,0,1,0
TX_001344,USR_0339,636.3,TRANSFER,2026-08-10 01:49:48,MERCH_065,DEV_0550,"Bengaluru, IN",1064,230,480.96,1,1,0,2,0,0,0.323,1.323,2,0,1,1,1,1,0
TX_001345,USR_0245,494.55,WITHDRAWAL,2026-08-10 01:50:20,MERCH_094,DEV_0666,"Chennai, IN",1382,87,414.79,0,1,0,2,1,0,0.1923,1.1923,2,0,1,1,0,1,0
TX_001346,USR_0270,436.25,TRANSFER,2026-08-10 02:06:48,MERCH_126,DEV_0267,"Bengaluru, IN",1208,36,319.13,1,0,1,2,1,0,0.367,1.367,2,1,0,1,0,2,0
TX_001347,USR_0247,584.7,WITHDRAWAL,2026-08-10 02:13:59,MERCH_013,DEV_0034,"Ahmedabad, IN",1338,75,1070.15,0,1,1,3,1,0,-0.4536,0.5464,3,0,0,1,0,2,0
TX_001348,USR_0552,332.28,TRANSFER,2026-08-10 02:31:27,MERCH_038,DEV_0312,"Mumbai, IN",1435,152,632.76,0,1,0,2,1,0,-0.4749,0.5251,2,0,1,1,0,2,0
TX_001349,USR_0095,785.17,WITHDRAWAL,2026-08-10 03:23:35,MERCH_192,DEV_0833,"Mumbai, IN",1342,248,848.61,1,1,1,4,1,0,-0.0748,0.9252,4,0,0,1,0,3,0
TX_001350,USR_0077,658.01,PAYMENT,2026-08-10 04:11:41,MERCH_088,DEV_0712,"Ahmedabad, IN",873,77,700.14,0,1,1,2,1,0,-0.0602,0.9398,2,0,0,1,0,4,0
TX_001351,USR_0004,595.97,PURCHASE,2026-08-10 04:21:24,MERCH_153,DEV_0706,"Kolkata, IN",508,15,879.81,1,1,1,4,1,0,-0.3226,0.6774,4,0,0,1,0,4,0
TX_001352,USR_0081,1642.87,PURCHASE,2026-08-10 04:26:22,MERCH_142,DEV_0791,"Ahmedabad, IN",765,46,1476.68,0,1,1,5,1,0,0.1125,1.1125,5,0,0,1,0,4,0
TX_001353,USR_0528,2096.18,PURCHASE,2026-08-10 05:03:22,MERCH_138,DEV_0336,"Chennai, IN",1194,103,1221.13,0,1,1,2,1,0,0.7166,1.7166,2,0,0,1,0,5,0
TX_001354,USR_0531,5296.14,TRANSFER,2026-08-10 05:04:00,MERCH_104,DEV_0290,"Kolkata, IN",642,24,2573.06,0,1,1,4,1,0,1.0583,2.0583,4,0,0,1,0,5,0
TX_001355,USR_0480,2671.04,PURCHASE,2026-08-10 05:55:12,MERCH_121,DEV_0833,"Delhi, IN",1247,9,1121.31,0,1,1,3,1,0,1.3821,2.3821,3,0,0,1,0,5,0
TX_001356,USR_0467,110.23,PURCHASE,2026-08-10 06:09:40,MERCH_206,DEV_0515,"Hyderabad, IN",1054,164,272.37,0,1,1,2,1,0,-0.5953,0.4047,2,0,0,0,0,6,0
TX_001357,USR_0245,379.47,PAYMENT,2026-08-10 06:23:11,MERCH_242,DEV_0269,"Pune, IN",319,206,849.57,1,1,1,2,1,0,-0.5533,0.4467,2,0,0,0,0,6,0
TX_001358,USR_0476,604.14,PAYMENT,2026-08-10 06:34:52,MERCH_065,DEV_0251,"Hyderabad, IN",1381,59,766.68,1,1,1,2,1,0,-0.212,0.788,2,0,0,0,0,6,0
TX_001359,USR_0003,1903.89,PURCHASE,2026-08-10 06:58:36,MERCH_168,DEV_0790,"Bengaluru, IN",1270,131,1899.73,0,1,0,4,1,0,0.0022,1.0022,4,0,1,0,0,6,0
TX_001360,USR_0085,177.49,PURCHASE,2026-08-10 07:12:16,MERCH_243,DEV_0049,"Mumbai, IN",902,143,217.87,0,1,1,2,1,0,-0.1853,0.8147,2,0,0,0,0,7,0
TX_001361,USR_0468,454.18,PURCHASE,2026-08-10 07:18:22,MERCH_002,DEV_0056,"Pune, IN",296,167,683.83,0,0,1,3,1,0,-0.3358,0.6642,3,1,0,0,0,7,0
TX_001362,USR_0236,210.73,PURCHASE,2026-08-10 08:51:13,MERCH_197,DEV_0665,"Kolkata, IN",346,244,270.01,0,1,1,4,1,0,-0.2195,0.7805,4,0,0,0,0,8,0
TX_001363,USR_0093,860.76,PAYMENT,2026-08-10 09:00:20,MERCH_125,DEV_0002,"Bengaluru, IN",1260,221,660.94,0,0,1,3,1,0,0.3023,1.3023,3,1,0,0,0,9,0
TX_001364,USR_0282,153.54,TRANSFER,2026-08-10 10:15:04,MERCH_242,DEV_0154,"Pune, IN",33,79,383.06,0,1,0,5,1,0,-0.5992,0.4008,5,0,1,0,0,10,0
TX_001365,USR_0067,2813.06,PURCHASE,2026-08-10 11:56:12,MERCH_145,DEV_0892,Unknown Proxy,729,243,644.74,3,1,0,8,1,1,3.3631,4.3631,8,0,1,0,0,11,0
TX_001366,USR_0441,150.68,PURCHASE,2026-08-10 12:26:49,MERCH_210,DEV_0384,"Chennai, IN",931,9,156.26,0,1,1,3,1,0,-0.0357,0.9643,3,0,0,0,0,12,0
TX_001367,USR_0442,1536.43,PURCHASE,2026-08-10 12:37:59,MERCH_042,DEV_0655,"Chennai, IN",354,240,815.8,1,1,1,5,1,0,0.8833,1.8833,5,0,0,0,0,12,0
TX_001368,USR_0471,342.68,PURCHASE,2026-08-10 12:53:11,MERCH_036,DEV_0439,"Delhi, IN",1297,36,525.21,0,1,1,3,1,0,-0.3475,0.6525,3,0,0,0,0,12,0
TX_001369,USR_0391,696.95,PURCHASE,2026-08-10 13:14:23,MERCH_232,DEV_0082,"Bengaluru, IN",786,29,504.41,0,1,1,5,1,0,0.3817,1.3817,5,0,0,0,0,13,0
TX_001370,USR_0372,1972.34,TRANSFER,2026-08-10 13:47:19,MERCH_132,DEV_0167,"Bengaluru, IN",105,30,1942.86,0,1,1,1,0,0,0.0152,1.0152,1,0,0,0,1,13,0
TX_001371,USR_0379,560.78,PURCHASE,2026-08-10 13:47:46,MERCH_140,DEV_0685,"Hyderabad, IN",485,31,337.78,0,1,1,3,1,0,0.6602,1.6602,3,0,0,0,0,13,0
TX_001372,USR_0227,486.3,PAYMENT,2026-08-10 13:59:41,MERCH_043,DEV_0086,"Delhi, IN",600,116,581.7,0,1,1,6,1,0,-0.164,0.836,6,0,0,0,0,13,0
TX_001373,USR_0586,1265.19,PURCHASE,2026-08-10 14:10:34,MERCH_057,DEV_0536,"Chennai, IN",339,160,485.15,0,1,1,2,1,0,1.6078,2.6078,2,0,0,0,0,14,0
TX_001374,USR_0023,188.28,WITHDRAWAL,2026-08-10 14:44:25,MERCH_205,DEV_0314,"Bengaluru, IN",1410,186,522.06,0,0,1,1,1,0,-0.6394,0.3606,1,1,0,0,0,14,0
TX_001375,USR_0479,18354.88,PURCHASE,2026-08-10 14:53:03,MERCH_076,DEV_0334,"Singapore, SG",545,4,2381.77,1,1,1,3,1,1,6.7064,7.7064,3,0,0,0,0,14,0
TX_001376,USR_0276,485.06,PURCHASE,2026-08-10 15:53:14,MERCH_147,DEV_0858,"Pune, IN",756,74,472.06,0,1,1,2,1,0,0.0275,1.0275,2,0,0,0,0,15,0
TX_001377,USR_0234,1099.89,WITHDRAWAL,2026-08-10 16:18:11,MERCH_080,DEV_0546,"Lagos, NG",806,33,294.06,1,0,1,8,0,1,2.7404,3.7404,8,1,0,0,1,16,0
TX_001378,USR_0470,6193.58,TRANSFER,2026-08-10 16:39:25,MERCH_066,DEV_0554,"Ahmedabad, IN",336,37,1830.65,0,1,1,3,1,0,2.3833,3.3833,3,0,0,0,0,16,0
TX_001379,USR_0148,1130.19,PURCHASE,2026-08-10 16:51:02,MERCH_042,DEV_0316,"Ahmedabad, IN",854,186,357.27,0,0,1,2,1,0,2.1634,3.1634,2,1,0,0,0,16,0
TX_001380,USR_0128,33.36,PURCHASE,2026-08-10 17:39:50,MERCH_233,DEV_0344,"Ahmedabad, IN",535,160,135.01,1,1,1,5,1,0,-0.7529,0.2471,5,0,0,0,0,17,0
TX_001381,USR_0081,275.48,TRANSFER,2026-08-10 19:04:36,MERCH_236,DEV_0618,"Hyderabad, IN",22,53,258.17,0,0,1,5,0,0,0.067,1.067,5,1,0,0,1,19,0
TX_001382,USR_0464,265.86,PAYMENT,2026-08-10 19:05:57,MERCH_029,DEV_0036,"Mumbai, IN",616,75,176.67,1,1,1,3,1,0,0.5048,1.5048,3,0,0,0,0,19,0
TX_001383,USR_0250,147.88,TRANSFER,2026-08-10 19:23:12,MERCH_089,DEV_0214,"Delhi, IN",878,231,116.66,2,1,1,4,1,0,0.2676,1.2676,4,0,0,0,0,19,0
TX_001384,USR_0259,873.11,PURCHASE,2026-08-10 19:57:59,MERCH_141,DEV_0541,"Pune, IN",182,144,342.74,0,1,1,5,1,0,1.5474,2.5474,5,0,0,0,0,19,0
TX_001385,USR_0550,950.09,PURCHASE,2026-08-10 21:33:22,MERCH_096,DEV_0562,"Ahmedabad, IN",1170,60,426.92,0,1,1,2,1,0,1.2255,2.2255,2,0,0,0,0,21,0
TX_001386,USR_0354,1232.76,PURCHASE,2026-08-10 21:38:06,MERCH_181,DEV_0084,"Kolkata, IN",993,233,1090.77,0,1,1,2,1,0,0.1302,1.1302,2,0,0,0,0,21,0
TX_001387,USR_0555,3015.2,PURCHASE,2026-08-10 22:05:08,MERCH_066,DEV_0710,"Ahmedabad, IN",469,50,721.48,0,1,1,2,1,0,3.1792,4.1792,2,0,0,0,0,22,0
TX_001388,USR_0016,1219.36,TRANSFER,2026-08-10 22:06:31,MERCH_015,DEV_0489,"Hyderabad, IN",891,73,697.24,0,0,1,3,1,0,0.7488,1.7488,3,1,0,0,0,22,0
TX_001389,USR_0514,174.32,WITHDRAWAL,2026-08-10 22:10:24,MERCH_085,DEV_0214,"Hyderabad, IN",460,173,230.29,1,1,1,1,1,0,-0.243,0.757,1,0,0,0,0,22,0
TX_001390,USR_0358,580.52,PURCHASE,2026-08-10 22:59:05,MERCH_150,DEV_0677,"Delhi, IN",974,128,873.88,0,1,0,4,1,0,-0.3357,0.6643,4,0,1,0,0,22,0
TX_001391,USR_0305,2726.7,WITHDRAWAL,2026-08-10 23:13:05,MERCH_046,DEV_0892,"Kolkata, IN",236,18,1277.52,0,1,0,1,1,0,1.1344,2.1344,1,0,1,0,0,23,0
TX_001392,USR_0374,343.7,TRANSFER,2026-08-10 04:28:00,MERCH_204,DEV_0382,Unknown Proxy,918,201,604.97,1,1,0,2,0,1,-0.4319,0.5681,2,0,1,1,1,4,0
TX_001393,USR_0043,450.25,WITHDRAWAL,2026-08-11 00:46:38,MERCH_004,DEV_0256,"Bengaluru, IN",89,57,617.78,0,0,0,5,1,0,-0.2712,0.7288,5,1,1,1,0,0,1
TX_001394,USR_0510,141.88,PURCHASE,2026-08-11 00:46:40,MERCH_017,DEV_0270,"Bengaluru, IN",31,173,174.29,0,1,1,2,0,0,-0.186,0.814,2,0,0,1,1,0,1
TX_001395,USR_0574,1189.46,PURCHASE,2026-08-11 01:22:02,MERCH_128,DEV_0534,"Pune, IN",386,84,992.35,1,1,1,2,1,0,0.1986,1.1986,2,0,0,1,0,1,1
TX_001396,USR_0286,1435.29,PURCHASE,2026-08-11 01:32:13,MERCH_129,DEV_0043,"Kolkata, IN",267,188,1711.06,0,1,1,3,1,0,-0.1612,0.8388,3,0,0,1,0,1,1
TX_001397,USR_0589,231.7,PURCHASE,2026-08-11 01:42:40,MERCH_074,DEV_0436,"Mumbai, IN",739,224,573.33,0,1,1,4,1,0,-0.5959,0.4041,4,0,0,1,0,1,1
TX_001398,USR_0477,583.38,PURCHASE,2026-08-11 01:50:38,MERCH_065,DEV_0023,"Hyderabad, IN",254,193,288.15,0,0,0,5,1,0,1.0246,2.0246,5,1,1,1,0,1,1
TX_001399,USR_0001,4293.25,PURCHASE,2026-08-11 02:34:07,MERCH_018,DEV_0035,"Lagos, NG",371,230,398.52,0,1,0,1,1,1,9.773,10.773,1,0,1,1,0,2,1
TX_001400,USR_0499,1160.82,PURCHASE,2026-08-11 03:14:04,MERCH_166,DEV_0388,"Mumbai, IN",153,135,328.3,0,1,1,2,1,0,2.5359,3.5359,2,0,0,1,0,3,1
TX_001401,USR_0392,398.01,PURCHASE,2026-08-11 03:31:27,MERCH_095,DEV_0671,"Delhi, IN",1331,17,343.4,0,1,0,2,1,0,0.159,1.159,2,0,1,1,0,3,1
TX_001402,USR_0388,1585.92,PAYMENT,2026-08-11 03:36:43,MERCH_030,DEV_0796,"Delhi, IN",1105,134,731.6,1,1,1,4,1,0,1.1677,2.1677,4,0,0,1,0,3,1
TX_001403,USR_0514,5035.59,WITHDRAWAL,2026-08-11 03:57:40,MERCH_100,DEV_0079,"Singapore, SG",331,115,554.93,1,0,1,10,0,1,8.0743,9.0743,10,1,0,1,1,3,1
TX_001404,USR_0279,2136.64,PURCHASE,2026-08-11 04:21:27,MERCH_235,DEV_0220,"Ahmedabad, IN",186,180,955.47,0,1,1,1,1,0,1.2362,2.2362,1,0,0,1,0,4,1
TX_001405,USR_0328,819.04,PAYMENT,2026-08-11 04:26:17,MERCH_066,DEV_0380,"Delhi, IN",1276,62,594.32,1,1,0,2,1,0,0.3781,1.3781,2,0,1,1,0,4,1
TX_001406,USR_0503,260.88,PURCHASE,2026-08-11 04:43:55,MERCH_224,DEV_0517,"Bengaluru, IN",1004,174,235.38,0,1,1,6,1,0,0.1083,1.1083,6,0,0,1,0,4,1
TX_001407,USR_0444,598.44,PURCHASE,2026-08-11 04:46:47,MERCH_065,DEV_0889,"Lagos, NG",1329,110,309.12,0,0,0,2,1,1,0.9359,1.9359,2,1,1,1,0,4,1
TX_001408,USR_0354,1412.33,WITHDRAWAL,2026-08-11 06:25:29,MERCH_047,DEV_0616,"Pune, IN",273,167,295.04,0,1,1,3,1,0,3.7869,4.7869,3,0,0,0,0,6,1
TX_001409,USR_0303,312.32,PURCHASE,2026-08-11 06:52:04,MERCH_066,DEV_0485,"Ahmedabad, IN",542,105,391.27,0,1,1,4,1,0,-0.2018,0.7982,4,0,0,0,0,6,1
TX_001410,USR_0403,2757.24,PURCHASE,2026-08-11 06:54:05,MERCH_081,DEV_0055,"Delhi, IN",183,96,1728.97,1,1,1,2,1,0,0.5947,1.5947,2,0,0,0,0,6,1
TX_001411,USR_0147,1848.28,PURCHASE,2026-08-11 07:13:52,MERCH_031,DEV_0073,"Chennai, IN",639,54,1949.68,0,1,1,1,1,0,-0.052,0.948,1,0,0,0,0,7,1
TX_001412,USR_0120,1113.91,PURCHASE,2026-08-11 07:31:54,MERCH_147,DEV_0138,"Mumbai, IN",249,207,842.77,1,1,0,6,1,0,0.3217,1.3217,6,0,1,0,0,7,1
TX_001413,USR_0347,480.93,TRANSFER,2026-08-11 07:52:01,MERCH_084,DEV_0595,"Pune, IN",13,18,491.92,0,1,1,4,1,0,-0.0223,0.9777,4,0,0,0,0,7,1
TX_001414,USR_0046,37.92,PURCHASE,2026-08-11 07:53:09,MERCH_180,DEV_0299,"Pune, IN",766,59,162.07,0,1,0,2,1,0,-0.766,0.234,2,0,1,0,0,7,1
TX_001415,USR_0502,443.25,PURCHASE,2026-08-11 07:57:52,MERCH_123,DEV_0217,"Bengaluru, IN",1468,107,530.73,1,1,1,3,1,0,-0.1648,0.8352,3,0,0,0,0,7,1
TX_001416,USR_0031,453.25,PURCHASE,2026-08-11 08:15:59,MERCH_111,DEV_0604,"Chennai, IN",970,39,248.82,1,1,1,6,1,0,0.8216,1.8216,6,0,0,0,0,8,1
TX_001417,USR_0489,884.26,PURCHASE,2026-08-11 08:37:05,MERCH_118,DEV_0734,"Ahmedabad, IN",1137,229,1528.65,0,0,0,3,1,0,-0.4215,0.5785,3,1,1,0,0,8,1
TX_001418,USR_0055,233.53,PURCHASE,2026-08-11 09:00:05,MERCH_040,DEV_0396,"Bengaluru, IN",1219,86,134.92,0,1,0,2,1,0,0.7309,1.7309,2,0,1,0,0,9,1
TX_001419,USR_0183,4819.1,TRANSFER,2026-08-11 09:05:16,MERCH_179,DEV_0794,"Lagos, NG",1458,61,600.41,1,0,1,11,0,1,7.0263,8.0263,11,1,0,0,1,9,1
TX_001420,USR_0541,196.19,TRANSFER,2026-08-11 10:34:01,MERCH_027,DEV_0661,"Pune, IN",198,64,233.59,0,1,0,6,1,0,-0.1601,0.8399,6,0,1,0,0,10,1
TX_001421,USR_0417,765.78,PURCHASE,2026-08-11 11:27:49,MERCH_181,DEV_0645,"Hyderabad, IN",381,48,446.8,0,1,1,4,1,0,0.7139,1.7139,4,0,0,0,0,11,1
TX_001422,USR_0404,1098.24,TRANSFER,2026-08-11 12:13:06,MERCH_250,DEV_0781,"Chennai, IN",926,166,741.59,0,1,1,3,1,0,0.4809,1.4809,3,0,0,0,0,12,1
TX_001423,USR_0316,1210.86,PURCHASE,2026-08-11 12:21:38,MERCH_191,DEV_0166,"Chennai, IN",1232,120,968.48,1,0,1,4,1,0,0.2503,1.2503,4,1,0,0,0,12,1
TX_001424,USR_0257,791.61,PURCHASE,2026-08-11 00:44:00,MERCH_114,DEV_0683,Unknown Proxy,1162,58,429.98,0,1,1,3,0,1,0.841,1.841,3,0,0,1,1,0,1
TX_001425,USR_0578,864.52,PURCHASE,2026-08-11 13:12:53,MERCH_079,DEV_0862,"Mumbai, IN",1093,218,796.45,0,1,1,3,1,0,0.0855,1.0855,3,0,0,0,0,13,1
TX_001426,USR_0442,89.42,PURCHASE,2026-08-11 14:19:34,MERCH_219,DEV_0894,"Kolkata, IN",473,164,273.8,0,1,1,4,1,0,-0.6734,0.3266,4,0,0,0,0,14,1
TX_001427,USR_0450,402.47,TRANSFER,2026-08-11 14:41:40,MERCH_065,DEV_0521,"Mumbai, IN",551,101,540.99,0,1,1,1,1,0,-0.256,0.744,1,0,0,0,0,14,1
TX_001428,USR_0098,280.91,PAYMENT,2026-08-11 14:58:10,MERCH_121,DEV_0679,"Chennai, IN",126,128,954.23,1,1,1,3,0,0,-0.7056,0.2944,3,0,0,0,1,14,1
TX_001429,USR_0225,841.86,PURCHASE,2026-08-11 15:29:46,MERCH_193,DEV_0800,"Mumbai, IN",475,164,577.28,0,1,1,4,1,0,0.4583,1.4583,4,0,0,0,0,15,1
TX_001430,USR_0570,515.31,PURCHASE,2026-08-11 15:38:02,MERCH_231,DEV_0767,"Kolkata, IN",239,38,302.55,0,1,1,3,1,0,0.7032,1.7032,3,0,0,0,0,15,1
TX_001431,USR_0180,640.38,TRANSFER,2026-08-11 16:17:40,MERCH_231,DEV_0809,"Delhi, IN",1407,202,365.02,0,1,1,7,1,0,0.7544,1.7544,7,0,0,0,0,16,1
TX_001432,USR_0483,1260.04,PURCHASE,2026-08-11 16:31:57,MERCH_022,DEV_0750,"Delhi, IN",143,65,963.9,0,1,1,2,1,0,0.3072,1.3072,2,0,0,0,0,16,1
TX_001433,USR_0401,354.09,PURCHASE,2026-08-11 17:00:37,MERCH_225,DEV_0344,"Mumbai, IN",549,8,198.42,0,1,1,5,1,0,0.7845,1.7845,5,0,0,0,0,17,1
TX_001434,USR_0103,75.66,PAYMENT,2026-08-11 17:40:35,MERCH_029,DEV_0658,"Chennai, IN",1331,130,221.63,0,1,1,2,1,0,-0.6586,0.3414,2,0,0,0,0,17,1
TX_001435,USR_0378,3775.9,WITHDRAWAL,2026-08-11 18:11:15,MERCH_147,DEV_0370,Unknown Proxy,1434,219,706.58,0,1,1,2,1,1,4.3439,5.3439,2,0,0,0,0,18,1
TX_001436,USR_0094,122.75,PAYMENT,2026-08-11 18:27:44,MERCH_233,DEV_0722,"Chennai, IN",569,183,323.72,0,1,0,6,1,0,-0.6208,0.3792,6,0,1,0,0,18,1
TX_001437,USR_0030,114.04,PURCHASE,2026-08-11 18:45:30,MERCH_164,DEV_0730,"Lagos, NG",701,77,151.33,0,0,0,3,1,1,-0.2464,0.7536,3,1,1,0,0,18,1
TX_001438,USR_0410,3370.86,PURCHASE,2026-08-11 18:47:14,MERCH_237,DEV_0842,"Hyderabad, IN",788,100,1239.37,1,1,1,2,1,0,1.7198,2.7198,2,0,0,0,0,18,1
TX_001439,USR_0467,381.89,PURCHASE,2026-08-11 19:44:04,MERCH_087,DEV_0530,"Bengaluru, IN",1234,149,197.26,0,1,1,2,1,0,0.936,1.936,2,0,0,0,0,19,1
TX_001440,USR_0097,566.88,PAYMENT,2026-08-11 19:44:39,MERCH_079,DEV_0428,"Ahmedabad, IN",1154,58,387.48,2,1,1,3,1,0,0.463,1.463,3,0,0,0,0,19,1
TX_001441,USR_0237,239.02,PURCHASE,2026-08-11 21:08:54,MERCH_082,DEV_0149,"Hyderabad, IN",789,205,282.76,0,1,1,2,1,0,-0.1547,0.8453,2,0,0,0,0,21,1
TX_001442,USR_0355,179.5,PURCHASE,2026-08-11 21:24:51,MERCH_089,DEV_0575,"Bengaluru, IN",561,74,359.96,0,1,1,3,1,0,-0.5013,0.4987,3,0,0,0,0,21,1
TX_001443,USR_0276,248.98,PURCHASE,2026-08-11 21:35:59,MERCH_171,DEV_0510,"Delhi, IN",562,54,231.78,0,0,1,3,1,0,0.0742,1.0742,3,1,0,0,0,21,1
TX_001444,USR_0109,1505.53,WITHDRAWAL,2026-08-11 21:44:48,MERCH_114,DEV_0464,"Bengaluru, IN",976,24,768.9,0,0,1,3,1,0,0.958,1.958,3,1,0,0,0,21,1
TX_001445,USR_0080,607.15,WITHDRAWAL,2026-08-11 21:57:22,MERCH_185,DEV_0609,"Hyderabad, IN",1254,173,489.0,0,1,1,2,1,0,0.2416,1.2416,2,0,0,0,0,21,1
TX_001446,USR_0197,319.35,TRANSFER,2026-08-11 22:14:04,MERCH_105,DEV_0766,"Bengaluru, IN",121,7,941.04,0,1,0,3,1,0,-0.6606,0.3394,3,0,1,0,0,22,1
TX_001447,USR_0314,290.15,PURCHASE,2026-08-11 22:28:34,MERCH_077,DEV_0134,"Hyderabad, IN",1154,201,284.97,0,0,1,3,1,0,0.0182,1.0182,3,1,0,0,0,22,1
TX_001448,USR_0562,611.15,TRANSFER,2026-08-11 22:40:55,MERCH_048,DEV_0389,"Chennai, IN",724,243,2228.34,0,1,1,2,1,0,-0.7257,0.2743,2,0,0,0,0,22,1
TX_001449,USR_0220,173.03,PURCHASE,2026-08-12 00:03:27,MERCH_138,DEV_0651,"Mumbai, IN",223,28,107.85,1,1,0,2,1,0,0.6044,1.6044,2,0,1,1,0,0,2
TX_001450,USR_0112,83.09,PURCHASE,2026-08-12 00:30:23,MERCH_225,DEV_0738,"Mumbai, IN",151,25,137.06,0,0,1,1,1,0,-0.3938,0.6062,1,1,0,1,0,0,2
TX_001451,USR_0139,719.84,PURCHASE,2026-08-12 02:02:34,MERCH_215,DEV_0701,"Ahmedabad, IN",510,233,1675.83,0,1,1,4,0,0,-0.5705,0.4295,4,0,0,1,1,2,2
TX_001452,USR_0580,1039.43,PURCHASE,2026-08-12 02:42:17,MERCH_064,DEV_0720,"Ahmedabad, IN",377,32,642.12,0,1,1,6,1,0,0.6187,1.6187,6,0,0,1,0,2,2
TX_001453,USR_0325,795.43,PURCHASE,2026-08-12 02:50:41,MERCH_120,DEV_0770,"Hyderabad, IN",162,102,581.31,0,1,1,5,1,0,0.3683,1.3683,5,0,0,1,0,2,2
TX_001454,USR_0245,687.98,PAYMENT,2026-08-12 04:00:03,MERCH_177,DEV_0866,"Ahmedabad, IN",444,217,621.85,2,1,1,5,1,0,0.1063,1.1063,5,0,0,1,0,4,2
TX_001455,USR_0206,2730.55,PURCHASE,2026-08-12 04:03:53,MERCH_154,DEV_0548,"Hyderabad, IN",1251,35,690.66,1,1,1,3,1,0,2.9535,3.9535,3,0,0,1,0,4,2
TX_001456,USR_0015,809.83,PURCHASE,2026-08-12 04:47:07,MERCH_017,DEV_0225,"Chennai, IN",1078,166,563.45,0,1,1,2,0,0,0.4373,1.4373,2,0,0,1,1,4,2
TX_001457,USR_0589,136.4,TRANSFER,2026-08-12 06:27:17,MERCH_148,DEV_0508,"Chennai, IN",319,96,218.07,0,1,1,2,1,0,-0.3745,0.6255,2,0,0,0,0,6,2
TX_001458,USR_0373,1108.07,TRANSFER,2026-08-12 07:08:17,MERCH_010,DEV_0639,"Chennai, IN",1013,109,831.22,0,1,1,2,1,0,0.3331,1.3331,2,0,0,0,0,7,2
TX_001459,USR_0458,583.36,PURCHASE,2026-08-12 07:44:03,MERCH_030,DEV_0091,"Delhi, IN",681,232,738.6,0,1,1,3,1,0,-0.2102,0.7898,3,0,0,0,0,7,2
TX_001460,USR_0067,2846.84,TRANSFER,2026-08-12 07:44:09,MERCH_164,DEV_0682,"Pune, IN",1122,162,1313.66,0,1,1,1,1,0,1.1671,2.1671,1,0,0,0,0,7,2
TX_001461,USR_0497,1929.6,PURCHASE,2026-08-12 07:45:40,MERCH_026,DEV_0490,"Lagos, NG",376,80,1689.91,2,0,0,4,1,1,0.1418,1.1418,4,1,1,0,0,7,2
TX_001462,USR_0089,702.08,PURCHASE,2026-08-12 08:40:07,MERCH_085,DEV_0843,"Delhi, IN",99,233,576.57,0,0,1,2,1,0,0.2177,1.2177,2,1,0,0,0,8,2
TX_001463,USR_0397,66.75,TRANSFER,2026-08-12 09:38:23,MERCH_148,DEV_0191,"Ahmedabad, IN",474,145,179.21,1,1,1,3,1,0,-0.6275,0.3725,3,0,0,0,0,9,2
TX_001464,USR_0389,1683.32,TRANSFER,2026-08-12 10:13:32,MERCH_164,DEV_0817,"Chennai, IN",1490,25,1700.44,0,1,1,2,1,0,-0.0101,0.9899,2,0,0,0,0,10,2
TX_001465,USR_0028,192.3,PURCHASE,2026-08-12 10:27:54,MERCH_112,DEV_0404,"Pune, IN",836,98,209.69,0,1,1,2,1,0,-0.0829,0.9171,2,0,0,0,0,10,2
TX_001466,USR_0594,283.43,PURCHASE,2026-08-12 11:06:36,MERCH_024,DEV_0517,"Hyderabad, IN",88,61,579.82,1,0,1,2,1,0,-0.5112,0.4888,2,1,0,0,0,11,2
TX_001467,USR_0517,305.73,PURCHASE,2026-08-12 11:59:46,MERCH_200,DEV_0595,"Delhi, IN",1463,160,371.18,0,1,1,2,1,0,-0.1763,0.8237,2,0,0,0,0,11,2
TX_001468,USR_0230,411.38,PURCHASE,2026-08-12 12:42:11,MERCH_238,DEV_0522,"Hyderabad, IN",1239,215,325.8,1,1,1,1,1,0,0.2627,1.2627,1,0,0,0,0,12,2
TX_001469,USR_0379,757.21,PAYMENT,2026-08-12 13:11:43,MERCH_223,DEV_0814,"Chennai, IN",818,10,798.29,0,1,1,2,1,0,-0.0515,0.9485,2,0,0,0,0,13,2
TX_001470,USR_0174,205.35,PURCHASE,2026-08-12 14:29:50,MERCH_188,DEV_0151,"Mumbai, IN",1112,195,540.55,0,1,1,3,1,0,-0.6201,0.3799,3,0,0,0,0,14,2
TX_001471,USR_0014,526.68,PAYMENT,2026-08-12 14:52:29,MERCH_101,DEV_0657,"Kolkata, IN",282,229,661.28,0,1,1,3,1,0,-0.2035,0.7965,3,0,0,0,0,14,2
TX_001472,USR_0299,171.28,PURCHASE,2026-08-12 15:03:47,MERCH_220,DEV_0878,"Kolkata, IN",890,248,244.08,0,1,0,2,0,0,-0.2983,0.7017,2,0,1,0,1,15,2
TX_001473,USR_0201,426.01,WITHDRAWAL,2026-08-12 15:11:50,MERCH_123,DEV_0199,"Hyderabad, IN",1370,165,394.92,0,1,1,3,1,0,0.0787,1.0787,3,0,0,0,0,15,2
TX_001474,USR_0442,254.09,PURCHASE,2026-08-12 15:49:07,MERCH_035,DEV_0230,"Mumbai, IN",662,79,252.67,0,1,1,3,1,0,0.0056,1.0056,3,0,0,0,0,15,2
TX_001475,USR_0072,282.14,PURCHASE,2026-08-12 15:57:47,MERCH_213,DEV_0428,"Ahmedabad, IN",65,37,387.59,0,1,0,1,1,0,-0.2721,0.7279,1,0,1,0,0,15,2
TX_001476,USR_0525,292.14,PURCHASE,2026-08-12 16:01:08,MERCH_081,DEV_0653,"Hyderabad, IN",1137,236,411.65,0,1,1,1,1,0,-0.2903,0.7097,1,0,0,0,0,16,2
TX_001477,USR_0110,1783.21,PURCHASE,2026-08-12 17:01:49,MERCH_235,DEV_0864,"Hyderabad, IN",1097,103,1794.49,0,1,1,4,1,0,-0.0063,0.9937,4,0,0,0,0,17,2
TX_001478,USR_0472,658.95,PAYMENT,2026-08-12 17:35:16,MERCH_093,DEV_0717,"Ahmedabad, IN",1111,86,370.45,0,1,1,5,1,0,0.7788,1.7788,5,0,0,0,0,17,2
TX_001479,USR_0271,104.18,TRANSFER,2026-08-12 17:47:11,MERCH_218,DEV_0715,"Delhi, IN",975,183,91.38,0,1,1,2,1,0,0.1401,1.1401,2,0,0,0,0,17,2
TX_001480,USR_0141,15870.92,TRANSFER,2026-08-12 17:51:09,MERCH_135,DEV_0398,"Lagos, NG",211,179,1281.22,0,1,1,1,1,1,11.3873,12.3873,1,0,0,0,0,17,2
TX_001481,USR_0589,1252.34,PURCHASE,2026-08-12 18:04:01,MERCH_117,DEV_0581,"Bengaluru, IN",178,202,630.3,0,1,0,5,1,0,0.9869,1.9869,5,0,1,0,0,18,2
TX_001482,USR_0062,1026.43,TRANSFER,2026-08-12 18:11:55,MERCH_075,DEV_0191,"Delhi, IN",1190,220,407.89,0,1,1,1,1,0,1.5164,2.5164,1,0,0,0,0,18,2
TX_001483,USR_0085,750.65,TRANSFER,2026-08-12 18:58:33,MERCH_209,DEV_0417,"Pune, IN",1283,219,324.19,1,1,1,2,1,0,1.3155,2.3155,2,0,0,0,0,18,2
TX_001484,USR_0269,581.14,WITHDRAWAL,2026-08-12 19:24:18,MERCH_016,DEV_0171,"Mumbai, IN",124,43,221.2,0,1,1,2,1,0,1.6272,2.6272,2,0,0,0,0,19,2
TX_001485,USR_0314,865.44,TRANSFER,2026-08-12 00:34:00,MERCH_118,DEV_0025,Unknown Proxy,874,43,1925.2,0,1,0,1,0,1,-0.5505,0.4495,1,0,1,1,1,0,2
TX_001486,USR_0100,677.87,TRANSFER,2026-08-12 20:30:27,MERCH_093,DEV_0771,"Ahmedabad, IN",754,52,467.84,0,1,1,2,0,0,0.4489,1.4489,2,0,0,0,1,20,2
TX_001487,USR_0527,256.68,PURCHASE,2026-08-12 21:19:54,MERCH_136,DEV_0725,"Chennai, IN",529,157,122.23,0,1,1,1,1,0,1.1,2.1,1,0,0,0,0,21,2
TX_001488,USR_0471,1358.88,PAYMENT,2026-08-12 22:09:58,MERCH_064,DEV_0460,"Mumbai, IN",970,145,575.39,1,1,1,4,1,0,1.3617,2.3617,4,0,0,0,0,22,2
TX_001489,USR_0355,640.92,PURCHASE,2026-08-12 22:14:21,MERCH_167,DEV_0014,"Bengaluru, IN",1371,214,1111.96,0,1,1,2,0,0,-0.4236,0.5764,2,0,0,0,1,22,2
TX_001490,USR_0572,737.95,PURCHASE,2026-08-12 22:21:27,MERCH_097,DEV_0082,"Hyderabad, IN",1233,211,506.02,0,1,1,4,1,0,0.4583,1.4583,4,0,0,0,0,22,2
TX_001491,USR_0170,228.59,PAYMENT,2026-08-12 22:51:14,MERCH_048,DEV_0101,"Kolkata, IN",235,203,228.85,0,1,1,5,1,0,-0.0011,0.9989,5,0,0,0,0,22,2
TX_001492,USR_0447,676.22,PURCHASE,2026-08-12 23:05:35,MERCH_050,DEV_0646,"Ahmedabad, IN",698,20,213.99,0,1,0,1,1,0,2.1601,3.1601,1,0,1,0,0,23,2
TX_001493,USR_0364,87.31,PURCHASE,2026-08-12 23:53:52,MERCH_175,DEV_0184,Unknown Proxy,1404,174,226.16,0,0,0,5,1,1,-0.6139,0.3861,5,1,1,0,0,23,2
TX_001494,USR_0193,812.78,PURCHASE,2026-08-13 00:00:08,MERCH_066,DEV_0226,"Ahmedabad, IN",360,212,1408.8,0,1,1,3,1,0,-0.4231,0.5769,3,0,0,1,0,0,3
TX_001495,USR_0219,125.03,PURCHASE,2026-08-13 02:20:33,MERCH_077,DEV_0775,"Bengaluru, IN",1282,245,426.45,0,1,1,2,1,0,-0.7068,0.2932,2,0,0,1,0,2,3
TX_001496,USR_0224,133.52,PAYMENT,2026-08-13 03:10:51,MERCH_157,DEV_0789,"Pune, IN",739,86,127.77,1,1,1,3,1,0,0.045,1.045,3,0,0,1,0,3,3
TX_001497,USR_0481,2487.02,WITHDRAWAL,2026-08-13 03:47:45,MERCH_083,DEV_0687,"Singapore, SG",785,194,600.25,0,0,0,2,1,1,3.1433,4.1433,2,1,1,1,0,3,3
TX_001498,USR_0015,462.3,PURCHASE,2026-08-13 04:21:22,MERCH_098,DEV_0279,"Bengaluru, IN",380,102,500.21,0,1,1,5,1,0,-0.0758,0.9242,5,0,0,1,0,4,3
TX_001499,USR_0572,326.44,PAYMENT,2026-08-13 04:51:44,MERCH_062,DEV_0522,"Chennai, IN",1379,41,321.36,0,0,1,4,1,0,0.0158,1.0158,4,1,0,1,0,4,3
TX_001500,USR_0405,284.75,TRANSFER,2026-08-13 04:52:33,MERCH_087,DEV_0181,"Pune, IN",796,85,209.34,0,1,1,3,1,0,0.3602,1.3602,3,0,0,1,0,4,3
TX_001501,USR_0281,178.71,PAYMENT,2026-08-13 06:41:08,MERCH_174,DEV_0773,"Pune, IN",865,63,202.62,0,1,1,3,1,0,-0.118,0.882,3,0,0,0,0,6,3
TX_001502,USR_0106,1226.77,PURCHASE,2026-08-13 07:04:57,MERCH_134,DEV_0077,"Delhi, IN",697,227,1016.6,0,1,1,4,1,0,0.2067,1.2067,4,0,0,0,0,7,3
TX_001503,USR_0273,665.02,PURCHASE,2026-08-13 07:47:10,MERCH_250,DEV_0670,"Bengaluru, IN",140,44,541.79,1,0,1,5,0,0,0.2274,1.2274,5,1,0,0,1,7,3
TX_001504,USR_0052,353.76,PURCHASE,2026-08-13 08:06:09,MERCH_193,DEV_0461,"Hyderabad, IN",1172,33,644.34,0,1,1,1,1,0,-0.451,0.549,1,0,0,0,0,8,3
TX_001505,USR_0035,483.8,PURCHASE,2026-08-13 08:22:30,MERCH_005,DEV_0682,"Hyderabad, IN",497,145,540.67,0,1,1,2,1,0,-0.1052,0.8948,2,0,0,0,0,8,3
TX_001506,USR_0299,886.49,TRANSFER,2026-08-13 08:29:23,MERCH_095,DEV_0406,"Kolkata, IN",365,143,575.37,0,1,1,4,0,0,0.5407,1.5407,4,0,0,0,1,8,3
TX_001507,USR_0319,550.89,PURCHASE,2026-08-13 08:46:44,MERCH_073,DEV_0143,"Chennai, IN",1174,140,316.7,0,1,1,3,1,0,0.7395,1.7395,3,0,0,0,0,8,3
TX_001508,USR_0030,853.12,PURCHASE,2026-08-13 08:55:17,MERCH_147,DEV_0677,"Mumbai, IN",305,37,385.63,0,1,1,3,1,0,1.2123,2.2123,3,0,0,0,0,8,3
TX_001509,USR_0209,1275.33,TRANSFER,2026-08-13 09:26:18,MERCH_067,DEV_0568,"Kolkata, IN",1026,125,1078.07,0,1,0,8,1,0,0.183,1.183,8,0,1,0,0,9,3
TX_001510,USR_0277,1558.45,PURCHASE,2026-08-13 09:30:26,MERCH_242,DEV_0419,"Mumbai, IN",714,232,1300.09,0,1,1,5,1,0,0.1987,1.1987,5,0,0,0,0,9,3
TX_001511,USR_0546,278.75,PURCHASE,2026-08-13 10:10:25,MERCH_075,DEV_0336,"Mumbai, IN",1201,23,179.95,0,1,1,3,1,0,0.549,1.549,3,0,0,0,0,10,3
TX_001512,USR_0034,248.75,TRANSFER,2026-08-13 10:47:50,MERCH_131,DEV_0310,"Kolkata, IN",82,199,384.93,0,1,1,3,1,0,-0.3538,0.6462,3,0,0,0,0,10,3
TX_001513,USR_0181,531.37,PAYMENT,2026-08-13 11:09:28,MERCH_031,DEV_0434,"Chennai, IN",1163,32,844.47,0,1,1,3,1,0,-0.3708,0.6292,3,0,0,0,0,11,3
TX_001514,USR_0282,1619.2,PURCHASE,2026-08-13 11:55:04,MERCH_228,DEV_0236,"Pune, IN",349,59,1846.06,2,1,0,5,1,0,-0.1229,0.8771,5,0,1,0,0,11,3
TX_001515,USR_0592,711.2,PAYMENT,2026-08-13 13:11:59,MERCH_228,DEV_0255,Unknown Proxy,1306,224,1712.51,5,1,1,10,1,1,-0.5847,0.4153,10,0,0,0,0,13,3
TX_001516,USR_0594,307.02,WITHDRAWAL,2026-08-13 13:29:57,MERCH_199,DEV_0251,"Mumbai, IN",535,75,247.75,0,1,1,4,1,0,0.2392,1.2392,4,0,0,0,0,13,3
TX_001517,USR_0289,2202.68,TRANSFER,2026-08-13 14:01:23,MERCH_088,DEV_0012,"Hyderabad, IN",17,131,1170.9,0,0,1,2,1,0,0.8812,1.8812,2,1,0,0,0,14,3
TX_001518,USR_0290,281.94,PURCHASE,2026-08-13 14:13:17,MERCH_015,DEV_0836,"Pune, IN",735,95,470.23,0,1,1,2,1,0,-0.4004,0.5996,2,0,0,0,0,14,3
TX_001519,USR_0504,1243.15,TRANSFER,2026-08-13 14:35:56,MERCH_178,DEV_0213,"Mumbai, IN",88,153,984.92,1,1,1,3,1,0,0.2622,1.2622,3,0,0,0,0,14,3
TX_001520,USR_0392,513.64,WITHDRAWAL,2026-08-13 15:14:47,MERCH_108,DEV_0149,"Ahmedabad, IN",409,101,812.78,0,1,1,2,1,0,-0.368,0.632,2,0,0,0,0,15,3
TX_001521,USR_0560,85.67,PURCHASE,2026-08-13 15:28:02,MERCH_248,DEV_0137,"Mumbai, IN",1077,111,174.39,0,1,0,2,1,0,-0.5087,0.4913,2,0,1,0,0,15,3
TX_001522,USR_0113,2459.81,PAYMENT,2026-08-13 15:35:19,MERCH_175,DEV_0890,"Kolkata, IN",844,204,679.75,0,1,1,3,1,0,2.6187,3.6187,3,0,0,0,0,15,3
TX_001523,USR_0421,474.41,PAYMENT,2026-08-13 16:34:54,MERCH_135,DEV_0430,"Pune, IN",1065,138,956.73,0,1,1,4,1,0,-0.5041,0.4959,4,0,0,0,0,16,3
TX_001524,USR_0405,2972.98,PURCHASE,2026-08-13 16:38:59,MERCH_247,DEV_0295,"Moscow, RU",1318,141,443.25,0,1,1,2,1,1,5.7072,6.7072,2,0,0,0,0,16,3
TX_001525,USR_0387,409.15,TRANSFER,2026-08-13 18:49:27,MERCH_201,DEV_0364,"Pune, IN",705,201,374.1,0,1,1,4,1,0,0.0937,1.0937,4,0,0,0,0,18,3
TX_001526,USR_0592,156.81,PURCHASE,2026-08-13 19:18:08,MERCH_115,DEV_0080,"Hyderabad, IN",818,107,138.45,0,1,1,1,1,0,0.1326,1.1326,1,0,0,0,0,19,3
TX_001527,USR_0496,1102.86,WITHDRAWAL,2026-08-13 20:29:09,MERCH_005,DEV_0283,"Kolkata, IN",93,206,751.42,0,1,1,2,1,0,0.4677,1.4677,2,0,0,0,0,20,3
TX_001528,USR_0271,1838.33,WITHDRAWAL,2026-08-13 21:35:10,MERCH_024,DEV_0224,"Mumbai, IN",435,180,526.27,0,1,1,4,0,0,2.4931,3.4931,4,0,0,0,1,21,3
TX_001529,USR_0008,129.34,PURCHASE,2026-08-13 22:04:54,MERCH_111,DEV_0723,"Chennai, IN",1088,221,225.34,1,1,1,3,1,0,-0.426,0.574,3,0,0,0,0,22,3
TX_001530,USR_0560,230.19,PURCHASE,2026-08-13 22:18:49,MERCH_141,DEV_0053,"Mumbai, IN",99,115,352.44,0,1,0,5,1,0,-0.3469,0.6531,5,0,1,0,0,22,3
TX_001531,USR_0319,1367.66,PURCHASE,2026-08-13 23:23:18,MERCH_008,DEV_0383,"Bengaluru, IN",543,140,505.29,1,1,1,1,0,0,1.7067,2.7067,1,0,0,0,1,23,3
TX_001532,USR_0131,518.37,PAYMENT,2026-08-13 23:49:46,MERCH_032,DEV_0712,"Delhi, IN",211,32,295.97,0,1,1,2,1,0,0.7514,1.7514,2,0,0,0,0,23,3
TX_001533,USR_0518,721.48,PURCHASE,2026-08-14 00:03:07,MERCH_177,DEV_0751,"Delhi, IN",1287,28,450.9,1,1,1,1,1,0,0.6001,1.6001,1,0,0,1,0,0,4
TX_001534,USR_0112,78.52,PAYMENT,2026-08-14 00:05:51,MERCH_188,DEV_0462,"Ahmedabad, IN",844,27,121.12,1,1,1,3,1,0,-0.3517,0.6483,3,0,0,1,0,0,4
TX_001535,USR_0169,2448.29,PURCHASE,2026-08-14 00:52:25,MERCH_008,DEV_0201,"Delhi, IN",969,158,1238.08,0,1,1,2,1,0,0.9775,1.9775,2,0,0,1,0,0,4
TX_001536,USR_0243,4018.24,WITHDRAWAL,2026-08-14 01:15:03,MERCH_127,DEV_0304,"Singapore, SG",1027,82,455.4,0,0,1,7,0,1,7.8235,8.8235,7,1,0,1,1,1,4
TX_001537,USR_0569,212.28,PAYMENT,2026-08-14 01:46:32,MERCH_021,DEV_0201,"Pune, IN",341,72,197.3,0,1,1,1,1,0,0.0759,1.0759,1,0,0,1,0,1,4
TX_001538,USR_0078,46.26,TRANSFER,2026-08-14 02:23:34,MERCH_181,DEV_0596,"Pune, IN",81,151,71.13,0,1,1,2,1,0,-0.3496,0.6504,2,0,0,1,0,2,4
TX_001539,USR_0444,992.73,PURCHASE,2026-08-14 02:28:15,MERCH_209,DEV_0264,"Ahmedabad, IN",600,100,973.7,0,1,1,2,0,0,0.0195,1.0195,2,0,0,1,1,2,4
TX_001540,USR_0573,1899.47,PURCHASE,2026-08-14 02:35:56,MERCH_218,DEV_0568,"Ahmedabad, IN",284,34,683.9,0,1,1,2,1,0,1.7774,2.7774,2,0,0,1,0,2,4
TX_001541,USR_0513,246.21,PURCHASE,2026-08-14 03:04:16,MERCH_150,DEV_0591,"Delhi, IN",487,139,527.03,0,0,0,4,1,0,-0.5328,0.4672,4,1,1,1,0,3,4
TX_001542,USR_0550,486.44,PURCHASE,2026-08-14 03:16:48,MERCH_158,DEV_0846,"Delhi, IN",483,137,860.04,0,1,1,3,1,0,-0.4344,0.5656,3,0,0,1,0,3,4
TX_001543,USR_0169,542.86,PURCHASE,2026-08-14 04:10:03,MERCH_232,DEV_0334,"Pune, IN",1174,35,858.27,0,1,1,4,1,0,-0.3675,0.6325,4,0,0,1,0,4,4
TX_001544,USR_0063,379.19,TRANSFER,2026-08-14 04:32:55,MERCH_154,DEV_0866,"Bengaluru, IN",484,68,520.65,0,0,1,2,1,0,-0.2717,0.7283,2,1,0,1,0,4,4
TX_001545,USR_0031,350.15,PURCHASE,2026-08-14 04:34:30,MERCH_112,DEV_0361,"Bengaluru, IN",232,60,371.89,0,1,1,2,1,0,-0.0585,0.9415,2,0,0,1,0,4,4
TX_001546,USR_0393,583.74,PURCHASE,2026-08-14 05:24:02,MERCH_189,DEV_0613,"Mumbai, IN",1437,174,329.11,0,1,1,2,1,0,0.7737,1.7737,2,0,0,1,0,5,4
TX_001547,USR_0556,792.24,PURCHASE,2026-08-14 05:24:32,MERCH_148,DEV_0596,"Chennai, IN",80,63,617.05,0,1,1,2,1,0,0.2839,1.2839,2,0,0,1,0,5,4
TX_001548,USR_0163,1269.74,PURCHASE,2026-08-14 06:03:46,MERCH_211,DEV_0737,"Ahmedabad, IN",311,8,1283.08,0,1,0,4,1,0,-0.0104,0.9896,4,0,1,0,0,6,4
TX_001549,USR_0572,2728.5,PAYMENT,2026-08-14 06:43:04,MERCH_132,DEV_0423,"Moscow, RU",525,67,416.58,2,1,1,3,1,1,5.5498,6.5498,3,0,0,0,0,6,4
TX_001550,USR_0297,1943.41,PURCHASE,2026-08-14 07:09:35,MERCH_218,DEV_0714,"Mumbai, IN",100,117,1361.86,0,1,1,4,1,0,0.427,1.427,4,0,0,0,0,7,4
TX_001551,USR_0138,189.81,PURCHASE,2026-08-14 07:46:21,MERCH_012,DEV_0320,"Kolkata, IN",1349,192,595.33,1,1,1,3,1,0,-0.6812,0.3188,3,0,0,0,0,7,4
TX_001552,USR_0568,1142.86,TRANSFER,2026-08-14 08:08:40,MERCH_010,DEV_0443,"Chennai, IN",534,14,598.7,0,1,0,2,1,0,0.9089,1.9089,2,0,1,0,0,8,4
TX_001553,USR_0349,1519.16,PAYMENT,2026-08-14 05:15:00,MERCH_025,DEV_0450,Unknown Proxy,1174,220,2732.79,0,0,1,1,0,1,-0.4441,0.5559,1,1,0,1,1,5,4
TX_001554,USR_0442,1108.18,WITHDRAWAL,2026-08-14 08:17:30,MERCH_140,DEV_0635,"Chennai, IN",207,83,1554.26,0,1,0,2,1,0,-0.287,0.713,2,0,1,0,0,8,4
TX_001555,USR_0395,1880.87,WITHDRAWAL,2026-08-14 08:23:48,MERCH_178,DEV_0557,"Ahmedabad, IN",785,86,1584.79,1,1,1,3,1,0,0.1868,1.1868,3,0,0,0,0,8,4
TX_001556,USR_0031,224.09,PAYMENT,2026-08-14 08:31:29,MERCH_055,DEV_0071,"Kolkata, IN",195,4,247.41,0,1,1,1,1,0,-0.0943,0.9057,1,0,0,0,0,8,4
TX_001557,USR_0014,3040.84,TRANSFER,2026-08-14 08:51:12,MERCH_039,DEV_0729,"Chennai, IN",352,69,2329.44,0,1,1,2,1,0,0.3054,1.3054,2,0,0,0,0,8,4
TX_001558,USR_0434,441.32,PAYMENT,2026-08-14 09:10:43,MERCH_216,DEV_0683,Unknown Proxy,615,117,423.09,0,0,0,2,1,1,0.0431,1.0431,2,1,1,0,0,9,4
TX_001559,USR_0589,299.03,PURCHASE,2026-08-14 09:25:28,MERCH_188,DEV_0095,"Kolkata, IN",1295,156,379.41,0,0,1,2,1,0,-0.2119,0.7881,2,1,0,0,0,9,4
TX_001560,USR_0378,228.94,WITHDRAWAL,2026-08-14 09:31:12,MERCH_163,DEV_0866,"Bengaluru, IN",464,191,89.1,1,1,1,3,1,0,1.5695,2.5695,3,0,0,0,0,9,4
TX_001561,USR_0579,866.28,PAYMENT,2026-08-14 09:49:50,MERCH_123,DEV_0595,"Pune, IN",1133,131,574.77,0,1,1,1,1,0,0.5072,1.5072,1,0,0,0,0,9,4
TX_001562,USR_0509,231.16,PAYMENT,2026-08-14 09:56:46,MERCH_106,DEV_0077,"Ahmedabad, IN",143,25,199.68,0,1,0,1,1,0,0.1577,1.1577,1,0,1,0,0,9,4
TX_001563,USR_0071,911.94,PURCHASE,2026-08-14 10:32:47,MERCH_006,DEV_0443,"Chennai, IN",382,98,611.21,0,1,0,3,1,0,0.492,1.492,3,0,1,0,0,10,4
TX_001564,USR_0290,113.25,WITHDRAWAL,2026-08-14 11:06:02,MERCH_048,DEV_0753,"Delhi, IN",909,184,188.31,0,1,1,2,1,0,-0.3986,0.6014,2,0,0,0,0,11,4
TX_001565,USR_0134,6775.88,PURCHASE,2026-08-14 11:28:14,MERCH_225,DEV_0252,"Hyderabad, IN",706,160,1732.85,0,1,1,4,1,0,2.9103,3.9103,4,0,0,0,0,11,4
TX_001566,USR_0467,319.25,TRANSFER,2026-08-14 03:10:00,MERCH_085,DEV_0840,Unknown Proxy,756,146,680.57,0,1,1,3,0,1,-0.5309,0.4691,3,0,0,1,1,3,4
TX_001567,USR_0503,2547.1,PURCHASE,2026-08-14 12:36:56,MERCH_177,DEV_0377,"Ahmedabad, IN",1019,127,2487.79,1,1,1,3,1,0,0.0238,1.0238,3,0,0,0,0,12,4
TX_001568,USR_0263,164.98,TRANSFER,2026-08-14 13:15:40,MERCH_176,DEV_0204,"Chennai, IN",122,126,208.93,0,1,1,4,1,0,-0.2104,0.7896,4,0,0,0,0,13,4
TX_001569,USR_0481,1107.95,TRANSFER,2026-08-14 13:31:17,MERCH_078,DEV_0321,"Ahmedabad, IN",1045,248,1438.18,1,0,1,2,1,0,-0.2296,0.7704,2,1,0,0,0,13,4
TX_001570,USR_0201,82.43,PURCHASE,2026-08-14 13:40:40,MERCH_052,DEV_0473,"Bengaluru, IN",1295,150,116.42,0,0,0,2,1,0,-0.292,0.708,2,1,1,0,0,13,4
TX_001571,USR_0108,302.99,PURCHASE,2026-08-14 14:02:19,MERCH_173,DEV_0620,"Chennai, IN",1150,149,526.0,0,1,1,5,1,0,-0.424,0.576,5,0,0,0,0,14,4
TX_001572,USR_0080,577.07,PURCHASE,2026-08-14 14:23:02,MERCH_024,DEV_0836,"Kolkata, IN",432,84,280.21,1,1,1,2,1,0,1.0594,2.0594,2,0,0,0,0,14,4
TX_001573,USR_0033,139.8,TRANSFER,2026-08-14 14:24:54,MERCH_124,DEV_0176,"Mumbai, IN",530,123,321.59,0,1,0,3,1,0,-0.5653,0.4347,3,0,1,0,0,14,4
TX_001574,USR_0422,550.71,TRANSFER,2026-08-14 14:25:23,MERCH_223,DEV_0865,"Kolkata, IN",1442,177,305.48,0,1,0,5,0,0,0.8028,1.8028,5,0,1,0,1,14,4
TX_001575,USR_0443,328.58,TRANSFER,2026-08-14 15:01:48,MERCH_178,DEV_0475,"Hyderabad, IN",1186,214,226.61,0,1,1,4,1,0,0.45,1.45,4,0,0,0,0,15,4
TX_001576,USR_0400,129.92,PURCHASE,2026-08-14 17:32:54,MERCH_192,DEV_0116,"Kolkata, IN",1397,195,174.95,0,1,1,5,1,0,-0.2574,0.7426,5,0,0,0,0,17,4
TX_001577,USR_0477,434.25,WITHDRAWAL,2026-08-14 18:09:47,MERCH_021,DEV_0834,"Hyderabad, IN",1370,165,322.93,1,1,1,3,1,0,0.3447,1.3447,3,0,0,0,0,18,4
TX_001578,USR_0589,421.42,TRANSFER,2026-08-14 18:36:25,MERCH_050,DEV_0315,"Hyderabad, IN",655,194,490.91,1,1,1,4,1,0,-0.1416,0.8584,4,0,0,0,0,18,4
TX_001579,USR_0403,500.88,PURCHASE,2026-08-14 18:39:15,MERCH_069,DEV_0559,"Kolkata, IN",200,9,1077.09,0,1,1,1,1,0,-0.535,0.465,1,0,0,0,0,18,4
TX_001580,USR_0062,262.95,PURCHASE,2026-08-14 19:43:33,MERCH_074,DEV_0629,"Ahmedabad, IN",348,68,561.58,0,1,1,4,1,0,-0.5318,0.4682,4,0,0,0,0,19,4
TX_001581,USR_0570,1572.13,PURCHASE,2026-08-14 19:45:16,MERCH_049,DEV_0013,"Delhi, IN",446,61,1079.39,0,1,1,4,1,0,0.4565,1.4565,4,0,0,0,0,19,4
TX_001582,USR_0472,209.12,PURCHASE,2026-08-14 19:48:54,MERCH_244,DEV_0200,"Bengaluru, IN",1253,163,148.5,0,1,1,5,1,0,0.4082,1.4082,5,0,0,0,0,19,4
TX_001583,USR_0550,362.07,PURCHASE,2026-08-14 20:04:17,MERCH_042,DEV_0618,"Chennai, IN",419,188,325.23,0,1,0,3,1,0,0.1133,1.1133,3,0,1,0,0,20,4
TX_001584,USR_0559,565.67,PURCHASE,2026-08-14 20:32:12,MERCH_178,DEV_0293,"Mumbai, IN",546,37,767.01,0,1,0,5,1,0,-0.2625,0.7375,5,0,1,0,0,20,4
TX_001585,USR_0570,489.24,PURCHASE,2026-08-14 22:07:28,MERCH_147,DEV_0009,"Mumbai, IN",1278,49,582.1,0,1,1,3,1,0,-0.1595,0.8405,3,0,0,0,0,22,4
TX_001586,USR_0338,181.59,PURCHASE,2026-08-14 22:39:05,MERCH_153,DEV_0021,"Hyderabad, IN",251,124,235.89,0,1,1,2,1,0,-0.2302,0.7698,2,0,0,0,0,22,4
TX_001587,USR_0422,277.07,PURCHASE,2026-08-14 22:52:55,MERCH_054,DEV_0744,"Chennai, IN",997,242,906.69,0,1,1,2,1,0,-0.6944,0.3056,2,0,0,0,0,22,4
TX_001588,USR_0246,299.05,WITHDRAWAL,2026-08-14 23:36:02,MERCH_077,DEV_0139,"Bengaluru, IN",830,1,302.11,0,1,1,3,1,0,-0.0101,0.9899,3,0,0,0,0,23,4
TX_001589,USR_0373,335.56,PURCHASE,2026-08-15 01:12:27,MERCH_152,DEV_0091,"Kolkata, IN",1476,219,251.19,0,0,1,3,1,0,0.3359,1.3359,3,1,0,1,0,1,5
TX_001590,USR_0550,644.46,PURCHASE,2026-08-15 01:21:15,MERCH_075,DEV_0507,"Bengaluru, IN",737,49,648.37,0,1,1,3,1,0,-0.006,0.994,3,0,0,1,0,1,5
TX_001591,USR_0169,1358.08,TRANSFER,2026-08-15 01:32:43,MERCH_174,DEV_0108,"Ahmedabad, IN",785,67,452.09,1,1,1,1,1,0,2.004,3.004,1,0,0,1,0,1,5
TX_001592,USR_0063,150.52,PURCHASE,2026-08-15 01:54:29,MERCH_010,DEV_0588,"Pune, IN",1276,158,304.01,0,1,1,3,1,0,-0.5049,0.4951,3,0,0,1,0,1,5
TX_001593,USR_0537,183.44,PURCHASE,2026-08-15 02:28:05,MERCH_019,DEV_0490,"Delhi, IN",1487,182,296.37,0,1,1,3,1,0,-0.381,0.619,3,0,0,1,0,2,5
TX_001594,USR_0288,209.21,PURCHASE,2026-08-15 02:49:51,MERCH_183,DEV_0585,"Delhi, IN",1095,218,201.72,0,1,1,4,1,0,0.0371,1.0371,4,0,0,1,0,2,5
TX_001595,USR_0299,372.74,PURCHASE,2026-08-15 03:05:33,MERCH_155,DEV_0443,"Mumbai, IN",1049,2,334.43,0,1,1,4,1,0,0.1146,1.1146,4,0,0,1,0,3,5
TX_001596,USR_0392,283.86,TRANSFER,2026-08-15 03:48:43,MERCH_011,DEV_0701,"Hyderabad, IN",1315,13,1026.85,1,1,1,2,1,0,-0.7236,0.2764,2,0,0,1,0,3,5
TX_001597,USR_0319,760.83,PURCHASE,2026-08-15 03:54:05,MERCH_225,DEV_0581,"Hyderabad, IN",1469,120,540.59,1,1,1,4,1,0,0.4074,1.4074,4,0,0,1,0,3,5
TX_001598,USR_0316,1032.36,PURCHASE,2026-08-15 04:52:25,MERCH_002,DEV_0374,"Chennai, IN",1103,140,923.52,1,1,0,3,1,0,0.1179,1.1179,3,0,1,1,0,4,5
TX_001599,USR_0119,158.97,TRANSFER,2026-08-15 06:07:28,MERCH_239,DEV_0014,"Kolkata, IN",443,65,662.68,0,1,1,3,1,0,-0.7601,0.2399,3,0,0,0,0,6,5
TX_001600,USR_0591,250.69,PAYMENT,2026-08-15 06:47:14,MERCH_183,DEV_0247,"Pune, IN",965,159,284.31,1,1,1,2,1,0,-0.1183,0.8817,2,0,0,0,0,6,5
TX_001601,USR_0051,73.47,PURCHASE,2026-08-15 06:56:29,MERCH_248,DEV_0119,"Kolkata, IN",359,67,130.63,0,1,1,6,1,0,-0.4376,0.5624,6,0,0,0,0,6,5
TX_001602,USR_0229,159.08,PURCHASE,2026-08-15 07:56:04,MERCH_238,DEV_0015,"Pune, IN",753,233,224.55,0,1,0,3,1,0,-0.2916,0.7084,3,0,1,0,0,7,5
TX_001603,USR_0084,108.43,PURCHASE,2026-08-15 09:47:31,MERCH_079,DEV_0246,"Mumbai, IN",670,45,272.01,1,1,1,2,1,0,-0.6014,0.3986,2,0,0,0,0,9,5
TX_001604,USR_0403,320.0,TRANSFER,2026-08-15 10:01:23,MERCH_190,DEV_0186,"Ahmedabad, IN",1481,164,256.67,0,1,1,2,1,0,0.2467,1.2467,2,0,0,0,0,10,5
TX_001605,USR_0204,2807.84,TRANSFER,2026-08-15 10:14:46,MERCH_053,DEV_0070,"Bengaluru, IN",834,133,939.19,0,1,1,2,1,0,1.9896,2.9896,2,0,0,0,0,10,5
TX_001606,USR_0415,1053.06,TRANSFER,2026-08-15 11:28:23,MERCH_118,DEV_0282,"Mumbai, IN",1439,26,931.87,0,1,1,2,1,0,0.1301,1.1301,2,0,0,0,0,11,5
TX_001607,USR_0111,552.56,PURCHASE,2026-08-15 11:42:18,MERCH_061,DEV_0456,"Pune, IN",1213,151,2364.11,0,1,0,1,1,0,-0.7663,0.2337,1,0,1,0,0,11,5
TX_001608,USR_0279,290.65,PURCHASE,2026-08-15 11:52:15,MERCH_122,DEV_0161,"Hyderabad, IN",1274,37,253.78,0,1,1,7,1,0,0.1453,1.1453,7,0,0,0,0,11,5
TX_001609,USR_0412,1249.9,WITHDRAWAL,2026-08-15 12:08:11,MERCH_219,DEV_0246,"Kolkata, IN",259,135,1491.2,0,1,1,4,1,0,-0.1618,0.8382,4,0,0,0,0,12,5
TX_001610,USR_0199,690.24,PURCHASE,2026-08-15 12:33:25,MERCH_110,DEV_0019,"Mumbai, IN",1164,159,1484.3,0,1,0,6,1,0,-0.535,0.465,6,0,1,0,0,12,5
TX_001611,USR_0382,452.55,PAYMENT,2026-08-15 13:14:45,MERCH_024,DEV_0046,"Pune, IN",382,18,378.06,0,1,1,4,1,0,0.197,1.197,4,0,0,0,0,13,5
TX_001612,USR_0467,1081.67,PURCHASE,2026-08-15 13:51:31,MERCH_082,DEV_0142,"Pune, IN",869,54,641.89,0,1,1,4,1,0,0.6851,1.6851,4,0,0,0,0,13,5
TX_001613,USR_0318,702.95,PURCHASE,2026-08-15 14:20:54,MERCH_197,DEV_0408,"Hyderabad, IN",732,74,1141.16,0,1,1,5,1,0,-0.384,0.616,5,0,0,0,0,14,5
TX_001614,USR_0266,140.7,PURCHASE,2026-08-15 14:54:42,MERCH_131,DEV_0600,"Mumbai, IN",394,232,430.55,0,0,1,4,1,0,-0.6732,0.3268,4,1,0,0,0,14,5
TX_001615,USR_0397,104.52,PURCHASE,2026-08-15 15:01:16,MERCH_141,DEV_0710,"Ahmedabad, IN",1477,56,406.24,0,1,0,2,1,0,-0.7427,0.2573,2,0,1,0,0,15,5
TX_001616,USR_0496,173.48,WITHDRAWAL,2026-08-15 16:03:20,MERCH_108,DEV_0567,"Ahmedabad, IN",1314,230,281.11,0,1,1,3,1,0,-0.3829,0.6171,3,0,0,0,0,16,5
TX_001617,USR_0196,65.9,PURCHASE,2026-08-15 16:03:40,MERCH_074,DEV_0556,"Chennai, IN",864,133,76.65,1,1,1,2,1,0,-0.1402,0.8598,2,0,0,0,0,16,5
TX_001618,USR_0588,322.69,TRANSFER,2026-08-15 16:44:28,MERCH_150,DEV_0843,"Delhi, IN",23,237,474.42,1,1,0,1,1,0,-0.3198,0.6802,1,0,1,0,0,16,5
TX_001619,USR_0045,161.21,TRANSFER,2026-08-15 16:46:21,MERCH_159,DEV_0231,"Chennai, IN",280,207,264.24,1,1,1,1,1,0,-0.3899,0.6101,1,0,0,0,0,16,5
TX_001620,USR_0433,276.41,PAYMENT,2026-08-15 16:50:56,MERCH_225,DEV_0719,"Lagos, NG",346,73,200.89,2,0,1,10,1,1,0.3759,1.3759,10,1,0,0,0,16,5
TX_001621,USR_0409,793.72,TRANSFER,2026-08-15 16:58:04,MERCH_155,DEV_0844,"Hyderabad, IN",1458,140,617.63,0,1,1,3,0,0,0.2851,1.2851,3,0,0,0,1,16,5
TX_001622,USR_0431,164.11,PAYMENT,2026-08-15 17:08:49,MERCH_249,DEV_0511,"Mumbai, IN",609,179,151.53,0,1,1,2,1,0,0.083,1.083,2,0,0,0,0,17,5
TX_001623,USR_0357,1332.12,PAYMENT,2026-08-15 17:18:53,MERCH_207,DEV_0757,"Hyderabad, IN",76,20,823.7,0,1,1,2,1,0,0.6172,1.6172,2,0,0,0,0,17,5
TX_001624,USR_0235,401.56,PURCHASE,2026-08-15 17:46:30,MERCH_020,DEV_0124,"Chennai, IN",882,166,646.74,0,0,1,2,1,0,-0.3791,0.6209,2,1,0,0,0,17,5
TX_001625,USR_0362,155.65,PAYMENT,2026-08-15 18:00:49,MERCH_099,DEV_0791,"Bengaluru, IN",1426,115,333.32,0,1,1,2,1,0,-0.533,0.467,2,0,0,0,0,18,5
TX_001626,USR_0123,290.69,PAYMENT,2026-08-15 18:54:46,MERCH_097,DEV_0508,"Ahmedabad, IN",844,9,429.13,0,1,1,3,1,0,-0.3226,0.6774,3,0,0,0,0,18,5
TX_001627,USR_0304,119.37,PURCHASE,2026-08-15 18:57:16,MERCH_001,DEV_0200,"Delhi, IN",669,216,184.3,1,1,1,4,1,0,-0.3523,0.6477,4,0,0,0,0,18,5
TX_001628,USR_0277,198.08,TRANSFER,2026-08-15 01:32:00,MERCH_046,DEV_0056,Unknown Proxy,269,67,789.98,0,1,1,4,0,1,-0.7493,0.2507,4,0,0,1,1,1,5
TX_001629,USR_0449,345.55,PURCHASE,2026-08-15 19:53:03,MERCH_191,DEV_0648,"Ahmedabad, IN",1319,218,517.89,1,1,1,6,1,0,-0.3328,0.6672,6,0,0,0,0,19,5
TX_001630,USR_0321,1068.26,TRANSFER,2026-08-15 21:06:10,MERCH_089,DEV_0388,"Mumbai, IN",163,52,547.65,0,0,1,3,1,0,0.9506,1.9506,3,1,0,0,0,21,5
TX_001631,USR_0027,1049.67,PURCHASE,2026-08-15 21:08:31,MERCH_037,DEV_0280,"Pune, IN",1400,135,655.68,2,1,1,2,1,0,0.6009,1.6009,2,0,0,0,0,21,5
TX_001632,USR_0060,371.97,TRANSFER,2026-08-15 21:21:32,MERCH_072,DEV_0352,"Hyderabad, IN",338,93,277.95,0,1,1,2,1,0,0.3383,1.3383,2,0,0,0,0,21,5
TX_001633,USR_0078,149.23,PURCHASE,2026-08-15 21:22:00,MERCH_069,DEV_0892,"Ahmedabad, IN",213,223,144.02,0,1,0,3,1,0,0.0362,1.0362,3,0,1,0,0,21,5
TX_001634,USR_0408,2250.76,TRANSFER,2026-08-15 21:28:31,MERCH_044,DEV_0386,"Kolkata, IN",527,238,922.64,1,1,0,4,1,0,1.4395,2.4395,4,0,1,0,0,21,5
TX_001635,USR_0497,360.21,PURCHASE,2026-08-15 21:35:06,MERCH_026,DEV_0071,"Pune, IN",14,192,754.3,0,1,1,4,1,0,-0.5225,0.4775,4,0,0,0,0,21,5
TX_001636,USR_0304,153.03,TRANSFER,2026-08-15 21:45:41,MERCH_192,DEV_0252,"Chennai, IN",27,211,301.19,1,1,0,4,1,0,-0.4919,0.5081,4,0,1,0,0,21,5
TX_001637,USR_0050,1208.18,PURCHASE,2026-08-15 22:46:16,MERCH_207,DEV_0131,"Hyderabad, IN",285,192,611.6,0,0,1,5,1,0,0.9754,1.9754,5,1,0,0,0,22,5
TX_001638,USR_0100,1119.54,TRANSFER,2026-08-16 00:04:43,MERCH_125,DEV_0618,"Mumbai, IN",1040,74,1156.01,0,1,0,6,1,0,-0.0315,0.9685,6,0,1,1,0,0,6
TX_001639,USR_0153,650.02,PURCHASE,2026-08-16 01:22:18,MERCH_154,DEV_0721,"Pune, IN",1223,230,1057.09,0,1,0,4,1,0,-0.3851,0.6149,4,0,1,1,0,1,6
TX_001640,USR_0381,3847.97,PURCHASE,2026-08-16 01:33:47,MERCH_230,DEV_0757,"Moscow, RU",376,132,294.66,1,1,1,3,1,1,12.059,13.059,3,0,0,1,0,1,6
TX_001641,USR_0422,105.39,PURCHASE,2026-08-16 01:45:17,MERCH_211,DEV_0570,"Pune, IN",969,86,147.33,0,1,1,3,1,0,-0.2847,0.7153,3,0,0,1,0,1,6
TX_001642,USR_0148,92.48,PAYMENT,2026-08-16 02:06:53,MERCH_009,DEV_0692,"Kolkata, IN",531,48,167.56,0,1,1,1,1,0,-0.4481,0.5519,1,0,0,1,0,2,6
TX_001643,USR_0116,193.06,PURCHASE,2026-08-16 02:07:41,MERCH_239,DEV_0376,"Ahmedabad, IN",653,177,356.19,1,1,1,2,1,0,-0.458,0.542,2,0,0,1,0,2,6
TX_001644,USR_0580,1579.7,TRANSFER,2026-08-16 03:02:29,MERCH_017,DEV_0565,"Hyderabad, IN",507,70,1347.47,1,1,1,2,1,0,0.1723,1.1723,2,0,0,1,0,3,6
TX_001645,USR_0175,283.35,PURCHASE,2026-08-16 04:10:45,MERCH_007,DEV_0097,"Chennai, IN",1337,163,260.58,1,1,1,2,1,0,0.0874,1.0874,2,0,0,1,0,4,6
TX_001646,USR_0393,733.53,TRANSFER,2026-08-16 04:17:14,MERCH_101,DEV_0485,"Bengaluru, IN",771,17,287.72,0,1,1,2,1,0,1.5495,2.5495,2,0,0,1,0,4,6
TX_001647,USR_0280,223.19,PURCHASE,2026-08-16 05:01:58,MERCH_187,DEV_0502,"Bengaluru, IN",762,159,283.32,1,1,0,3,1,0,-0.2122,0.7878,3,0,1,1,0,5,6
TX_001648,USR_0145,235.29,PURCHASE,2026-08-16 05:32:58,MERCH_021,DEV_0028,"Ahmedabad, IN",1290,161,302.01,1,1,0,2,1,0,-0.2209,0.7791,2,0,1,1,0,5,6
TX_001649,USR_0121,1082.03,PURCHASE,2026-08-16 05:47:13,MERCH_074,DEV_0494,"Pune, IN",988,131,446.23,0,1,1,6,1,0,1.4248,2.4248,6,0,0,1,0,5,6
TX_001650,USR_0518,311.04,PURCHASE,2026-08-16 05:51:14,MERCH_066,DEV_0651,"Pune, IN",230,164,172.3,2,1,1,3,1,0,0.8052,1.8052,3,0,0,1,0,5,6
TX_001651,USR_0184,1060.72,PURCHASE,2026-08-16 06:03:14,MERCH_100,DEV_0331,"Kolkata, IN",288,248,1014.87,0,1,1,2,1,0,0.0452,1.0452,2,0,0,0,0,6,6
TX_001652,USR_0127,139.21,PURCHASE,2026-08-16 06:17:47,MERCH_247,DEV_0491,"Hyderabad, IN",515,209,403.68,1,1,1,7,1,0,-0.6551,0.3449,7,0,0,0,0,6,6
TX_001653,USR_0122,1621.16,PURCHASE,2026-08-16 06:29:55,MERCH_083,DEV_0258,"Lagos, NG",153,110,2888.81,2,1,0,8,1,1,-0.4388,0.5612,8,0,1,0,0,6,6
TX_001654,USR_0164,89.47,PAYMENT,2026-08-16 07:25:04,MERCH_053,DEV_0244,"Bengaluru, IN",1040,218,186.62,0,1,1,5,1,0,-0.5206,0.4794,5,0,0,0,0,7,6
TX_001655,USR_0104,1444.24,PURCHASE,2026-08-16 08:29:31,MERCH_031,DEV_0117,"Hyderabad, IN",746,238,1482.74,0,1,1,4,1,0,-0.026,0.974,4,0,0,0,0,8,6
TX_001656,USR_0170,873.35,PAYMENT,2026-08-16 10:25:24,MERCH_050,DEV_0296,"Ahmedabad, IN",73,40,1277.62,0,0,1,3,1,0,-0.3164,0.6836,3,1,0,0,0,10,6
TX_001657,USR_0063,891.03,PURCHASE,2026-08-16 12:35:57,MERCH_034,DEV_0723,"Delhi, IN",604,90,330.46,0,1,1,3,1,0,1.6963,2.6963,3,0,0,0,0,12,6
TX_001658,USR_0104,114.61,PURCHASE,2026-08-16 13:28:14,MERCH_144,DEV_0843,"Bengaluru, IN",1246,186,334.61,0,1,1,3,1,0,-0.6575,0.3425,3,0,0,0,0,13,6
TX_001659,USR_0231,100.83,PURCHASE,2026-08-16 13:44:20,MERCH_106,DEV_0573,"Kolkata, IN",1361,129,225.49,1,1,1,5,1,0,-0.5528,0.4472,5,0,0,0,0,13,6
TX_001660,USR_0135,253.63,PURCHASE,2026-08-16 14:00:57,MERCH_125,DEV_0562,"Pune, IN",1443,34,227.44,1,1,1,1,1,0,0.1152,1.1152,1,0,0,0,0,14,6
TX_001661,USR_0216,600.48,PURCHASE,2026-08-16 15:01:37,MERCH_209,DEV_0553,"Mumbai, IN",1384,118,449.8,0,1,1,3,1,0,0.335,1.335,3,0,0,0,0,15,6
TX_001662,USR_0126,80.89,PAYMENT,2026-08-16 16:38:38,MERCH_146,DEV_0429,"Kolkata, IN",914,94,457.04,0,1,1,3,1,0,-0.823,0.177,3,0,0,0,0,16,6
TX_001663,USR_0026,41.66,TRANSFER,2026-08-16 16:51:00,MERCH_039,DEV_0381,"Pune, IN",1391,184,135.3,0,1,1,5,1,0,-0.6921,0.3079,5,0,0,0,0,16,6
TX_001664,USR_0385,2014.31,TRANSFER,2026-08-16 17:17:04,MERCH_095,DEV_0559,"Mumbai, IN",1435,129,2513.36,0,1,1,3,1,0,-0.1986,0.8014,3,0,0,0,0,17,6
TX_001665,USR_0275,4660.74,PURCHASE,2026-08-16 17:43:22,MERCH_079,DEV_0706,Unknown Proxy,955,35,370.41,0,1,1,2,1,1,11.5827,12.5827,2,0,0,0,0,17,6
TX_001666,USR_0251,1533.8,PURCHASE,2026-08-16 18:18:54,MERCH_207,DEV_0373,"Bengaluru, IN",623,13,472.7,0,1,1,2,1,0,2.2448,3.2448,2,0,0,0,0,18,6
TX_001667,USR_0427,204.41,TRANSFER,2026-08-16 19:13:30,MERCH_077,DEV_0510,"Mumbai, IN",1449,72,281.34,0,1,1,1,1,0,-0.2734,0.7266,1,0,0,0,0,19,6
TX_001668,USR_0419,313.58,PURCHASE,2026-08-16 19:24:58,MERCH_035,DEV_0424,"Mumbai, IN",626,40,368.33,0,1,0,2,1,0,-0.1486,0.8514,2,0,1,0,0,19,6
TX_001669,USR_0120,189.97,PURCHASE,2026-08-16 21:02:00,MERCH_185,DEV_0257,"Mumbai, IN",255,219,344.07,0,1,1,2,1,0,-0.4479,0.5521,2,0,0,0,0,21,6
TX_001670,USR_0157,644.6,PURCHASE,2026-08-16 21:12:21,MERCH_108,DEV_0262,"Bengaluru, IN",165,68,449.01,0,1,1,6,1,0,0.4356,1.4356,6,0,0,0,0,21,6
TX_001671,USR_0513,1143.49,PURCHASE,2026-08-16 21:38:43,MERCH_024,DEV_0071,"Bengaluru, IN",854,158,445.1,0,1,0,4,1,0,1.5691,2.5691,4,0,1,0,0,21,6
TX_001672,USR_0055,1771.02,TRANSFER,2026-08-16 21:54:53,MERCH_173,DEV_0396,"Pune, IN",59,32,822.95,0,1,1,2,1,0,1.152,2.152,2,0,0,0,0,21,6
TX_001673,USR_0399,498.11,PURCHASE,2026-08-16 22:31:58,MERCH_053,DEV_0642,"Mumbai, IN",184,110,533.61,1,1,1,2,1,0,-0.0665,0.9335,2,0,0,0,0,22,6
TX_001674,USR_0509,420.91,PURCHASE,2026-08-16 22:45:44,MERCH_218,DEV_0618,"Hyderabad, IN",372,233,763.15,0,1,1,2,1,0,-0.4485,0.5515,2,0,0,0,0,22,6
TX_001675,USR_0427,427.18,PAYMENT,2026-08-16 22:56:55,MERCH_209,DEV_0888,"Pune, IN",798,161,446.7,0,1,1,4,1,0,-0.0437,0.9563,4,0,0,0,0,22,6
TX_001676,USR_0470,3052.66,PAYMENT,2026-08-16 23:01:04,MERCH_093,DEV_0036,Unknown Proxy,720,72,535.22,2,0,1,5,1,1,4.7036,5.7036,5,1,0,0,0,23,6
TX_001677,USR_0024,4312.51,PURCHASE,2026-08-16 23:08:58,MERCH_139,DEV_0685,"Singapore, SG",770,187,375.5,0,1,1,1,1,1,10.4847,11.4847,1,0,0,0,0,23,6
TX_001678,USR_0429,279.1,PURCHASE,2026-08-16 23:14:00,MERCH_142,DEV_0716,"Kolkata, IN",764,125,954.88,0,1,1,3,1,0,-0.7077,0.2923,3,0,0,0,0,23,6
TX_001679,USR_0346,431.48,WITHDRAWAL,2026-08-16 23:27:57,MERCH_164,DEV_0393,"Mumbai, IN",1491,59,573.19,1,1,1,2,1,0,-0.2472,0.7528,2,0,0,0,0,23,6
TX_001680,USR_0407,317.13,PURCHASE,2026-08-16 23:28:21,MERCH_018,DEV_0255,"Bengaluru, IN",331,249,399.69,0,1,1,3,1,0,-0.2066,0.7934,3,0,0,0,0,23,6
TX_001681,USR_0086,113.8,PURCHASE,2026-08-17 00:03:14,MERCH_082,DEV_0322,"Pune, IN",714,234,390.85,1,1,1,3,1,0,-0.7088,0.2912,3,0,0,1,0,0,0
TX_001682,USR_0304,458.58,PURCHASE,2026-08-17 00:10:58,MERCH_043,DEV_0615,"Hyderabad, IN",921,142,414.6,0,1,1,1,1,0,0.1061,1.1061,1,0,0,1,0,0,0
TX_001683,USR_0255,608.49,PURCHASE,2026-08-17 00:42:23,MERCH_175,DEV_0776,"Chennai, IN",416,9,460.39,0,1,1,1,1,0,0.3217,1.3217,1,0,0,1,0,0,0
TX_001684,USR_0198,1374.57,PAYMENT,2026-08-17 00:55:25,MERCH_018,DEV_0579,"Kolkata, IN",277,103,431.37,0,1,1,1,1,0,2.1865,3.1865,1,0,0,1,0,0,0
TX_001685,USR_0217,118.4,WITHDRAWAL,2026-08-17 01:05:34,MERCH_130,DEV_0463,"Delhi, IN",76,128,295.93,0,1,1,3,1,0,-0.5999,0.4001,3,0,0,1,0,1,0
TX_001686,USR_0313,1221.41,PAYMENT,2026-08-17 03:26:02,MERCH_182,DEV_0588,"Bengaluru, IN",494,232,798.65,1,1,1,3,1,0,0.5293,1.5293,3,0,0,1,0,3,0
TX_001687,USR_0437,1493.3,TRANSFER,2026-08-17 03:40:08,MERCH_238,DEV_0064,"Kolkata, IN",386,183,837.4,0,1,1,3,1,0,0.7833,1.7833,3,0,0,1,0,3,0
TX_001688,USR_0278,2286.76,TRANSFER,2026-08-17 03:49:56,MERCH_073,DEV_0548,"Pune, IN",299,56,1714.95,0,1,1,4,1,0,0.3334,1.3334,4,0,0,1,0,3,0
TX_001689,USR_0044,141.47,WITHDRAWAL,2026-08-17 03:57:41,MERCH_002,DEV_0038,"Delhi, IN",412,127,286.15,0,1,1,3,1,0,-0.5056,0.4944,3,0,0,1,0,3,0
TX_001690,USR_0586,353.14,TRANSFER,2026-08-17 04:07:16,MERCH_181,DEV_0864,"Bengaluru, IN",1047,45,741.8,0,1,1,4,1,0,-0.5239,0.4761,4,0,0,1,0,4,0
TX_001691,USR_0216,108.92,PURCHASE,2026-08-17 04:51:27,MERCH_001,DEV_0801,"Chennai, IN",1242,118,107.49,0,0,1,3,1,0,0.0133,1.0133,3,1,0,1,0,4,0
TX_001692,USR_0093,845.26,PURCHASE,2026-08-17 04:53:36,MERCH_017,DEV_0458,"Kolkata, IN",778,134,838.01,0,0,1,7,1,0,0.0087,1.0087,7,1,0,1,0,4,0
TX_001693,USR_0498,99.8,PURCHASE,2026-08-17 05:25:02,MERCH_248,DEV_0337,"Hyderabad, IN",106,127,150.93,1,1,1,3,1,0,-0.3388,0.6612,3,0,0,1,0,5,0
TX_001694,USR_0172,473.7,PURCHASE,2026-08-17 05:33:43,MERCH_216,DEV_0660,"Singapore, SG",1105,107,215.08,0,0,0,3,1,1,1.2024,2.2024,3,1,1,1,0,5,0
TX_001695,USR_0054,423.23,PURCHASE,2026-08-17 05:47:17,MERCH_177,DEV_0574,"Mumbai, IN",233,109,577.33,0,1,1,4,1,0,-0.2669,0.7331,4,0,0,1,0,5,0
TX_001696,USR_0122,78.43,PURCHASE,2026-08-17 06:11:21,MERCH_209,DEV_0635,"Mumbai, IN",92,199,282.34,0,1,1,1,0,0,-0.7222,0.2778,1,0,0,0,1,6,0
TX_001697,USR_0149,209.52,TRANSFER,2026-08-17 06:21:51,MERCH_019,DEV_0465,"Bengaluru, IN",855,126,254.8,1,1,1,3,1,0,-0.1777,0.8223,3,0,0,0,0,6,0
TX_001698,USR_0554,406.59,PURCHASE,2026-08-17 06:24:28,MERCH_023,DEV_0213,"Pune, IN",642,11,312.82,1,1,1,6,1,0,0.2998,1.2998,6,0,0,0,0,6,0
TX_001699,USR_0165,924.03,PURCHASE,2026-08-17 06:56:54,MERCH_076,DEV_0066,"Ahmedabad, IN",472,185,777.8,1,1,1,4,1,0,0.188,1.188,4,0,0,0,0,6,0
TX_001700,USR_0379,264.23,PURCHASE,2026-08-17 07:57:10,MERCH_006,DEV_0255,"Hyderabad, IN",1450,154,223.54,0,0,1,2,1,0,0.182,1.182,2,1,0,0,0,7,0
TX_001701,USR_0058,1085.42,PURCHASE,2026-08-17 08:05:05,MERCH_223,DEV_0477,"Hyderabad, IN",143,174,432.09,0,1,1,2,1,0,1.512,2.512,2,0,0,0,0,8,0
TX_001702,USR_0163,156.12,PAYMENT,2026-08-17 08:13:31,MERCH_015,DEV_0382,"Delhi, IN",87,177,338.75,0,1,1,5,1,0,-0.5391,0.4609,5,0,0,0,0,8,0
TX_001703,USR_0206,601.1,PURCHASE,2026-08-17 08:35:53,MERCH_137,DEV_0456,"Pune, IN",884,44,832.28,0,1,0,1,0,0,-0.2778,0.7222,1,0,1,0,1,8,0
TX_001704,USR_0271,2207.19,PURCHASE,2026-08-17 09:26:23,MERCH_214,DEV_0250,"Hyderabad, IN",631,243,849.96,0,1,0,4,1,0,1.5968,2.5968,4,0,1,0,0,9,0
TX_001705,USR_0191,30.08,PURCHASE,2026-08-17 09:36:16,MERCH_184,DEV_0845,"Kolkata, IN",1203,247,113.61,0,1,1,2,1,0,-0.7352,0.2648,2,0,0,0,0,9,0
TX_001706,USR_0301,7152.17,WITHDRAWAL,2026-08-17 09:53:18,MERCH_059,DEV_0331,Unknown Proxy,67,37,985.43,0,1,1,3,1,1,6.2579,7.2579,3,0,0,0,0,9,0
TX_001707,USR_0230,601.84,TRANSFER,2026-08-17 11:21:24,MERCH_118,DEV_0762,"Mumbai, IN",633,55,284.63,0,1,1,4,1,0,1.1145,2.1145,4,0,0,0,0,11,0
TX_001708,USR_0318,1125.04,PURCHASE,2026-08-17 11:27:08,MERCH_138,DEV_0352,"Mumbai, IN",225,62,537.25,0,1,1,2,1,0,1.0941,2.0941,2,0,0,0,0,11,0
TX_001709,USR_0381,325.1,PURCHASE,2026-08-17 11:59:36,MERCH_192,DEV_0400,"Mumbai, IN",68,241,222.53,0,1,1,4,1,0,0.4609,1.4609,4,0,0,0,0,11,0
TX_001710,USR_0365,882.84,TRANSFER,2026-08-17 12:12:46,MERCH_107,DEV_0544,"Pune, IN",697,233,594.43,1,1,1,4,1,0,0.4852,1.4852,4,0,0,0,0,12,0
TX_001711,USR_0410,1474.53,PAYMENT,2026-08-17 12:19:56,MERCH_072,DEV_0237,"Bengaluru, IN",1104,66,3049.58,0,1,1,2,1,0,-0.5165,0.4835,2,0,0,0,0,12,0
TX_001712,USR_0485,1149.62,PURCHASE,2026-08-17 12:39:45,MERCH_199,DEV_0198,"Mumbai, IN",242,158,495.03,0,1,1,1,1,0,1.3223,2.3223,1,0,0,0,0,12,0
TX_001713,USR_0524,138.98,PURCHASE,2026-08-17 13:41:36,MERCH_222,DEV_0342,"Mumbai, IN",1264,61,318.74,0,1,1,5,1,0,-0.564,0.436,5,0,0,0,0,13,0
TX_001714,USR_0163,171.38,PURCHASE,2026-08-17 15:26:58,MERCH_123,DEV_0724,"Mumbai, IN",781,10,378.09,0,1,1,3,1,0,-0.5467,0.4533,3,0,0,0,0,15,0
TX_001715,USR_0327,183.02,PURCHASE,2026-08-17 15:38:26,MERCH_008,DEV_0131,"Ahmedabad, IN",724,58,149.53,1,1,1,1,1,0,0.224,1.224,1,0,0,0,0,15,0
TX_001716,USR_0576,921.04,TRANSFER,2026-08-17 16:09:11,MERCH_126,DEV_0394,"Hyderabad, IN",1384,20,1334.04,1,1,1,2,1,0,-0.3096,0.6904,2,0,0,0,0,16,0
TX_001717,USR_0345,619.1,PAYMENT,2026-08-17 16:33:02,MERCH_223,DEV_0605,"Hyderabad, IN",498,212,569.02,1,0,1,3,1,0,0.088,1.088,3,1,0,0,0,16,0
TX_001718,USR_0558,257.9,PAYMENT,2026-08-17 17:03:34,MERCH_248,DEV_0636,"Delhi, IN",306,196,204.91,0,1,1,2,1,0,0.2586,1.2586,2,0,0,0,0,17,0
TX_001719,USR_0019,634.47,WITHDRAWAL,2026-08-17 17:06:14,MERCH_101,DEV_0391,"Delhi, IN",1180,46,209.98,0,1,1,2,1,0,2.0216,3.0216,2,0,0,0,0,17,0
TX_001720,USR_0104,574.0,PURCHASE,2026-08-17 17:53:55,MERCH_038,DEV_0074,"Ahmedabad, IN",167,142,455.19,0,1,1,1,1,0,0.261,1.261,1,0,0,0,0,17,0
TX_001721,USR_0299,576.05,PAYMENT,2026-08-17 18:17:32,MERCH_144,DEV_0015,"Mumbai, IN",1309,52,905.28,0,1,0,2,1,0,-0.3637,0.6363,2,0,1,0,0,18,0
TX_001722,USR_0494,280.27,PURCHASE,2026-08-17 18:39:33,MERCH_208,DEV_0423,"Chennai, IN",1239,141,189.81,0,1,1,3,1,0,0.4766,1.4766,3,0,0,0,0,18,0
TX_001723,USR_0590,574.6,PURCHASE,2026-08-17 19:05:19,MERCH_237,DEV_0730,"Pune, IN",1465,224,1037.23,0,1,1,3,1,0,-0.446,0.554,3,0,0,0,0,19,0
TX_001724,USR_0569,723.48,TRANSFER,2026-08-17 19:23:45,MERCH_013,DEV_0026,"Pune, IN",694,220,420.11,0,1,0,2,1,0,0.7221,1.7221,2,0,1,0,0,19,0
TX_001725,USR_0432,222.2,PURCHASE,2026-08-17 19:24:34,MERCH_073,DEV_0799,"Mumbai, IN",935,208,223.98,1,1,1,1,1,0,-0.0079,0.9921,1,0,0,0,0,19,0
TX_001726,USR_0180,391.05,WITHDRAWAL,2026-08-17 20:40:07,MERCH_120,DEV_0609,"Kolkata, IN",1324,61,316.87,0,1,0,3,1,0,0.2341,1.2341,3,0,1,0,0,20,0
TX_001727,USR_0559,499.32,PAYMENT,2026-08-17 21:21:10,MERCH_025,DEV_0008,"Mumbai, IN",203,48,1670.14,0,1,1,3,1,0,-0.701,0.299,3,0,0,0,0,21,0
TX_001728,USR_0400,34.99,WITHDRAWAL,2026-08-17 21:22:22,MERCH_222,DEV_0310,"Delhi, IN",464,40,158.87,0,1,1,4,1,0,-0.7798,0.2202,4,0,0,0,0,21,0
TX_001729,USR_0267,93.17,WITHDRAWAL,2026-08-17 21:40:16,MERCH_029,DEV_0199,"Hyderabad, IN",711,32,259.91,1,0,1,4,1,0,-0.6415,0.3585,4,1,0,0,0,21,0
TX_001730,USR_0337,2720.14,PURCHASE,2026-08-17 22:55:02,MERCH_167,DEV_0855,"Ahmedabad, IN",943,153,919.37,0,1,1,3,1,0,1.9587,2.9587,3,0,0,0,0,22,0
TX_001731,USR_0213,238.72,PURCHASE,2026-08-18 00:22:40,MERCH_230,DEV_0500,"Ahmedabad, IN",1020,164,529.32,0,1,0,1,1,0,-0.549,0.451,1,0,1,1,0,0,1
TX_001732,USR_0129,380.62,WITHDRAWAL,2026-08-18 00:51:04,MERCH_172,DEV_0292,"Bengaluru, IN",1385,220,248.59,1,1,0,5,1,0,0.5311,1.5311,5,0,1,1,0,0,1
TX_001733,USR_0425,581.49,TRANSFER,2026-08-18 00:59:48,MERCH_191,DEV_0251,"Chennai, IN",737,23,927.82,1,0,1,5,1,0,-0.3733,0.6267,5,1,0,1,0,0,1
TX_001734,USR_0583,782.47,PAYMENT,2026-08-18 01:03:55,MERCH_066,DEV_0508,"Kolkata, IN",263,67,961.48,0,1,1,4,1,0,-0.1862,0.8138,4,0,0,1,0,1,1
TX_001735,USR_0562,533.11,PURCHASE,2026-08-18 02:11:34,MERCH_207,DEV_0005,"Hyderabad, IN",290,182,576.97,0,1,1,1,1,0,-0.076,0.924,1,0,0,1,0,2,1
TX_001736,USR_0370,787.15,PURCHASE,2026-08-18 02:32:59,MERCH_105,DEV_0232,"Pune, IN",1202,170,284.28,0,1,1,2,1,0,1.7689,2.7689,2,0,0,1,0,2,1
TX_001737,USR_0437,443.83,PURCHASE,2026-08-18 02:52:12,MERCH_016,DEV_0149,"Kolkata, IN",695,107,319.1,1,1,1,1,1,0,0.3909,1.3909,1,0,0,1,0,2,1
TX_001738,USR_0035,680.64,TRANSFER,2026-08-18 03:25:12,MERCH_092,DEV_0559,"Pune, IN",949,38,557.11,0,1,1,3,1,0,0.2217,1.2217,3,0,0,1,0,3,1
TX_001739,USR_0344,371.71,WITHDRAWAL,2026-08-18 04:49:00,MERCH_088,DEV_0603,Unknown Proxy,847,121,168.22,0,1,1,4,0,1,1.2097,2.2097,4,0,0,1,1,4,1
TX_001740,USR_0154,767.79,PAYMENT,2026-08-18 04:17:20,MERCH_131,DEV_0421,"Bengaluru, IN",1220,43,1218.15,1,1,1,4,1,0,-0.3697,0.6303,4,0,0,1,0,4,1
TX_001741,USR_0147,12419.89,WITHDRAWAL,2026-08-18 04:34:09,MERCH_067,DEV_0127,"Moscow, RU",333,134,1610.67,0,0,1,9,0,1,6.711,7.711,9,1,0,1,1,4,1
TX_001742,USR_0426,644.27,PURCHASE,2026-08-18 05:04:40,MERCH_116,DEV_0334,"Pune, IN",261,225,377.01,1,0,1,4,1,0,0.7089,1.7089,4,1,0,1,0,5,1
TX_001743,USR_0359,997.0,PURCHASE,2026-08-18 05:29:43,MERCH_107,DEV_0759,"Ahmedabad, IN",1102,49,587.76,1,1,1,2,1,0,0.6963,1.6963,2,0,0,1,0,5,1
TX_001744,USR_0174,941.84,PURCHASE,2026-08-18 05:34:29,MERCH_082,DEV_0184,"Hyderabad, IN",655,30,1095.1,0,1,1,4,1,0,-0.14,0.86,4,0,0,1,0,5,1
TX_001745,USR_0550,1396.41,PURCHASE,2026-08-18 05:50:26,MERCH_175,DEV_0148,"Bengaluru, IN",1224,184,1950.65,0,1,1,2,1,0,-0.2841,0.7159,2,0,0,1,0,5,1
TX_001746,USR_0227,781.8,TRANSFER,2026-08-18 07:32:21,MERCH_077,DEV_0101,Unknown Proxy,199,7,1446.62,4,1,1,13,1,1,-0.4596,0.5404,13,0,0,0,0,7,1
TX_001747,USR_0101,68.92,PURCHASE,2026-08-18 07:37:24,MERCH_192,DEV_0736,"Kolkata, IN",412,245,122.44,0,1,1,3,1,0,-0.4371,0.5629,3,0,0,0,0,7,1
TX_001748,USR_0438,186.14,PURCHASE,2026-08-18 07:54:54,MERCH_063,DEV_0108,"Kolkata, IN",1440,193,355.16,0,1,0,2,0,0,-0.4759,0.5241,2,0,1,0,1,7,1
TX_001749,USR_0278,790.93,TRANSFER,2026-08-18 02:13:00,MERCH_217,DEV_0524,"Singapore, SG",1266,101,655.08,0,1,1,3,0,1,0.2074,1.2074,3,0,0,1,1,2,1
TX_001750,USR_0315,254.72,WITHDRAWAL,2026-08-18 08:23:05,MERCH_092,DEV_0900,"Lagos, NG",100,91,310.62,1,0,0,3,1,1,-0.18,0.82,3,1,1,0,0,8,1
TX_001751,USR_0242,2157.56,PURCHASE,2026-08-18 08:41:38,MERCH_011,DEV_0578,"Chennai, IN",1226,97,1713.55,0,1,1,5,0,0,0.2591,1.2591,5,0,0,0,1,8,1
TX_001752,USR_0242,1995.0,PURCHASE,2026-08-18 09:15:30,MERCH_038,DEV_0372,"Delhi, IN",104,99,1527.33,1,1,0,1,1,0,0.3062,1.3062,1,0,1,0,0,9,1
TX_001753,USR_0032,116.57,TRANSFER,2026-08-18 10:14:39,MERCH_202,DEV_0187,"Chennai, IN",186,210,244.03,0,1,1,3,1,0,-0.5223,0.4777,3,0,0,0,0,10,1
TX_001754,USR_0555,186.63,WITHDRAWAL,2026-08-18 10:25:14,MERCH_219,DEV_0002,"Hyderabad, IN",1347,200,398.4,1,1,1,3,1,0,-0.5316,0.4684,3,0,0,0,0,10,1
TX_001755,USR_0060,2164.06,WITHDRAWAL,2026-08-18 10:57:03,MERCH_053,DEV_0141,"Moscow, RU",195,51,256.49,1,1,1,1,1,1,7.4372,8.4372,1,0,0,0,0,10,1
TX_001756,USR_0249,223.43,PURCHASE,2026-08-18 10:59:17,MERCH_151,DEV_0858,"Hyderabad, IN",456,45,388.74,0,1,1,6,1,0,-0.4252,0.5748,6,0,0,0,0,10,1
TX_001757,USR_0217,203.96,PURCHASE,2026-08-18 11:05:40,MERCH_144,DEV_0130,"Bengaluru, IN",209,135,380.0,1,0,1,2,1,0,-0.4633,0.5367,2,1,0,0,0,11,1
TX_001758,USR_0190,2636.31,PAYMENT,2026-08-18 11:13:32,MERCH_034,DEV_0018,"Mumbai, IN",898,162,920.52,0,1,1,5,1,0,1.8639,2.8639,5,0,0,0,0,11,1
TX_001759,USR_0160,81.14,PURCHASE,2026-08-18 11:14:00,MERCH_113,DEV_0735,"Delhi, IN",92,182,231.11,2,1,1,2,1,0,-0.6489,0.3511,2,0,0,0,0,11,1
TX_001760,USR_0424,223.99,PURCHASE,2026-08-18 12:01:17,MERCH_174,DEV_0377,"Ahmedabad, IN",436,79,63.22,0,1,1,2,1,0,2.543,3.543,2,0,0,0,0,12,1
TX_001761,USR_0333,155.03,PAYMENT,2026-08-18 12:23:07,MERCH_242,DEV_0322,"Ahmedabad, IN",494,121,135.08,0,1,1,2,1,0,0.1477,1.1477,2,0,0,0,0,12,1
TX_001762,USR_0576,375.81,PURCHASE,2026-08-18 12:30:33,MERCH_212,DEV_0646,"Kolkata, IN",975,26,208.1,0,1,1,2,0,0,0.8059,1.8059,2,0,0,0,1,12,1
TX_001763,USR_0588,460.3,TRANSFER,2026-08-18 12:34:49,MERCH_025,DEV_0471,"Bengaluru, IN",748,114,275.19,1,1,0,1,1,0,0.6727,1.6727,1,0,1,0,0,12,1
TX_001764,USR_0325,735.57,PAYMENT,2026-08-18 12:52:22,MERCH_060,DEV_0824,"Chennai, IN",294,172,517.82,0,1,1,2,1,0,0.4205,1.4205,2,0,0,0,0,12,1
TX_001765,USR_0455,560.94,PURCHASE,2026-08-18 13:15:47,MERCH_110,DEV_0421,"Delhi, IN",700,76,200.22,0,1,1,3,1,0,1.8016,2.8016,3,0,0,0,0,13,1
TX_001766,USR_0529,85.4,TRANSFER,2026-08-18 14:00:01,MERCH_038,DEV_0642,"Pune, IN",692,80,181.44,0,1,0,5,1,0,-0.5293,0.4707,5,0,1,0,0,14,1
TX_001767,USR_0352,192.58,PURCHASE,2026-08-18 15:22:05,MERCH_143,DEV_0791,"Hyderabad, IN",535,116,224.12,0,1,0,3,1,0,-0.1407,0.8593,3,0,1,0,0,15,1
TX_001768,USR_0320,106.5,PAYMENT,2026-08-18 16:14:29,MERCH_003,DEV_0418,"Hyderabad, IN",803,216,194.9,0,1,1,5,1,0,-0.4536,0.5464,5,0,0,0,0,16,1
TX_001769,USR_0410,93.78,PAYMENT,2026-08-18 16:24:26,MERCH_029,DEV_0256,"Mumbai, IN",493,151,296.89,0,1,1,3,1,0,-0.6841,0.3159,3,0,0,0,0,16,1
TX_001770,USR_0250,177.95,PAYMENT,2026-08-18 17:06:54,MERCH_012,DEV_0877,"Hyderabad, IN",505,229,287.52,0,1,1,3,0,0,-0.3811,0.6189,3,0,0,0,1,17,1
TX_001771,USR_0080,2424.06,PURCHASE,2026-08-18 17:46:59,MERCH_074,DEV_0205,"Mumbai, IN",1176,16,754.49,0,1,1,3,1,0,2.2128,3.2128,3,0,0,0,0,17,1
TX_001772,USR_0515,182.06,WITHDRAWAL,2026-08-18 17:49:23,MERCH_191,DEV_0036,"Delhi, IN",382,212,214.24,1,1,1,2,0,0,-0.1502,0.8498,2,0,0,0,1,17,1
TX_001773,USR_0477,1188.37,PAYMENT,2026-08-18 18:07:33,MERCH_045,DEV_0521,"Ahmedabad, IN",498,11,344.14,0,1,1,1,1,0,2.4532,3.4532,1,0,0,0,0,18,1
TX_001774,USR_0328,1103.52,TRANSFER,2026-08-18 18:08:03,MERCH_247,DEV_0889,"Pune, IN",216,81,299.01,0,1,1,4,1,0,2.6906,3.6906,4,0,0,0,0,18,1
TX_001775,USR_0181,5501.36,TRANSFER,2026-08-18 18:21:18,MERCH_068,DEV_0078,"Bengaluru, IN",1049,107,825.44,0,1,0,3,1,0,5.6648,6.6648,3,0,1,0,0,18,1
TX_001776,USR_0221,5557.98,PURCHASE,2026-08-18 19:47:09,MERCH_012,DEV_0765,"Singapore, SG",1061,59,400.83,0,1,0,5,1,1,12.8662,13.8662,5,0,1,0,0,19,1
TX_001777,USR_0425,4359.25,PAYMENT,2026-08-18 20:10:33,MERCH_084,DEV_0748,"Hyderabad, IN",1019,247,989.57,1,0,0,6,1,0,3.4052,4.4052,6,1,1,0,0,20,1
TX_001778,USR_0362,222.81,PURCHASE,2026-08-18 21:08:45,MERCH_188,DEV_0837,"Ahmedabad, IN",258,223,189.61,0,1,1,3,1,0,0.1751,1.1751,3,0,0,0,0,21,1
TX_001779,USR_0325,478.49,PURCHASE,2026-08-18 21:13:33,MERCH_027,DEV_0380,"Hyderabad, IN",681,143,433.64,1,1,1,7,1,0,0.1034,1.1034,7,0,0,0,0,21,1
TX_001780,USR_0241,336.63,PAYMENT,2026-08-18 21:47:56,MERCH_018,DEV_0230,"Bengaluru, IN",443,113,292.17,0,0,1,2,1,0,0.1522,1.1522,2,1,0,0,0,21,1
TX_001781,USR_0052,170.68,PAYMENT,2026-08-18 22:19:14,MERCH_213,DEV_0461,"Chennai, IN",1147,190,179.42,0,1,1,3,1,0,-0.0487,0.9513,3,0,0,0,0,22,1
TX_001782,USR_0209,448.49,PAYMENT,2026-08-18 22:41:55,MERCH_149,DEV_0129,"Pune, IN",510,177,427.78,0,1,1,4,1,0,0.0484,1.0484,4,0,0,0,0,22,1
TX_001783,USR_0367,10472.84,WITHDRAWAL,2026-08-18 23:30:13,MERCH_086,DEV_0759,"Moscow, RU",628,120,1650.68,0,0,1,5,0,1,5.3446,6.3446,5,1,0,0,1,23,1
TX_001784,USR_0398,166.8,PURCHASE,2026-08-18 23:32:25,MERCH_190,DEV_0597,"Ahmedabad, IN",685,206,237.36,0,1,1,3,1,0,-0.2973,0.7027,3,0,0,0,0,23,1
TX_001785,USR_0237,158.89,PURCHASE,2026-08-19 00:13:50,MERCH_212,DEV_0435,"Bengaluru, IN",1142,49,408.98,0,1,0,7,1,0,-0.6115,0.3885,7,0,1,1,0,0,2
TX_001786,USR_0215,202.64,PURCHASE,2026-08-19 00:59:29,MERCH_090,DEV_0465,"Ahmedabad, IN",1055,70,168.19,0,1,1,1,1,0,0.2048,1.2048,1,0,0,1,0,0,2
TX_001787,USR_0465,91.33,PAYMENT,2026-08-19 01:01:46,MERCH_141,DEV_0641,"Bengaluru, IN",1231,5,150.63,0,1,1,1,1,0,-0.3937,0.6063,1,0,0,1,0,1,2
TX_001788,USR_0583,161.71,TRANSFER,2026-08-19 01:31:30,MERCH_003,DEV_0471,"Pune, IN",645,30,249.34,0,1,1,3,1,0,-0.3514,0.6486,3,0,0,1,0,1,2
TX_001789,USR_0447,278.37,PURCHASE,2026-08-19 01:38:18,MERCH_077,DEV_0756,"Mumbai, IN",1230,50,321.1,0,1,1,2,1,0,-0.1331,0.8669,2,0,0,1,0,1,2
TX_001790,USR_0084,247.94,PURCHASE,2026-08-19 01:50:34,MERCH_149,DEV_0833,"Pune, IN",1307,156,331.98,0,1,1,3,1,0,-0.2531,0.7469,3,0,0,1,0,1,2
TX_001791,USR_0403,743.41,PURCHASE,2026-08-19 02:29:56,MERCH_050,DEV_0855,"Hyderabad, IN",789,214,379.83,1,1,1,2,1,0,0.9572,1.9572,2,0,0,1,0,2,2
TX_001792,USR_0224,111.56,PAYMENT,2026-08-19 02:50:46,MERCH_248,DEV_0559,"Pune, IN",1021,147,130.71,0,1,1,4,1,0,-0.1465,0.8535,4,0,0,1,0,2,2
TX_001793,USR_0559,569.11,TRANSFER,2026-08-19 04:20:47,MERCH_243,DEV_0669,"Kolkata, IN",1364,111,281.4,0,1,1,3,1,0,1.0224,2.0224,3,0,0,1,0,4,2
TX_001794,USR_0447,713.0,PURCHASE,2026-08-19 04:23:38,MERCH_065,DEV_0280,"Mumbai, IN",1258,68,655.61,0,0,1,1,1,0,0.0875,1.0875,1,1,0,1,0,4,2
TX_001795,USR_0197,145.91,PURCHASE,2026-08-19 05:22:27,MERCH_100,DEV_0035,"Kolkata, IN",419,26,162.48,0,1,0,1,1,0,-0.102,0.898,1,0,1,1,0,5,2
TX_001796,USR_0557,363.48,PURCHASE,2026-08-19 07:27:35,MERCH_048,DEV_0361,"Chennai, IN",1076,146,344.77,0,1,1,2,1,0,0.0543,1.0543,2,0,0,0,0,7,2
TX_001797,USR_0202,230.29,PURCHASE,2026-08-19 07:48:43,MERCH_126,DEV_0785,"Mumbai, IN",672,36,560.53,0,1,1,1,1,0,-0.5892,0.4108,1,0,0,0,0,7,2
TX_001798,USR_0144,296.57,PAYMENT,2026-08-19 08:08:30,MERCH_031,DEV_0121,"Chennai, IN",228,197,250.27,0,1,1,1,1,0,0.185,1.185,1,0,0,0,0,8,2
TX_001799,USR_0538,960.41,TRANSFER,2026-08-19 08:23:16,MERCH_098,DEV_0492,"Chennai, IN",562,102,581.37,0,0,1,4,1,0,0.652,1.652,4,1,0,0,0,8,2
TX_001800,USR_0196,260.47,PURCHASE,2026-08-19 08:55:26,MERCH_139,DEV_0174,"Mumbai, IN",1467,88,143.8,2,1,0,1,1,0,0.8113,1.8113,1,0,1,0,0,8,2
TX_001801,USR_0402,346.08,WITHDRAWAL,2026-08-19 10:07:53,MERCH_153,DEV_0387,"Mumbai, IN",1437,7,876.19,0,1,1,2,1,0,-0.605,0.395,2,0,0,0,0,10,2
TX_001802,USR_0562,209.82,PURCHASE,2026-08-19 10:42:51,MERCH_150,DEV_0130,"Delhi, IN",1181,61,592.05,1,1,0,5,1,0,-0.6456,0.3544,5,0,1,0,0,10,2
TX_001803,USR_0371,314.84,PURCHASE,2026-08-19 11:09:33,MERCH_056,DEV_0662,"Hyderabad, IN",1485,4,469.18,0,1,0,3,1,0,-0.329,0.671,3,0,1,0,0,11,2
TX_001804,USR_0306,2447.67,TRANSFER,2026-08-19 11:44:32,MERCH_199,DEV_0730,"Chennai, IN",862,181,1046.14,1,1,1,2,1,0,1.3397,2.3397,2,0,0,0,0,11,2
TX_001805,USR_0003,386.01,PURCHASE,2026-08-19 12:29:02,MERCH_173,DEV_0683,"Chennai, IN",1138,122,351.51,0,1,1,3,1,0,0.0981,1.0981,3,0,0,0,0,12,2
TX_001806,USR_0587,162.77,PURCHASE,2026-08-19 14:48:10,MERCH_189,DEV_0635,"Chennai, IN",253,196,283.12,0,1,0,3,1,0,-0.4251,0.5749,3,0,1,0,0,14,2
TX_001807,USR_0276,466.03,WITHDRAWAL,2026-08-19 14:57:17,MERCH_117,DEV_0212,"Moscow, RU",453,141,1259.73,2,1,0,7,1,1,-0.6301,0.3699,7,0,1,0,0,14,2
TX_001808,USR_0229,1091.41,PAYMENT,2026-08-19 15:03:07,MERCH_224,DEV_0478,"Delhi, IN",264,238,1789.73,0,0,1,1,1,0,-0.3902,0.6098,1,1,0,0,0,15,2
TX_001809,USR_0520,156.12,PURCHASE,2026-08-19 15:49:29,MERCH_098,DEV_0095,"Mumbai, IN",1406,196,267.51,0,1,1,1,1,0,-0.4164,0.5836,1,0,0,0,0,15,2
TX_001810,USR_0448,722.04,TRANSFER,2026-08-19 16:10:44,MERCH_202,DEV_0337,"Kolkata, IN",924,37,413.2,0,1,1,2,1,0,0.7474,1.7474,2,0,0,0,0,16,2
TX_001811,USR_0287,1810.18,PURCHASE,2026-08-19 16:12:14,MERCH_051,DEV_0456,"Bengaluru, IN",1399,30,985.38,0,1,1,2,0,0,0.837,1.837,2,0,0,0,1,16,2
TX_001812,USR_0185,204.01,TRANSFER,2026-08-19 16:22:18,MERCH_062,DEV_0602,"Hyderabad, IN",628,222,424.38,1,1,1,1,1,0,-0.5193,0.4807,1,0,0,0,0,16,2
TX_001813,USR_0586,1090.88,PURCHASE,2026-08-19 16:47:30,MERCH_132,DEV_0088,"Mumbai, IN",609,68,702.88,0,1,1,4,1,0,0.552,1.552,4,0,0,0,0,16,2
TX_001814,USR_0448,1173.26,TRANSFER,2026-08-19 17:03:38,MERCH_139,DEV_0732,"Pune, IN",1016,191,807.99,0,1,1,4,1,0,0.4521,1.4521,4,0,0,0,0,17,2
TX_001815,USR_0559,130.42,PURCHASE,2026-08-19 17:06:38,MERCH_187,DEV_0414,"Mumbai, IN",854,157,295.16,0,1,1,2,1,0,-0.5581,0.4419,2,0,0,0,0,17,2
TX_001816,USR_0270,555.14,PAYMENT,2026-08-19 17:21:56,MERCH_075,DEV_0794,"Bengaluru, IN",563,175,616.28,0,0,1,3,1,0,-0.0992,0.9008,3,1,0,0,0,17,2
TX_001817,USR_0005,531.72,PAYMENT,2026-08-19 17:31:10,MERCH_219,DEV_0475,"Delhi, IN",481,67,447.91,0,1,0,5,1,0,0.1871,1.1871,5,0,1,0,0,17,2
TX_001818,USR_0298,191.09,PURCHASE,2026-08-19 17:43:04,MERCH_083,DEV_0493,"Bengaluru, IN",772,78,180.66,0,0,1,3,1,0,0.0577,1.0577,3,1,0,0,0,17,2
TX_001819,USR_0522,67.03,WITHDRAWAL,2026-08-19 19:04:33,MERCH_134,DEV_0624,"Kolkata, IN",119,139,214.22,0,0,1,4,1,0,-0.6871,0.3129,4,1,0,0,0,19,2
TX_001820,USR_0219,285.77,PURCHASE,2026-08-19 19:26:44,MERCH_233,DEV_0738,"Hyderabad, IN",287,6,275.87,0,1,1,3,1,0,0.0359,1.0359,3,0,0,0,0,19,2
TX_001821,USR_0413,1298.81,TRANSFER,2026-08-19 19:26:48,MERCH_135,DEV_0142,"Bengaluru, IN",72,78,902.92,0,0,1,1,1,0,0.4385,1.4385,1,1,0,0,0,19,2
TX_001822,USR_0132,2457.76,PURCHASE,2026-08-19 20:09:49,MERCH_171,DEV_0461,"Kolkata, IN",238,127,925.44,0,1,1,4,1,0,1.6558,2.6558,4,0,0,0,0,20,2
TX_001823,USR_0272,486.37,PURCHASE,2026-08-19 20:30:30,MERCH_228,DEV_0027,"Pune, IN",303,51,789.72,0,1,0,3,1,0,-0.3841,0.6159,3,0,1,0,0,20,2
TX_001824,USR_0490,417.71,TRANSFER,2026-08-19 20:35:56,MERCH_244,DEV_0428,"Bengaluru, IN",119,72,625.99,1,1,0,1,1,0,-0.3327,0.6673,1,0,1,0,0,20,2
TX_001825,USR_0263,509.34,PURCHASE,2026-08-19 20:45:15,MERCH_125,DEV_0733,"Ahmedabad, IN",89,245,613.31,0,1,1,2,1,0,-0.1695,0.8305,2,0,0,0,0,20,2
TX_001826,USR_0465,636.96,PURCHASE,2026-08-19 21:02:55,MERCH_105,DEV_0779,"Hyderabad, IN",1230,73,554.14,0,1,1,5,1,0,0.1495,1.1495,5,0,0,0,0,21,2
TX_001827,USR_0250,618.94,PURCHASE,2026-08-19 21:14:07,MERCH_050,DEV_0256,"Bengaluru, IN",279,225,610.91,0,1,1,2,1,0,0.0131,1.0131,2,0,0,0,0,21,2
TX_001828,USR_0124,905.58,PURCHASE,2026-08-19 21:44:34,MERCH_135,DEV_0348,"Bengaluru, IN",836,231,642.76,0,1,1,3,1,0,0.4089,1.4089,3,0,0,0,0,21,2
TX_001829,USR_0356,71.85,PURCHASE,2026-08-19 21:56:25,MERCH_230,DEV_0497,"Chennai, IN",154,168,156.95,0,1,1,2,1,0,-0.5422,0.4578,2,0,0,0,0,21,2
TX_001830,USR_0107,306.29,TRANSFER,2026-08-19 22:04:31,MERCH_122,DEV_0357,"Chennai, IN",1421,39,248.78,0,1,0,3,1,0,0.2312,1.2312,3,0,1,0,0,22,2
TX_001831,USR_0399,122.13,TRANSFER,2026-08-19 22:06:37,MERCH_088,DEV_0161,"Mumbai, IN",363,52,208.0,1,1,1,1,1,0,-0.4128,0.5872,1,0,0,0,0,22,2
TX_001832,USR_0081,9455.01,TRANSFER,2026-08-19 22:46:12,MERCH_027,DEV_0275,"Moscow, RU",1125,233,1032.36,0,0,1,7,0,1,8.1586,9.1586,7,1,0,0,1,22,2
TX_001833,USR_0565,4491.9,PURCHASE,2026-08-19 23:06:15,MERCH_098,DEV_0364,"Chennai, IN",964,1,1555.92,0,1,1,2,1,0,1.887,2.887,2,0,0,0,0,23,2
TX_001834,USR_0514,33.91,TRANSFER,2026-08-19 23:34:13,MERCH_060,DEV_0467,"Delhi, IN",1154,126,88.45,0,1,1,4,1,0,-0.6166,0.3834,4,0,0,0,0,23,2
TX_001835,USR_0082,1154.25,TRANSFER,2026-08-19 23:40:57,MERCH_245,DEV_0829,"Ahmedabad, IN",946,149,1455.14,0,0,1,3,1,0,-0.2068,0.7932,3,1,0,0,0,23,2
TX_001836,USR_0508,199.49,WITHDRAWAL,2026-08-19 23:50:37,MERCH_132,DEV_0491,"Hyderabad, IN",767,209,480.24,0,1,1,5,1,0,-0.5846,0.4154,5,0,0,0,0,23,2
TX_001837,USR_0333,1010.58,PURCHASE,2026-08-20 00:27:46,MERCH_035,DEV_0349,"Ahmedabad, IN",1159,223,961.78,0,1,1,3,1,0,0.0507,1.0507,3,0,0,1,0,0,3
TX_001838,USR_0052,1237.01,PURCHASE,2026-08-20 00:28:12,MERCH_017,DEV_0595,"Kolkata, IN",1224,71,657.93,0,1,0,2,1,0,0.8802,1.8802,2,0,1,1,0,0,3
TX_001839,USR_0285,1407.85,TRANSFER,2026-08-20 01:13:23,MERCH_213,DEV_0696,"Delhi, IN",574,126,1325.5,0,0,1,5,1,0,0.0621,1.0621,5,1,0,1,0,1,3
TX_001840,USR_0082,2353.58,PURCHASE,2026-08-20 01:17:00,MERCH_233,DEV_0388,"Lagos, NG",1413,158,526.66,0,1,1,1,1,1,3.4689,4.4689,1,0,0,1,0,1,3
TX_001841,USR_0125,365.09,PURCHASE,2026-08-20 01:22:11,MERCH_191,DEV_0441,"Kolkata, IN",1481,241,161.85,0,1,1,5,1,0,1.2557,2.2557,5,0,0,1,0,1,3
TX_001842,USR_0056,490.2,PURCHASE,2026-08-20 01:26:26,MERCH_031,DEV_0197,"Ahmedabad, IN",1084,139,415.71,1,1,1,2,1,0,0.1792,1.1792,2,0,0,1,0,1,3
TX_001843,USR_0109,1073.53,WITHDRAWAL,2026-08-20 01:36:51,MERCH_025,DEV_0779,"Chennai, IN",1393,31,662.48,0,1,1,2,1,0,0.6205,1.6205,2,0,0,1,0,1,3
TX_001844,USR_0092,579.52,PURCHASE,2026-08-20 01:45:14,MERCH_050,DEV_0781,"Hyderabad, IN",164,231,382.71,0,1,1,1,1,0,0.5143,1.5143,1,0,0,1,0,1,3
TX_001845,USR_0251,108.09,TRANSFER,2026-08-20 02:04:02,MERCH_188,DEV_0158,"Kolkata, IN",813,128,736.97,0,1,1,3,1,0,-0.8533,0.1467,3,0,0,1,0,2,3
TX_001846,USR_0091,3412.75,TRANSFER,2026-08-20 02:06:47,MERCH_192,DEV_0312,Unknown Proxy,978,45,428.36,0,0,0,7,0,1,6.967,7.967,7,1,1,1,1,2,3
TX_001847,USR_0555,135.89,PURCHASE,2026-08-20 02:21:33,MERCH_210,DEV_0245,"Ahmedabad, IN",1392,48,287.9,0,0,0,4,1,0,-0.528,0.472,4,1,1,1,0,2,3
TX_001848,USR_0560,1946.68,WITHDRAWAL,2026-08-20 02:31:58,MERCH_025,DEV_0831,"Singapore, SG",186,51,199.29,0,1,0,4,1,1,8.7681,9.7681,4,0,1,1,0,2,3
TX_001849,USR_0479,832.03,TRANSFER,2026-08-20 02:40:30,MERCH_039,DEV_0059,"Pune, IN",1210,180,335.42,0,1,1,4,1,0,1.4806,2.4806,4,0,0,1,0,2,3
TX_001850,USR_0507,391.13,PURCHASE,2026-08-20 03:00:23,MERCH_226,DEV_0187,"Mumbai, IN",122,237,524.62,0,0,1,1,1,0,-0.2545,0.7455,1,1,0,1,0,3,3
TX_001851,USR_0209,336.92,WITHDRAWAL,2026-08-20 03:16:32,MERCH_233,DEV_0284,"Hyderabad, IN",541,110,103.51,0,1,1,3,1,0,2.255,3.255,3,0,0,1,0,3,3
TX_001852,USR_0272,95.51,PURCHASE,2026-08-20 03:34:26,MERCH_182,DEV_0505,"Delhi, IN",1041,25,250.68,0,1,1,5,1,0,-0.619,0.381,5,0,0,1,0,3,3
TX_001853,USR_0140,47.34,PURCHASE,2026-08-20 03:48:09,MERCH_027,DEV_0225,"Bengaluru, IN",441,222,100.66,0,1,1,2,1,0,-0.5297,0.4703,2,0,0,1,0,3,3
TX_001854,USR_0435,442.29,TRANSFER,2026-08-20 03:50:12,MERCH_018,DEV_0483,"Ahmedabad, IN",1253,159,283.28,1,1,1,5,1,0,0.5613,1.5613,5,0,0,1,0,3,3
TX_001855,USR_0206,841.63,TRANSFER,2026-08-20 04:00:35,MERCH_014,DEV_0673,"Kolkata, IN",1396,143,1104.59,1,1,1,3,1,0,-0.2381,0.7619,3,0,0,1,0,4,3
TX_001856,USR_0308,214.74,PURCHASE,2026-08-20 04:34:40,MERCH_173,DEV_0746,Unknown Proxy,244,16,184.87,0,0,0,3,1,1,0.1616,1.1616,3,1,1,1,0,4,3
TX_001857,USR_0270,674.26,PAYMENT,2026-08-20 07:27:16,MERCH_212,DEV_0090,"Hyderabad, IN",392,242,762.51,0,1,1,2,1,0,-0.1157,0.8843,2,0,0,0,0,7,3
TX_001858,USR_0511,3305.0,TRANSFER,2026-08-20 07:33:06,MERCH_158,DEV_0125,"Ahmedabad, IN",117,20,3811.84,0,1,0,2,1,0,-0.133,0.867,2,0,1,0,0,7,3
TX_001859,USR_0351,1044.87,TRANSFER,2026-08-20 08:03:07,MERCH_066,DEV_0086,"Chennai, IN",1067,152,1338.63,0,1,1,5,1,0,-0.2194,0.7806,5,0,0,0,0,8,3
TX_001860,USR_0055,531.68,PURCHASE,2026-08-20 08:25:20,MERCH_190,DEV_0819,"Pune, IN",1330,149,497.39,0,0,1,2,1,0,0.0689,1.0689,2,1,0,0,0,8,3
TX_001861,USR_0281,1236.62,PURCHASE,2026-08-20 08:36:26,MERCH_015,DEV_0587,"Chennai, IN",905,128,856.69,0,1,1,1,1,0,0.4435,1.4435,1,0,0,0,0,8,3
TX_001862,USR_0537,1571.09,WITHDRAWAL,2026-08-20 09:12:27,MERCH_208,DEV_0479,"Singapore, SG",204,138,161.09,0,0,1,5,0,1,8.7529,9.7529,5,1,0,0,1,9,3
TX_001863,USR_0025,115.3,TRANSFER,2026-08-20 09:22:06,MERCH_223,DEV_0712,"Kolkata, IN",266,100,138.27,1,1,1,6,1,0,-0.1661,0.8339,6,0,0,0,0,9,3
TX_001864,USR_0155,338.63,PURCHASE,2026-08-20 09:37:01,MERCH_180,DEV_0528,"Bengaluru, IN",59,143,459.79,0,1,0,4,1,0,-0.2635,0.7365,4,0,1,0,0,9,3
TX_001865,USR_0310,411.0,WITHDRAWAL,2026-08-20 10:02:21,MERCH_220,DEV_0212,"Kolkata, IN",738,91,606.8,0,1,1,2,1,0,-0.3227,0.6773,2,0,0,0,0,10,3
TX_001866,USR_0342,2528.58,PURCHASE,2026-08-20 10:22:44,MERCH_147,DEV_0460,"Ahmedabad, IN",1083,118,1022.55,2,1,1,5,1,0,1.4728,2.4728,5,0,0,0,0,10,3
TX_001867,USR_0023,437.63,TRANSFER,2026-08-20 10:38:06,MERCH_118,DEV_0633,"Hyderabad, IN",230,169,293.73,0,1,0,1,1,0,0.4899,1.4899,1,0,1,0,0,10,3
TX_001868,USR_0351,144.02,WITHDRAWAL,2026-08-20 11:04:53,MERCH_081,DEV_0033,"Kolkata, IN",1272,185,520.24,0,1,1,5,0,0,-0.7232,0.2768,5,0,0,0,1,11,3
TX_001869,USR_0080,136.4,WITHDRAWAL,2026-08-20 12:07:12,MERCH_231,DEV_0546,"Pune, IN",384,39,507.04,0,1,1,3,1,0,-0.731,0.269,3,0,0,0,0,12,3
TX_001870,USR_0315,226.14,WITHDRAWAL,2026-08-20 12:10:06,MERCH_175,DEV_0448,"Kolkata, IN",775,248,407.77,1,1,1,3,1,0,-0.4454,0.5546,3,0,0,0,0,12,3
TX_001871,USR_0013,470.82,PAYMENT,2026-08-20 12:24:13,MERCH_048,DEV_0063,"Kolkata, IN",1003,25,426.19,1,1,1,2,1,0,0.1047,1.1047,2,0,0,0,0,12,3
TX_001872,USR_0181,220.63,PURCHASE,2026-08-20 13:14:45,MERCH_240,DEV_0238,"Ahmedabad, IN",813,69,237.04,1,1,1,4,1,0,-0.0692,0.9308,4,0,0,0,0,13,3
TX_001873,USR_0272,737.77,TRANSFER,2026-08-20 13:39:50,MERCH_015,DEV_0404,"Hyderabad, IN",720,87,555.03,0,1,1,3,1,0,0.3292,1.3292,3,0,0,0,0,13,3
TX_001874,USR_0420,442.08,PAYMENT,2026-08-20 15:39:24,MERCH_147,DEV_0309,"Mumbai, IN",509,81,520.89,0,1,1,1,1,0,-0.1513,0.8487,1,0,0,0,0,15,3
TX_001875,USR_0078,763.22,TRANSFER,2026-08-20 15:40:52,MERCH_048,DEV_0262,"Delhi, IN",649,88,323.51,0,1,0,1,1,0,1.3592,2.3592,1,0,1,0,0,15,3
TX_001876,USR_0352,1164.97,PURCHASE,2026-08-20 15:45:59,MERCH_167,DEV_0585,"Ahmedabad, IN",363,81,741.43,1,1,1,2,1,0,0.5712,1.5712,2,0,0,0,0,15,3
TX_001877,USR_0287,973.15,PAYMENT,2026-08-20 17:07:41,MERCH_104,DEV_0364,"Pune, IN",446,109,972.74,1,1,1,3,1,0,0.0004,1.0004,3,0,0,0,0,17,3
TX_001878,USR_0137,1497.8,PURCHASE,2026-08-20 17:23:54,MERCH_110,DEV_0448,"Chennai, IN",1134,191,747.91,0,0,0,2,1,0,1.0026,2.0026,2,1,1,0,0,17,3
TX_001879,USR_0505,67.06,PURCHASE,2026-08-20 17:26:41,MERCH_168,DEV_0719,"Mumbai, IN",1324,207,205.91,0,0,1,3,1,0,-0.6743,0.3257,3,1,0,0,0,17,3
TX_001880,USR_0562,436.46,PURCHASE,2026-08-20 17:29:44,MERCH_190,DEV_0084,"Hyderabad, IN",1274,87,484.92,0,1,1,6,1,0,-0.0999,0.9001,6,0,0,0,0,17,3
TX_001881,USR_0059,236.28,PURCHASE,2026-08-20 17:30:30,MERCH_096,DEV_0324,"Mumbai, IN",501,65,227.16,1,1,1,5,1,0,0.0401,1.0401,5,0,0,0,0,17,3
TX_001882,USR_0194,680.61,PURCHASE,2026-08-20 17:55:17,MERCH_250,DEV_0066,"Delhi, IN",486,169,483.8,0,1,1,3,1,0,0.4068,1.4068,3,0,0,0,0,17,3
TX_001883,USR_0370,71.08,PURCHASE,2026-08-20 18:20:55,MERCH_125,DEV_0835,"Hyderabad, IN",94,15,227.83,0,1,0,2,1,0,-0.688,0.312,2,0,1,0,0,18,3
TX_001884,USR_0001,941.86,PAYMENT,2026-08-20 19:14:14,MERCH_041,DEV_0168,"Bengaluru, IN",415,112,1172.77,0,1,1,3,0,0,-0.1969,0.8031,3,0,0,0,1,19,3
TX_001885,USR_0072,999.29,PURCHASE,2026-08-20 19:44:52,MERCH_002,DEV_0738,"Kolkata, IN",881,55,809.77,1,1,1,3,1,0,0.234,1.234,3,0,0,0,0,19,3
TX_001886,USR_0266,1385.96,PURCHASE,2026-08-20 20:44:26,MERCH_051,DEV_0172,"Lagos, NG",406,152,1068.48,2,1,1,9,1,1,0.2971,1.2971,9,0,0,0,0,20,3
TX_001887,USR_0451,2036.57,PAYMENT,2026-08-20 20:58:19,MERCH_173,DEV_0292,"Bengaluru, IN",1102,20,990.33,0,0,1,4,1,0,1.0565,2.0565,4,1,0,0,0,20,3
TX_001888,USR_0299,573.22,WITHDRAWAL,2026-08-20 21:34:56,MERCH_135,DEV_0548,"Hyderabad, IN",82,207,367.34,0,1,1,1,1,0,0.5605,1.5605,1,0,0,0,0,21,3
TX_001889,USR_0578,299.02,PURCHASE,2026-08-20 21:52:22,MERCH_085,DEV_0749,"Delhi, IN",621,68,327.03,1,1,1,3,1,0,-0.0856,0.9144,3,0,0,0,0,21,3
TX_001890,USR_0141,2451.06,PURCHASE,2026-08-20 21:55:52,MERCH_121,DEV_0161,"Hyderabad, IN",426,129,1661.61,1,0,1,3,1,0,0.4751,1.4751,3,1,0,0,0,21,3
TX_001891,USR_0407,331.79,TRANSFER,2026-08-20 23:09:56,MERCH_210,DEV_0192,"Chennai, IN",744,143,397.58,0,1,1,3,1,0,-0.1655,0.8345,3,0,0,0,0,23,3
TX_001892,USR_0222,170.5,WITHDRAWAL,2026-08-20 23:24:37,MERCH_143,DEV_0794,"Hyderabad, IN",45,119,162.93,0,1,1,3,1,0,0.0465,1.0465,3,0,0,0,0,23,3
TX_001893,USR_0423,1527.62,TRANSFER,2026-08-20 23:25:02,MERCH_015,DEV_0290,"Hyderabad, IN",632,112,958.0,0,1,1,4,0,0,0.5946,1.5946,4,0,0,0,1,23,3
TX_001894,USR_0108,462.96,PURCHASE,2026-08-20 23:28:55,MERCH_013,DEV_0189,"Ahmedabad, IN",1184,67,501.24,0,1,1,1,1,0,-0.0764,0.9236,1,0,0,0,0,23,3
TX_001895,USR_0592,1675.72,TRANSFER,2026-08-20 23:52:18,MERCH_121,DEV_0670,"Delhi, IN",1286,193,1392.29,0,1,0,2,1,0,0.2036,1.2036,2,0,1,0,0,23,3
TX_001896,USR_0276,959.42,TRANSFER,2026-08-21 00:26:29,MERCH_102,DEV_0083,"Mumbai, IN",389,129,539.95,0,1,0,2,1,0,0.7769,1.7769,2,0,1,1,0,0,4
TX_001897,USR_0174,669.92,TRANSFER,2026-08-21 00:39:54,MERCH_213,DEV_0781,"Bengaluru, IN",647,54,443.3,0,1,0,1,1,0,0.5112,1.5112,1,0,1,1,0,0,4
TX_001898,USR_0190,2997.68,PAYMENT,2026-08-21 01:55:59,MERCH_146,DEV_0789,"Delhi, IN",1037,66,1413.52,0,1,1,2,1,0,1.1207,2.1207,2,0,0,1,0,1,4
TX_001899,USR_0392,613.33,WITHDRAWAL,2026-08-21 02:01:34,MERCH_190,DEV_0771,"Bengaluru, IN",699,110,141.94,1,0,1,4,1,0,3.3211,4.3211,4,1,0,1,0,2,4
TX_001900,USR_0342,435.78,TRANSFER,2026-08-21 02:29:58,MERCH_147,DEV_0266,"Bengaluru, IN",817,211,290.1,0,1,1,3,1,0,0.5022,1.5022,3,0,0,1,0,2,4
TX_001901,USR_0313,163.02,TRANSFER,2026-08-21 04:45:28,MERCH_087,DEV_0103,"Mumbai, IN",516,240,231.3,0,0,0,1,1,0,-0.2952,0.7048,1,1,1,1,0,4,4
TX_001902,USR_0482,792.69,WITHDRAWAL,2026-08-21 06:02:37,MERCH_165,DEV_0383,Unknown Proxy,1257,97,86.74,0,0,0,9,0,1,8.1387,9.1387,9,1,1,0,1,6,4
TX_001903,USR_0130,1117.51,PURCHASE,2026-08-21 06:34:32,MERCH_156,DEV_0302,"Delhi, IN",949,99,866.21,0,1,1,3,1,0,0.2901,1.2901,3,0,0,0,0,6,4
TX_001904,USR_0507,419.87,PURCHASE,2026-08-21 06:55:55,MERCH_181,DEV_0864,"Delhi, IN",1440,33,296.24,0,1,1,3,1,0,0.4173,1.4173,3,0,0,0,0,6,4
TX_001905,USR_0084,2230.62,TRANSFER,2026-08-21 07:12:09,MERCH_048,DEV_0569,"Delhi, IN",1171,136,887.38,0,1,1,2,1,0,1.5137,2.5137,2,0,0,0,0,7,4
TX_001906,USR_0077,191.79,TRANSFER,2026-08-21 08:10:36,MERCH_161,DEV_0850,"Kolkata, IN",555,60,602.48,0,0,1,4,1,0,-0.6817,0.3183,4,1,0,0,0,8,4
TX_001907,USR_0250,1805.51,PURCHASE,2026-08-21 08:35:12,MERCH_072,DEV_0676,"Hyderabad, IN",496,205,709.53,0,0,1,4,1,0,1.5447,2.5447,4,1,0,0,0,8,4
TX_001908,USR_0576,1012.79,PURCHASE,2026-08-21 08:42:29,MERCH_198,DEV_0644,"Mumbai, IN",138,134,319.8,1,1,1,1,1,0,2.1669,3.1669,1,0,0,0,0,8,4
TX_001909,USR_0352,349.09,TRANSFER,2026-08-21 08:54:19,MERCH_200,DEV_0101,"Singapore, SG",936,56,253.68,2,0,0,3,1,1,0.3761,1.3761,3,1,1,0,0,8,4
TX_001910,USR_0563,672.81,TRANSFER,2026-08-21 08:56:22,MERCH_157,DEV_0063,"Delhi, IN",1126,229,481.34,0,1,1,2,1,0,0.3978,1.3978,2,0,0,0,0,8,4
TX_001911,USR_0091,728.91,PURCHASE,2026-08-21 09:07:40,MERCH_237,DEV_0042,"Hyderabad, IN",535,204,896.61,1,1,1,4,1,0,-0.187,0.813,4,0,0,0,0,9,4
TX_001912,USR_0016,413.88,PURCHASE,2026-08-21 09:14:33,MERCH_135,DEV_0535,"Mumbai, IN",38,75,433.31,0,1,1,2,1,0,-0.0448,0.9552,2,0,0,0,0,9,4
TX_001913,USR_0406,398.0,PURCHASE,2026-08-21 09:38:17,MERCH_007,DEV_0182,"Mumbai, IN",1239,30,265.81,0,1,1,4,1,0,0.4973,1.4973,4,0,0,0,0,9,4
TX_001914,USR_0001,262.9,PAYMENT,2026-08-21 09:52:53,MERCH_152,DEV_0891,"Ahmedabad, IN",339,66,183.09,0,1,1,2,1,0,0.4359,1.4359,2,0,0,0,0,9,4
TX_001915,USR_0080,796.98,PAYMENT,2026-08-21 09:56:53,MERCH_195,DEV_0120,"Hyderabad, IN",876,94,524.46,0,1,1,5,1,0,0.5196,1.5196,5,0,0,0,0,9,4
TX_001916,USR_0137,424.55,TRANSFER,2026-08-21 11:39:36,MERCH_026,DEV_0853,"Delhi, IN",86,102,296.99,0,0,1,1,1,0,0.4295,1.4295,1,1,0,0,0,11,4
TX_001917,USR_0083,727.35,PURCHASE,2026-08-21 12:18:33,MERCH_027,DEV_0601,"Bengaluru, IN",100,205,426.43,1,1,1,4,1,0,0.7057,1.7057,4,0,0,0,0,12,4
TX_001918,USR_0508,596.75,TRANSFER,2026-08-21 12:40:05,MERCH_069,DEV_0096,"Ahmedabad, IN",1347,241,376.22,1,1,1,3,1,0,0.5862,1.5862,3,0,0,0,0,12,4
TX_001919,USR_0183,157.6,PURCHASE,2026-08-21 12:58:59,MERCH_212,DEV_0053,"Singapore, SG",1011,187,322.44,0,0,0,2,1,1,-0.5112,0.4888,2,1,1,0,0,12,4
TX_001920,USR_0198,916.51,PAYMENT,2026-08-21 13:12:51,MERCH_132,DEV_0357,"Mumbai, IN",14,211,560.93,1,1,1,1,1,0,0.6339,1.6339,1,0,0,0,0,13,4
TX_001921,USR_0450,2171.59,PURCHASE,2026-08-21 13:18:50,MERCH_245,DEV_0306,"Ahmedabad, IN",157,32,682.07,0,1,1,4,1,0,2.1838,3.1838,4,0,0,0,0,13,4
TX_001922,USR_0443,1837.02,PURCHASE,2026-08-21 13:23:53,MERCH_219,DEV_0284,"Pune, IN",742,38,1964.92,2,1,1,4,1,0,-0.0651,0.9349,4,0,0,0,0,13,4
TX_001923,USR_0473,2002.97,TRANSFER,2026-08-21 13:28:12,MERCH_139,DEV_0476,"Moscow, RU",1022,227,794.51,1,0,0,2,1,1,1.521,2.521,2,1,1,0,0,13,4
TX_001924,USR_0311,779.2,PURCHASE,2026-08-21 13:30:37,MERCH_170,DEV_0117,"Pune, IN",640,153,1486.99,1,0,1,3,1,0,-0.476,0.524,3,1,0,0,0,13,4
TX_001925,USR_0434,227.22,TRANSFER,2026-08-21 13:35:14,MERCH_083,DEV_0117,"Pune, IN",1310,59,243.54,0,1,1,4,1,0,-0.067,0.933,4,0,0,0,0,13,4
TX_001926,USR_0078,84.93,WITHDRAWAL,2026-08-21 14:23:00,MERCH_023,DEV_0626,"Chennai, IN",981,198,135.44,1,1,1,7,1,0,-0.3729,0.6271,7,0,0,0,0,14,4
TX_001927,USR_0142,1037.87,PURCHASE,2026-08-21 14:33:11,MERCH_100,DEV_0892,"Hyderabad, IN",924,44,445.16,0,1,1,1,1,0,1.3315,2.3315,1,0,0,0,0,14,4
TX_001928,USR_0322,2366.3,PURCHASE,2026-08-21 14:46:03,MERCH_149,DEV_0247,"Pune, IN",439,192,856.43,1,1,0,1,1,0,1.763,2.763,1,0,1,0,0,14,4
TX_001929,USR_0539,679.01,TRANSFER,2026-08-21 15:03:41,MERCH_046,DEV_0839,"Mumbai, IN",1025,220,761.37,0,1,1,1,1,0,-0.1082,0.8918,1,0,0,0,0,15,4
TX_001930,USR_0321,2273.27,WITHDRAWAL,2026-08-21 16:35:52,MERCH_056,DEV_0311,"Hyderabad, IN",1311,122,1116.31,0,1,1,1,1,0,1.0364,2.0364,1,0,0,0,0,16,4
TX_001931,USR_0481,186.73,PURCHASE,2026-08-21 16:39:09,MERCH_004,DEV_0303,"Delhi, IN",80,164,67.14,0,1,1,4,1,0,1.7812,2.7812,4,0,0,0,0,16,4
TX_001932,USR_0487,14193.9,PURCHASE,2026-08-21 17:37:47,MERCH_184,DEV_0082,"Lagos, NG",1103,183,1151.68,0,1,1,2,1,1,11.3245,12.3245,2,0,0,0,0,17,4
TX_001933,USR_0175,598.95,TRANSFER,2026-08-21 18:02:42,MERCH_225,DEV_0381,"Hyderabad, IN",1320,220,578.73,0,1,0,2,0,0,0.0349,1.0349,2,0,1,0,1,18,4
TX_001934,USR_0358,216.61,PURCHASE,2026-08-21 18:30:13,MERCH_207,DEV_0449,"Singapore, SG",652,146,141.35,0,0,0,3,1,1,0.5324,1.5324,3,1,1,0,0,18,4
TX_001935,USR_0141,425.92,WITHDRAWAL,2026-08-21 18:53:39,MERCH_095,DEV_0598,"Pune, IN",1150,74,774.25,0,0,1,1,1,0,-0.4499,0.5501,1,1,0,0,0,18,4
TX_001936,USR_0056,522.13,TRANSFER,2026-08-21 19:32:20,MERCH_149,DEV_0143,"Pune, IN",541,51,510.99,1,1,0,4,1,0,0.0218,1.0218,4,0,1,0,0,19,4
TX_001937,USR_0559,2293.82,PURCHASE,2026-08-21 19:40:48,MERCH_241,DEV_0170,"Bengaluru, IN",294,89,598.94,0,1,1,1,1,0,2.8298,3.8298,1,0,0,0,0,19,4
TX_001938,USR_0545,654.3,WITHDRAWAL,2026-08-21 20:40:49,MERCH_148,DEV_0389,"Bengaluru, IN",1225,14,952.01,0,0,1,3,1,0,-0.3127,0.6873,3,1,0,0,0,20,4
TX_001939,USR_0492,1029.62,PURCHASE,2026-08-21 21:36:08,MERCH_074,DEV_0063,"Kolkata, IN",471,174,621.39,1,1,1,5,1,0,0.657,1.657,5,0,0,0,0,21,4
TX_001940,USR_0361,199.36,PURCHASE,2026-08-21 21:47:39,MERCH_085,DEV_0130,"Hyderabad, IN",1137,93,149.1,0,1,1,1,1,0,0.3371,1.3371,1,0,0,0,0,21,4
TX_001941,USR_0454,1719.02,TRANSFER,2026-08-21 22:01:15,MERCH_182,DEV_0567,Unknown Proxy,477,178,404.23,0,1,1,2,1,1,3.2526,4.2526,2,0,0,0,0,22,4
TX_001942,USR_0279,146.95,PAYMENT,2026-08-21 22:24:37,MERCH_112,DEV_0859,"Delhi, IN",602,16,133.76,0,1,1,6,1,0,0.0986,1.0986,6,0,0,0,0,22,4
TX_001943,USR_0147,2176.0,TRANSFER,2026-08-21 22:54:09,MERCH_210,DEV_0516,"Pune, IN",1029,81,732.19,0,1,1,2,1,0,1.9719,2.9719,2,0,0,0,0,22,4
TX_001944,USR_0398,1750.34,PURCHASE,2026-08-21 22:55:07,MERCH_217,DEV_0131,"Hyderabad, IN",516,99,1283.99,0,1,1,3,1,0,0.3632,1.3632,3,0,0,0,0,22,4
TX_001945,USR_0417,267.62,TRANSFER,2026-08-21 01:37:00,MERCH_009,DEV_0892,"Lagos, NG",1213,22,177.36,0,1,1,2,0,1,0.5089,1.5089,2,0,0,1,1,1,4
TX_001946,USR_0441,732.32,PURCHASE,2026-08-22 00:23:22,MERCH_181,DEV_0470,"Kolkata, IN",65,207,271.96,1,0,1,2,1,0,1.6927,2.6927,2,1,0,1,0,0,5
TX_001947,USR_0335,182.98,PURCHASE,2026-08-22 01:13:25,MERCH_093,DEV_0646,"Mumbai, IN",24,149,232.17,0,1,1,3,1,0,-0.2119,0.7881,3,0,0,1,0,1,5
TX_001948,USR_0237,154.21,PURCHASE,2026-08-22 01:13:39,MERCH_130,DEV_0178,"Delhi, IN",128,211,320.16,0,1,1,1,1,0,-0.5183,0.4817,1,0,0,1,0,1,5
TX_001949,USR_0416,1840.86,PURCHASE,2026-08-22 02:24:41,MERCH_067,DEV_0521,"Pune, IN",389,200,613.12,0,0,1,3,1,0,2.0024,3.0024,3,1,0,1,0,2,5
TX_001950,USR_0431,335.52,PURCHASE,2026-08-22 02:33:46,MERCH_093,DEV_0069,"Delhi, IN",87,9,322.77,0,1,0,2,1,0,0.0395,1.0395,2,0,1,1,0,2,5
TX_001951,USR_0511,1248.23,PAYMENT,2026-08-22 01:36:00,MERCH_083,DEV_0564,"Singapore, SG",575,216,734.1,0,1,1,3,0,1,0.7004,1.7004,3,0,0,1,1,1,5
TX_001952,USR_0061,579.85,PURCHASE,2026-08-22 03:01:05,MERCH_013,DEV_0183,"Hyderabad, IN",43,18,1000.53,1,1,1,4,1,0,-0.4205,0.5795,4,0,0,1,0,3,5
TX_001953,USR_0363,1259.04,WITHDRAWAL,2026-08-22 04:05:15,MERCH_196,DEV_0819,"Pune, IN",1136,217,1028.2,0,1,1,3,1,0,0.2245,1.2245,3,0,0,1,0,4,5
TX_001954,USR_0521,90.7,TRANSFER,2026-08-22 05:26:10,MERCH_036,DEV_0050,"Bengaluru, IN",235,167,194.53,0,1,1,1,1,0,-0.5337,0.4663,1,0,0,1,0,5,5
TX_001955,USR_0457,1261.58,PURCHASE,2026-08-22 06:36:36,MERCH_094,DEV_0588,"Delhi, IN",1458,205,1272.44,0,1,1,3,1,0,-0.0085,0.9915,3,0,0,0,0,6,5
TX_001956,USR_0469,843.58,PURCHASE,2026-08-22 07:01:03,MERCH_049,DEV_0126,"Mumbai, IN",1286,125,1351.27,2,1,1,3,1,0,-0.3757,0.6243,3,0,0,0,0,7,5
TX_001957,USR_0309,775.33,PURCHASE,2026-08-22 07:12:34,MERCH_041,DEV_0619,"Pune, IN",1043,40,1441.96,1,1,1,2,1,0,-0.4623,0.5377,2,0,0,0,0,7,5
TX_001958,USR_0114,312.27,PURCHASE,2026-08-22 07:13:09,MERCH_094,DEV_0445,"Pune, IN",1198,38,399.77,1,1,1,3,1,0,-0.2189,0.7811,3,0,0,0,0,7,5
TX_001959,USR_0265,54.85,TRANSFER,2026-08-22 07:34:16,MERCH_230,DEV_0871,"Pune, IN",1164,30,256.05,0,1,0,4,1,0,-0.7858,0.2142,4,0,1,0,0,7,5
TX_001960,USR_0536,96.27,PAYMENT,2026-08-22 08:44:45,MERCH_237,DEV_0587,"Chennai, IN",1269,201,215.09,0,1,1,1,1,0,-0.5524,0.4476,1,0,0,0,0,8,5
TX_001961,USR_0303,311.52,PAYMENT,2026-08-22 09:42:16,MERCH_096,DEV_0335,"Mumbai, IN",836,133,196.94,1,1,1,3,0,0,0.5818,1.5818,3,0,0,0,1,9,5
TX_001962,USR_0122,541.31,PURCHASE,2026-08-22 09:50:47,MERCH_127,DEV_0079,"Mumbai, IN",938,54,453.96,0,1,1,6,1,0,0.1924,1.1924,6,0,0,0,0,9,5
TX_001963,USR_0277,402.19,PURCHASE,2026-08-22 10:05:25,MERCH_247,DEV_0537,"Ahmedabad, IN",707,32,849.92,1,1,1,6,1,0,-0.5268,0.4732,6,0,0,0,0,10,5
TX_001964,USR_0251,1628.29,PURCHASE,2026-08-22 11:07:57,MERCH_059,DEV_0397,"Pune, IN",938,20,1198.91,0,1,1,2,1,0,0.3581,1.3581,2,0,0,0,0,11,5
TX_001965,USR_0320,168.05,PAYMENT,2026-08-22 11:18:48,MERCH_237,DEV_0048,"Pune, IN",576,65,312.65,0,1,1,1,1,0,-0.4625,0.5375,1,0,0,0,0,11,5
TX_001966,USR_0595,664.81,PURCHASE,2026-08-22 11:38:30,MERCH_027,DEV_0524,"Kolkata, IN",192,187,437.13,0,1,0,2,1,0,0.5209,1.5209,2,0,1,0,0,11,5
TX_001967,USR_0372,3983.91,PURCHASE,2026-08-22 11:58:11,MERCH_057,DEV_0189,"Lagos, NG",1397,223,416.18,0,1,1,2,1,1,8.5726,9.5726,2,0,0,0,0,11,5
TX_001968,USR_0031,215.18,TRANSFER,2026-08-22 12:12:39,MERCH_085,DEV_0211,"Hyderabad, IN",1050,152,279.44,0,1,1,4,1,0,-0.23,0.77,4,0,0,0,0,12,5
TX_001969,USR_0025,700.55,TRANSFER,2026-08-22 12:51:06,MERCH_010,DEV_0009,"Hyderabad, IN",1059,248,781.38,0,1,1,3,1,0,-0.1034,0.8966,3,0,0,0,0,12,5
TX_001970,USR_0216,2966.3,PURCHASE,2026-08-22 02:55:00,MERCH_204,DEV_0335,Unknown Proxy,425,99,590.74,0,0,1,4,0,1,4.0213,5.0213,4,1,0,1,1,2,5
TX_001971,USR_0074,290.73,TRANSFER,2026-08-22 13:45:33,MERCH_214,DEV_0197,"Pune, IN",1157,83,500.5,0,1,1,5,1,0,-0.4191,0.5809,5,0,0,0,0,13,5
TX_001972,USR_0590,648.88,PURCHASE,2026-08-22 14:02:05,MERCH_096,DEV_0065,"Ahmedabad, IN",782,173,588.74,0,1,1,3,0,0,0.1022,1.1022,3,0,0,0,1,14,5
TX_001973,USR_0147,1128.6,PURCHASE,2026-08-22 14:35:08,MERCH_210,DEV_0391,"Pune, IN",121,34,713.97,0,1,1,2,1,0,0.5807,1.5807,2,0,0,0,0,14,5
TX_001974,USR_0245,360.59,PURCHASE,2026-08-22 15:00:43,MERCH_194,DEV_0199,"Pune, IN",1432,227,708.62,0,1,1,3,1,0,-0.4911,0.5089,3,0,0,0,0,15,5
TX_001975,USR_0175,80.97,PURCHASE,2026-08-22 15:17:57,MERCH_201,DEV_0121,"Ahmedabad, IN",1487,195,239.94,0,1,1,5,0,0,-0.6625,0.3375,5,0,0,0,1,15,5
TX_001976,USR_0390,567.24,PAYMENT,2026-08-22 15:29:06,MERCH_201,DEV_0421,"Bengaluru, IN",1306,9,881.38,2,0,0,2,1,0,-0.3564,0.6436,2,1,1,0,0,15,5
TX_001977,USR_0440,849.31,PURCHASE,2026-08-22 15:53:52,MERCH_144,DEV_0057,"Pune, IN",716,47,544.99,1,1,0,2,1,0,0.5584,1.5584,2,0,1,0,0,15,5
TX_001978,USR_0064,247.39,WITHDRAWAL,2026-08-22 16:13:54,MERCH_028,DEV_0892,"Pune, IN",355,157,324.82,1,0,1,6,1,0,-0.2384,0.7616,6,1,0,0,0,16,5
TX_001979,USR_0095,439.09,PURCHASE,2026-08-22 17:04:04,MERCH_231,DEV_0424,"Bengaluru, IN",23,184,536.42,0,1,1,1,1,0,-0.1814,0.8186,1,0,0,0,0,17,5
TX_001980,USR_0057,1001.85,TRANSFER,2026-08-22 18:09:52,MERCH_153,DEV_0897,"Delhi, IN",1106,55,582.66,0,0,1,3,1,0,0.7194,1.7194,3,1,0,0,0,18,5
TX_001981,USR_0231,570.47,PAYMENT,2026-08-22 18:13:29,MERCH_226,DEV_0794,"Hyderabad, IN",1337,186,1012.91,1,1,1,4,1,0,-0.4368,0.5632,4,0,0,0,0,18,5
TX_001982,USR_0072,184.37,PURCHASE,2026-08-22 18:15:24,MERCH_240,DEV_0882,"Delhi, IN",162,119,205.33,0,1,1,2,1,0,-0.1021,0.8979,2,0,0,0,0,18,5
TX_001983,USR_0310,432.24,PAYMENT,2026-08-22 01:19:00,MERCH_047,DEV_0489,"Singapore, SG",1028,169,1215.59,0,1,1,2,0,1,-0.6444,0.3556,2,0,0,1,1,1,5
TX_001984,USR_0110,536.52,TRANSFER,2026-08-22 20:57:37,MERCH_101,DEV_0381,"Delhi, IN",46,106,457.89,1,1,1,3,1,0,0.1717,1.1717,3,0,0,0,0,20,5
TX_001985,USR_0084,339.96,TRANSFER,2026-08-22 21:51:27,MERCH_049,DEV_0648,"Delhi, IN",1166,114,307.86,0,1,1,3,1,0,0.1043,1.1043,3,0,0,0,0,21,5
TX_001986,USR_0255,480.0,PURCHASE,2026-08-22 21:56:24,MERCH_013,DEV_0073,"Pune, IN",49,98,300.87,0,1,1,3,1,0,0.5954,1.5954,3,0,0,0,0,21,5
TX_001987,USR_0553,95.95,TRANSFER,2026-08-22 22:20:22,MERCH_242,DEV_0757,"Ahmedabad, IN",1463,40,212.35,1,1,1,3,1,0,-0.5482,0.4518,3,0,0,0,0,22,5
TX_001988,USR_0344,102.39,PURCHASE,2026-08-22 22:41:58,MERCH_231,DEV_0292,"Delhi, IN",261,48,121.94,0,1,1,3,1,0,-0.1603,0.8397,3,0,0,0,0,22,5
TX_001989,USR_0107,309.91,PAYMENT,2026-08-22 23:15:29,MERCH_233,DEV_0007,"Pune, IN",604,42,747.92,0,1,0,4,1,0,-0.5856,0.4144,4,0,1,0,0,23,5
TX_001990,USR_0089,1611.54,PAYMENT,2026-08-23 00:14:04,MERCH_221,DEV_0214,"Delhi, IN",1044,200,1988.06,0,1,1,1,1,0,-0.1894,0.8106,1,0,0,1,0,0,6
TX_001991,USR_0565,333.36,PURCHASE,2026-08-23 00:18:20,MERCH_163,DEV_0219,"Ahmedabad, IN",1270,106,133.76,0,1,1,2,1,0,1.4922,2.4922,2,0,0,1,0,0,6
TX_001992,USR_0202,170.37,PAYMENT,2026-08-23 00:44:21,MERCH_131,DEV_0013,"Chennai, IN",549,95,220.62,0,1,1,5,1,0,-0.2278,0.7722,5,0,0,1,0,0,6
TX_001993,USR_0137,309.54,PAYMENT,2026-08-23 01:07:22,MERCH_248,DEV_0602,"Moscow, RU",1470,214,790.71,0,0,0,2,1,1,-0.6085,0.3915,2,1,1,1,0,1,6
TX_001994,USR_0205,265.9,TRANSFER,2026-08-23 01:09:01,MERCH_139,DEV_0086,"Mumbai, IN",30,221,434.86,0,1,1,2,1,0,-0.3885,0.6115,2,0,0,1,0,1,6
TX_001995,USR_0065,280.89,PURCHASE,2026-08-23 01:16:32,MERCH_161,DEV_0763,"Pune, IN",710,59,841.4,0,1,1,1,1,0,-0.6662,0.3338,1,0,0,1,0,1,6
TX_001996,USR_0494,170.84,PURCHASE,2026-08-23 01:21:33,MERCH_053,DEV_0408,"Mumbai, IN",1482,89,416.95,0,1,0,6,1,0,-0.5903,0.4097,6,0,1,1,0,1,6
TX_001997,USR_0374,428.34,PURCHASE,2026-08-23 04:03:00,MERCH_187,DEV_0647,"Moscow, RU",416,103,291.13,1,1,1,1,0,1,0.4713,1.4713,1,0,0,1,1,4,6
TX_001998,USR_0329,141.14,PURCHASE,2026-08-23 02:26:46,MERCH_205,DEV_0306,"Bengaluru, IN",803,210,379.88,0,1,1,3,1,0,-0.6285,0.3715,3,0,0,1,0,2,6
TX_001999,USR_0511,87.86,PAYMENT,2026-08-23 02:27:20,MERCH_170,DEV_0119,"Chennai, IN",670,168,75.39,0,1,1,4,1,0,0.1654,1.1654,4,0,0,1,0,2,6
TX_002000,USR_0060,184.63,PURCHASE,2026-08-23 02:40:16,MERCH_125,DEV_0163,"Bengaluru, IN",595,136,190.88,1,1,1,6,1,0,-0.0327,0.9673,6,0,0,1,0,2,6
TX_002001,USR_0177,617.06,TRANSFER,2026-08-23 02:56:59,MERCH_050,DEV_0582,"Chennai, IN",1153,59,916.4,1,1,1,3,1,0,-0.3266,0.6734,3,0,0,1,0,2,6
TX_002002,USR_0175,1213.12,TRANSFER,2026-08-23 03:08:13,MERCH_009,DEV_0645,"Delhi, IN",781,97,1100.12,0,1,0,2,1,0,0.1027,1.1027,2,0,1,1,0,3,6
TX_002003,USR_0500,668.07,TRANSFER,2026-08-23 03:25:38,MERCH_157,DEV_0241,"Kolkata, IN",1072,8,1291.9,0,1,1,5,1,0,-0.4829,0.5171,5,0,0,1,0,3,6
TX_002004,USR_0328,1029.1,PURCHASE,2026-08-23 04:24:41,MERCH_171,DEV_0322,"Hyderabad, IN",783,176,626.34,1,0,1,2,0,0,0.643,1.643,2,1,0,1,1,4,6
TX_002005,USR_0171,50.06,TRANSFER,2026-08-23 04:29:58,MERCH_194,DEV_0851,"Bengaluru, IN",1496,229,82.86,0,1,0,4,1,0,-0.3958,0.6042,4,0,1,1,0,4,6
TX_002006,USR_0207,206.82,TRANSFER,2026-08-23 04:50:40,MERCH_238,DEV_0767,"Pune, IN",709,196,279.5,0,1,1,1,1,0,-0.26,0.74,1,0,0,1,0,4,6
TX_002007,USR_0283,832.36,TRANSFER,2026-08-23 05:00:47,MERCH_125,DEV_0372,"Ahmedabad, IN",1195,78,1215.29,0,1,0,3,1,0,-0.3151,0.6849,3,0,1,1,0,5,6
TX_002008,USR_0163,2263.56,PURCHASE,2026-08-23 05:35:54,MERCH_208,DEV_0217,"Kolkata, IN",922,121,1520.11,0,1,1,2,1,0,0.4891,1.4891,2,0,0,1,0,5,6
TX_002009,USR_0432,7062.12,TRANSFER,2026-08-23 05:43:16,MERCH_180,DEV_0272,"Lagos, NG",1203,239,1250.42,1,0,1,10,0,1,4.6478,5.6478,10,1,0,1,1,5,6
TX_002010,USR_0069,65.23,PURCHASE,2026-08-23 07:42:39,MERCH_070,DEV_0485,"Mumbai, IN",1329,106,376.93,1,1,1,4,1,0,-0.8269,0.1731,4,0,0,0,0,7,6
TX_002011,USR_0441,189.53,TRANSFER,2026-08-23 07:44:15,MERCH_212,DEV_0511,Unknown Proxy,345,209,168.9,0,0,0,4,1,1,0.1221,1.1221,4,1,1,0,0,7,6
TX_002012,USR_0586,133.59,PURCHASE,2026-08-23 07:54:27,MERCH_014,DEV_0166,"Kolkata, IN",457,144,436.49,1,1,0,3,1,0,-0.6939,0.3061,3,0,1,0,0,7,6
TX_002013,USR_0302,346.72,PURCHASE,2026-08-23 08:03:19,MERCH_150,DEV_0060,"Bengaluru, IN",457,125,455.03,0,1,1,5,1,0,-0.238,0.762,5,0,0,0,0,8,6
TX_002014,USR_0021,6058.92,TRANSFER,2026-08-23 08:04:24,MERCH_236,DEV_0446,"Moscow, RU",734,146,1455.96,0,0,1,5,0,1,3.1615,4.1615,5,1,0,0,1,8,6
TX_002015,USR_0189,403.94,PURCHASE,2026-08-23 08:29:56,MERCH_165,DEV_0718,"Mumbai, IN",741,56,533.84,0,1,1,2,1,0,-0.2433,0.7567,2,0,0,0,0,8,6
TX_002016,USR_0110,600.22,PAYMENT,2026-08-23 08:31:05,MERCH_235,DEV_0138,"Delhi, IN",12,106,455.67,0,1,1,3,1,0,0.3172,1.3172,3,0,0,0,0,8,6
TX_002017,USR_0145,722.28,PAYMENT,2026-08-23 09:14:26,MERCH_015,DEV_0368,"Chennai, IN",1343,76,475.5,0,1,1,1,1,0,0.519,1.519,1,0,0,0,0,9,6
TX_002018,USR_0181,349.46,PURCHASE,2026-08-23 09:43:35,MERCH_134,DEV_0146,"Mumbai, IN",1290,189,607.37,0,1,1,3,1,0,-0.4246,0.5754,3,0,0,0,0,9,6
TX_002019,USR_0106,404.53,PURCHASE,2026-08-23 10:19:28,MERCH_196,DEV_0218,"Bengaluru, IN",904,153,719.88,0,1,1,3,1,0,-0.4381,0.5619,3,0,0,0,0,10,6
TX_002020,USR_0367,242.86,PURCHASE,2026-08-23 11:10:08,MERCH_161,DEV_0552,"Mumbai, IN",463,100,261.35,0,1,1,4,1,0,-0.0707,0.9293,4,0,0,0,0,11,6
TX_002021,USR_0228,70.99,PAYMENT,2026-08-23 11:21:50,MERCH_221,DEV_0258,"Hyderabad, IN",1241,205,203.57,0,1,1,3,1,0,-0.6513,0.3487,3,0,0,0,0,11,6
TX_002022,USR_0048,877.55,TRANSFER,2026-08-23 11:28:31,MERCH_116,DEV_0238,"Pune, IN",412,113,1257.86,0,1,1,1,1,0,-0.3023,0.6977,1,0,0,0,0,11,6
TX_002023,USR_0196,1836.61,PURCHASE,2026-08-23 11:33:59,MERCH_171,DEV_0897,"Singapore, SG",463,238,131.43,0,1,1,3,1,1,12.9741,13.9741,3,0,0,0,0,11,6
TX_002024,USR_0265,549.2,PURCHASE,2026-08-23 11:47:56,MERCH_105,DEV_0156,"Delhi, IN",1496,151,1536.95,1,1,1,6,1,0,-0.6427,0.3573,6,0,0,0,0,11,6
TX_002025,USR_0116,81.88,PURCHASE,2026-08-23 00:07:00,MERCH_219,DEV_0171,Unknown Proxy,1386,221,107.37,0,1,0,3,0,1,-0.2374,0.7626,3,0,1,1,1,0,6
TX_002026,USR_0505,187.89,TRANSFER,2026-08-23 12:08:38,MERCH_030,DEV_0837,"Bengaluru, IN",879,246,290.28,1,1,1,3,1,0,-0.3527,0.6473,3,0,0,0,0,12,6
TX_002027,USR_0421,3266.78,PURCHASE,2026-08-23 12:20:32,MERCH_064,DEV_0496,"Ahmedabad, IN",259,82,932.75,0,1,0,3,1,0,2.5023,3.5023,3,0,1,0,0,12,6
TX_002028,USR_0303,301.84,PURCHASE,2026-08-23 12:35:22,MERCH_025,DEV_0039,"Mumbai, IN",190,65,450.12,0,0,1,2,1,0,-0.3294,0.6706,2,1,0,0,0,12,6
TX_002029,USR_0596,116.75,WITHDRAWAL,2026-08-23 12:41:46,MERCH_176,DEV_0383,"Chennai, IN",1446,209,167.65,0,1,1,6,1,0,-0.3036,0.6964,6,0,0,0,0,12,6
TX_002030,USR_0532,301.59,PURCHASE,2026-08-23 12:43:46,MERCH_059,DEV_0509,"Mumbai, IN",403,58,619.6,0,1,1,3,1,0,-0.5133,0.4867,3,0,0,0,0,12,6
TX_002031,USR_0068,452.85,PURCHASE,2026-08-23 13:02:43,MERCH_080,DEV_0228,"Delhi, IN",1024,188,473.19,0,1,1,2,1,0,-0.043,0.957,2,0,0,0,0,13,6
TX_002032,USR_0576,433.9,TRANSFER,2026-08-23 13:22:17,MERCH_210,DEV_0494,"Bengaluru, IN",534,45,382.68,0,0,1,4,1,0,0.1338,1.1338,4,1,0,0,0,13,6
TX_002033,USR_0539,150.73,PAYMENT,2026-08-23 13:48:36,MERCH_091,DEV_0584,"Ahmedabad, IN",748,217,281.83,0,1,1,1,1,0,-0.4652,0.5348,1,0,0,0,0,13,6
TX_002034,USR_0117,793.11,PURCHASE,2026-08-23 13:57:25,MERCH_037,DEV_0226,"Chennai, IN",1479,172,438.47,0,1,1,4,1,0,0.8088,1.8088,4,0,0,0,0,13,6
TX_002035,USR_0273,329.97,PAYMENT,2026-08-23 14:34:09,MERCH_006,DEV_0732,"Mumbai, IN",892,130,290.85,0,0,1,1,1,0,0.1345,1.1345,1,1,0,0,0,14,6
TX_002036,USR_0365,4623.38,PURCHASE,2026-08-23 14:39:11,MERCH_057,DEV_0408,"Chennai, IN",649,112,2793.77,0,1,1,2,1,0,0.6549,1.6549,2,0,0,0,0,14,6
TX_002037,USR_0353,288.86,PAYMENT,2026-08-23 15:09:57,MERCH_229,DEV_0868,"Ahmedabad, IN",627,159,375.87,1,1,1,4,1,0,-0.2315,0.7685,4,0,0,0,0,15,6
TX_002038,USR_0450,378.79,PURCHASE,2026-08-23 15:13:03,MERCH_138,DEV_0079,"Chennai, IN",350,97,339.99,0,1,1,4,1,0,0.1141,1.1141,4,0,0,0,0,15,6
TX_002039,USR_0116,2895.63,TRANSFER,2026-08-23 15:14:25,MERCH_249,DEV_0292,"Lagos, NG",837,100,299.77,0,0,1,11,0,1,8.6595,9.6595,11,1,0,0,1,15,6
TX_002040,USR_0164,4185.8,PURCHASE,2026-08-23 15:20:55,MERCH_054,DEV_0650,"Pune, IN",857,51,1706.09,1,1,1,1,1,0,1.4534,2.4534,1,0,0,0,0,15,6
TX_002041,USR_0590,135.03,PAYMENT,2026-08-23 16:56:00,MERCH_088,DEV_0806,"Pune, IN",148,40,131.62,0,1,0,4,1,0,0.0259,1.0259,4,0,1,0,0,16,6
TX_002042,USR_0058,563.69,PAYMENT,2026-08-23 17:24:25,MERCH_041,DEV_0200,"Mumbai, IN",611,222,589.23,1,1,1,5,1,0,-0.0433,0.9567,5,0,0,0,0,17,6
TX_002043,USR_0118,265.58,PURCHASE,2026-08-23 17:35:11,MERCH_100,DEV_0883,"Chennai, IN",969,187,376.07,1,0,1,5,1,0,-0.2938,0.7062,5,1,0,0,0,17,6
TX_002044,USR_0135,105.25,PURCHASE,2026-08-23 17:40:01,MERCH_141,DEV_0175,"Chennai, IN",89,111,154.73,1,1,1,4,1,0,-0.3198,0.6802,4,0,0,0,0,17,6
TX_002045,USR_0129,270.28,TRANSFER,2026-08-23 18:36:57,MERCH_203,DEV_0375,"Kolkata, IN",1464,208,243.46,0,1,0,5,1,0,0.1102,1.1102,5,0,1,0,0,18,6
TX_002046,USR_0154,924.91,PURCHASE,2026-08-23 19:03:45,MERCH_093,DEV_0284,"Pune, IN",1292,152,570.76,0,1,1,5,1,0,0.6205,1.6205,5,0,0,0,0,19,6
TX_002047,USR_0237,143.45,TRANSFER,2026-08-23 20:09:03,MERCH_193,DEV_0382,"Mumbai, IN",957,150,235.32,0,1,1,2,1,0,-0.3904,0.6096,2,0,0,0,0,20,6
TX_002048,USR_0110,3222.57,WITHDRAWAL,2026-08-23 21:18:17,MERCH_157,DEV_0813,"Lagos, NG",30,29,546.71,0,0,1,5,0,1,4.8945,5.8945,5,1,0,0,1,21,6
TX_002049,USR_0314,1764.86,PURCHASE,2026-08-23 21:27:40,MERCH_073,DEV_0660,"Mumbai, IN",780,135,1646.02,1,1,1,2,1,0,0.0722,1.0722,2,0,0,0,0,21,6
TX_002050,USR_0312,614.08,PURCHASE,2026-08-23 22:05:31,MERCH_229,DEV_0717,"Ahmedabad, IN",1348,27,511.42,0,1,1,1,1,0,0.2007,1.2007,1,0,0,0,0,22,6
TX_002051,USR_0316,47.43,PAYMENT,2026-08-23 22:26:43,MERCH_109,DEV_0229,"Bengaluru, IN",40,171,151.28,0,1,1,2,1,0,-0.6865,0.3135,2,0,0,0,0,22,6
TX_002052,USR_0372,124.35,PURCHASE,2026-08-23 22:49:45,MERCH_038,DEV_0853,"Chennai, IN",1189,17,238.45,1,1,1,6,1,0,-0.4785,0.5215,6,0,0,0,0,22,6
TX_002053,USR_0247,142.22,TRANSFER,2026-08-23 22:55:01,MERCH_241,DEV_0392,"Mumbai, IN",1260,129,363.29,0,1,1,2,1,0,-0.6085,0.3915,2,0,0,0,0,22,6
TX_002054,USR_0496,335.78,PURCHASE,2026-08-23 23:17:50,MERCH_229,DEV_0587,"Bengaluru, IN",120,92,345.53,0,1,1,5,1,0,-0.0282,0.9718,5,0,0,0,0,23,6
TX_002055,USR_0321,267.1,PURCHASE,2026-08-23 23:21:09,MERCH_013,DEV_0628,"Bengaluru, IN",350,33,504.34,0,1,1,2,1,0,-0.4704,0.5296,2,0,0,0,0,23,6
TX_002056,USR_0539,391.91,PURCHASE,2026-08-23 23:54:39,MERCH_226,DEV_0597,"Hyderabad, IN",1087,118,568.83,0,1,1,2,1,0,-0.311,0.689,2,0,0,0,0,23,6
TX_002057,USR_0381,721.16,PURCHASE,2026-08-24 00:36:59,MERCH_237,DEV_0542,"Kolkata, IN",1368,50,1647.71,0,1,1,6,1,0,-0.5623,0.4377,6,0,0,1,0,0,0
TX_002058,USR_0321,328.44,TRANSFER,2026-08-24 00:54:18,MERCH_208,DEV_0433,"Kolkata, IN",1158,61,448.75,0,1,1,3,1,0,-0.2681,0.7319,3,0,0,1,0,0,0
TX_002059,USR_0016,86.87,PURCHASE,2026-08-24 01:05:51,MERCH_064,DEV_0583,"Hyderabad, IN",791,222,189.64,0,1,1,3,1,0,-0.5419,0.4581,3,0,0,1,0,1,0
TX_002060,USR_0501,1664.43,TRANSFER,2026-08-24 01:48:37,MERCH_158,DEV_0815,"Mumbai, IN",906,88,1069.13,0,1,1,1,1,0,0.5568,1.5568,1,0,0,1,0,1,0
TX_002061,USR_0579,1507.21,TRANSFER,2026-08-24 01:58:13,MERCH_135,DEV_0351,"Delhi, IN",790,101,1160.4,1,0,1,3,1,0,0.2989,1.2989,3,1,0,1,0,1,0
TX_002062,USR_0243,2469.37,PURCHASE,2026-08-24 02:00:02,MERCH_156,DEV_0460,"Moscow, RU",869,2,535.7,1,1,1,4,1,1,3.6096,4.6096,4,0,0,1,0,2,0
TX_002063,USR_0504,292.42,PURCHASE,2026-08-24 02:09:35,MERCH_155,DEV_0163,"Mumbai, IN",1157,75,374.07,1,1,1,2,0,0,-0.2183,0.7817,2,0,0,1,1,2,0
TX_002064,USR_0529,181.57,TRANSFER,2026-08-24 02:45:46,MERCH_160,DEV_0320,"Ahmedabad, IN",81,88,717.78,1,1,1,2,1,0,-0.747,0.253,2,0,0,1,0,2,0
TX_002065,USR_0351,271.26,TRANSFER,2026-08-24 02:55:13,MERCH_129,DEV_0695,"Delhi, IN",319,180,384.11,0,1,1,5,1,0,-0.2938,0.7062,5,0,0,1,0,2,0
TX_002066,USR_0465,55.84,TRANSFER,2026-08-24 02:55:40,MERCH_173,DEV_0577,"Chennai, IN",95,30,96.3,0,0,1,3,1,0,-0.4201,0.5799,3,1,0,1,0,2,0
TX_002067,USR_0057,767.07,PURCHASE,2026-08-24 04:00:32,MERCH_132,DEV_0191,"Kolkata, IN",1195,232,686.67,0,1,1,5,1,0,0.1171,1.1171,5,0,0,1,0,4,0
TX_002068,USR_0009,1250.43,WITHDRAWAL,2026-08-24 04:03:05,MERCH_005,DEV_0492,"Hyderabad, IN",1092,32,878.69,0,1,1,4,1,0,0.4231,1.4231,4,0,0,1,0,4,0
TX_002069,USR_0304,11091.66,TRANSFER,2026-08-24 05:19:29,MERCH_009,DEV_0731,"Singapore, SG",86,163,1326.19,0,0,1,7,0,1,7.3636,8.3636,7,1,0,1,1,5,0
TX_002070,USR_0268,562.37,TRANSFER,2026-08-24 06:07:36,MERCH_240,DEV_0112,"Moscow, RU",164,2,260.13,6,1,1,12,1,1,1.1619,2.1619,12,0,0,0,0,6,0
TX_002071,USR_0349,350.54,PURCHASE,2026-08-24 06:09:09,MERCH_228,DEV_0056,"Pune, IN",402,205,533.19,1,1,1,5,1,0,-0.3426,0.6574,5,0,0,0,0,6,0
TX_002072,USR_0011,346.8,TRANSFER,2026-08-24 07:42:09,MERCH_147,DEV_0354,"Moscow, RU",368,174,541.91,0,0,0,3,1,1,-0.36,0.64,3,1,1,0,0,7,0
TX_002073,USR_0508,895.97,PURCHASE,2026-08-24 09:09:28,MERCH_044,DEV_0591,"Moscow, RU",782,209,479.76,4,1,1,7,1,1,0.8675,1.8675,7,0,0,0,0,9,0
TX_002074,USR_0289,519.79,TRANSFER,2026-08-24 09:52:17,MERCH_196,DEV_0282,"Mumbai, IN",751,232,490.48,0,1,1,5,1,0,0.0598,1.0598,5,0,0,0,0,9,0
TX_002075,USR_0395,374.86,PURCHASE,2026-08-24 10:24:11,MERCH_036,DEV_0739,"Kolkata, IN",541,208,462.71,0,1,1,1,1,0,-0.1899,0.8101,1,0,0,0,0,10,0
TX_002076,USR_0363,1666.19,TRANSFER,2026-08-24 11:53:42,MERCH_095,DEV_0763,"Bengaluru, IN",252,155,527.45,0,0,1,6,1,0,2.159,3.159,6,1,0,0,0,11,0
TX_002077,USR_0419,1086.02,PURCHASE,2026-08-24 12:14:44,MERCH_083,DEV_0480,"Delhi, IN",976,209,784.27,1,1,0,2,1,0,0.3848,1.3848,2,0,1,0,0,12,0
TX_002078,USR_0591,944.46,TRANSFER,2026-08-24 05:57:00,MERCH_004,DEV_0341,"Lagos, NG",1186,24,1123.79,0,1,1,4,0,1,-0.1596,0.8404,4,0,0,1,1,5,0
TX_002079,USR_0436,155.42,PURCHASE,2026-08-24 13:39:24,MERCH_202,DEV_0038,"Singapore, SG",962,161,255.19,4,1,1,14,1,1,-0.391,0.609,14,0,0,0,0,13,0
TX_002080,USR_0328,890.92,PURCHASE,2026-08-24 14:30:13,MERCH_128,DEV_0740,"Kolkata, IN",1212,247,395.45,1,1,1,1,1,0,1.2529,2.2529,1,0,0,0,0,14,0
TX_002081,USR_0498,356.68,TRANSFER,2026-08-24 14:33:18,MERCH_080,DEV_0806,"Bengaluru, IN",1371,94,327.76,0,1,1,4,1,0,0.0882,1.0882,4,0,0,0,0,14,0
TX_002082,USR_0015,284.56,PURCHASE,2026-08-24 15:14:48,MERCH_127,DEV_0399,"Pune, IN",1264,243,294.42,0,1,1,3,1,0,-0.0335,0.9665,3,0,0,0,0,15,0
TX_002083,USR_0597,197.71,PURCHASE,2026-08-24 15:23:26,MERCH_001,DEV_0465,"Bengaluru, IN",979,127,133.92,1,1,1,2,1,0,0.4763,1.4763,2,0,0,0,0,15,0
TX_002084,USR_0517,772.38,WITHDRAWAL,2026-08-24 16:08:09,MERCH_110,DEV_0679,"Chennai, IN",81,117,458.25,0,1,1,3,1,0,0.6855,1.6855,3,0,0,0,0,16,0
TX_002085,USR_0196,876.69,WITHDRAWAL,2026-08-24 16:09:31,MERCH_130,DEV_0626,"Ahmedabad, IN",506,75,644.67,2,1,0,2,1,0,0.3599,1.3599,2,0,1,0,0,16,0
TX_002086,USR_0491,676.88,PAYMENT,2026-08-24 16:10:52,MERCH_085,DEV_0122,"Ahmedabad, IN",645,27,400.58,0,0,1,1,1,0,0.6897,1.6897,1,1,0,0,0,16,0
TX_002087,USR_0199,570.17,PURCHASE,2026-08-24 17:46:27,MERCH_208,DEV_0606,"Kolkata, IN",1070,219,446.99,1,1,0,4,1,0,0.2756,1.2756,4,0,1,0,0,17,0
TX_002088,USR_0144,840.29,PURCHASE,2026-08-24 17:55:23,MERCH_063,DEV_0833,"Pune, IN",1271,180,615.89,1,1,1,4,1,0,0.3644,1.3644,4,0,0,0,0,17,0
TX_002089,USR_0037,766.64,WITHDRAWAL,2026-08-24 19:17:15,MERCH_035,DEV_0676,"Delhi, IN",963,100,1296.71,0,1,0,4,1,0,-0.4088,0.5912,4,0,1,0,0,19,0
TX_002090,USR_0384,1013.48,PURCHASE,2026-08-24 19:49:14,MERCH_132,DEV_0433,"Mumbai, IN",549,240,328.46,1,1,1,3,1,0,2.0856,3.0856,3,0,0,0,0,19,0
TX_002091,USR_0270,79.73,TRANSFER,2026-08-24 20:23:04,MERCH_222,DEV_0471,"Hyderabad, IN",1183,46,186.89,0,1,1,2,1,0,-0.5734,0.4266,2,0,0,0,0,20,0
TX_002092,USR_0214,489.08,PURCHASE,2026-08-24 20:35:29,MERCH_094,DEV_0234,"Chennai, IN",1045,194,420.49,0,1,1,2,1,0,0.1631,1.1631,2,0,0,0,0,20,0
TX_002093,USR_0205,737.32,PAYMENT,2026-08-24 20:35:30,MERCH_012,DEV_0595,"Pune, IN",1198,113,1848.11,1,1,1,1,1,0,-0.601,0.399,1,0,0,0,0,20,0
TX_002094,USR_0218,168.14,TRANSFER,2026-08-24 21:12:03,MERCH_243,DEV_0218,"Moscow, RU",886,156,188.4,6,1,1,9,1,1,-0.1075,0.8925,9,0,0,0,0,21,0
TX_002095,USR_0305,480.83,PURCHASE,2026-08-24 21:31:10,MERCH_112,DEV_0308,"Ahmedabad, IN",972,10,732.78,0,0,1,2,1,0,-0.3438,0.6562,2,1,0,0,0,21,0
TX_002096,USR_0333,1114.24,PURCHASE,2026-08-24 21:46:35,MERCH_044,DEV_0239,"Bengaluru, IN",525,153,1072.43,0,1,1,1,1,0,0.039,1.039,1,0,0,0,0,21,0
TX_002097,USR_0137,90.67,PURCHASE,2026-08-24 21:47:29,MERCH_154,DEV_0302,"Ahmedabad, IN",603,170,76.33,2,1,1,1,1,0,0.1879,1.1879,1,0,0,0,0,21,0
TX_002098,USR_0217,312.72,PURCHASE,2026-08-24 21:48:57,MERCH_080,DEV_0331,"Mumbai, IN",419,244,612.11,0,1,1,4,1,0,-0.4891,0.5109,4,0,0,0,0,21,0
TX_002099,USR_0472,660.3,TRANSFER,2026-08-24 22:29:49,MERCH_235,DEV_0075,"Pune, IN",390,87,707.55,0,1,0,1,1,0,-0.0668,0.9332,1,0,1,0,0,22,0
TX_002100,USR_0542,866.64,PURCHASE,2026-08-24 22:47:04,MERCH_074,DEV_0646,"Pune, IN",981,19,368.24,0,1,1,2,1,0,1.3535,2.3535,2,0,0,0,0,22,0
TX_002101,USR_0152,112.33,PURCHASE,2026-08-24 23:22:05,MERCH_138,DEV_0397,"Pune, IN",579,16,277.11,0,1,1,3,1,0,-0.5946,0.4054,3,0,0,0,0,23,0
TX_002102,USR_0101,157.77,PURCHASE,2026-08-24 23:35:42,MERCH_136,DEV_0855,"Delhi, IN",206,38,288.95,0,1,1,4,0,0,-0.454,0.546,4,0,0,0,1,23,0
TX_002103,USR_0147,585.42,TRANSFER,2026-08-24 23:55:05,MERCH_061,DEV_0163,"Hyderabad, IN",59,75,351.72,0,1,0,1,1,0,0.6644,1.6644,1,0,1,0,0,23,0
TX_002104,USR_0270,358.92,PURCHASE,2026-08-25 00:32:46,MERCH_125,DEV_0603,"Chennai, IN",1291,207,358.77,0,1,1,3,1,0,0.0004,1.0004,3,0,0,1,0,0,1
TX_002105,USR_0512,326.83,PURCHASE,2026-08-25 01:45:14,MERCH_028,DEV_0162,"Moscow, RU",656,49,311.43,2,1,1,11,1,1,0.0494,1.0494,11,0,0,1,0,1,1
TX_002106,USR_0239,642.51,PAYMENT,2026-08-25 02:51:14,MERCH_161,DEV_0493,"Pune, IN",867,37,347.54,0,1,0,4,0,0,0.8487,1.8487,4,0,1,1,1,2,1
TX_002107,USR_0231,624.03,PURCHASE,2026-08-25 03:54:30,MERCH_190,DEV_0442,"Mumbai, IN",1357,8,1099.2,0,1,1,4,1,0,-0.4323,0.5677,4,0,0,1,0,3,1
TX_002108,USR_0447,122.84,PURCHASE,2026-08-25 04:01:34,MERCH_238,DEV_0404,"Bengaluru, IN",173,96,180.99,0,1,1,3,1,0,-0.3213,0.6787,3,0,0,1,0,4,1
TX_002109,USR_0057,75.92,PAYMENT,2026-08-25 04:52:58,MERCH_082,DEV_0590,"Chennai, IN",1406,151,121.2,0,1,1,4,1,0,-0.3736,0.6264,4,0,0,1,0,4,1
TX_002110,USR_0022,843.88,PURCHASE,2026-08-25 05:08:00,MERCH_072,DEV_0746,"Bengaluru, IN",1057,71,1112.47,0,1,1,6,0,0,-0.2414,0.7586,6,0,0,1,1,5,1
TX_002111,USR_0498,885.29,PAYMENT,2026-08-25 05:21:30,MERCH_138,DEV_0286,"Ahmedabad, IN",962,124,389.64,1,1,0,3,1,0,1.2721,2.2721,3,0,1,1,0,5,1
TX_002112,USR_0332,105.89,TRANSFER,2026-08-25 06:28:14,MERCH_174,DEV_0765,"Hyderabad, IN",650,61,336.32,1,1,0,3,1,0,-0.6852,0.3148,3,0,1,0,0,6,1
TX_002113,USR_0345,181.2,TRANSFER,2026-08-25 06:29:07,MERCH_249,DEV_0167,"Kolkata, IN",1061,200,413.99,1,1,1,2,1,0,-0.5623,0.4377,2,0,0,0,0,6,1
TX_002114,USR_0075,206.13,PURCHASE,2026-08-25 07:53:03,MERCH_007,DEV_0264,"Kolkata, IN",311,7,526.48,2,1,1,2,1,0,-0.6085,0.3915,2,0,0,0,0,7,1
TX_002115,USR_0434,718.6,PURCHASE,2026-08-25 08:38:42,MERCH_060,DEV_0280,"Mumbai, IN",458,50,303.75,0,1,0,1,1,0,1.3658,2.3658,1,0,1,0,0,8,1
TX_002116,USR_0376,419.62,PURCHASE,2026-08-25 08:42:28,MERCH_066,DEV_0859,"Chennai, IN",1441,141,657.67,0,1,1,4,1,0,-0.362,0.638,4,0,0,0,0,8,1
TX_002117,USR_0019,168.21,PURCHASE,2026-08-25 09:14:34,MERCH_064,DEV_0107,"Mumbai, IN",418,210,218.67,0,1,1,2,1,0,-0.2308,0.7692,2,0,0,0,0,9,1
TX_002118,USR_0600,119.51,PURCHASE,2026-08-25 09:30:49,MERCH_116,DEV_0356,"Bengaluru, IN",1081,100,358.84,1,1,0,5,1,0,-0.667,0.333,5,0,1,0,0,9,1
TX_002119,USR_0077,925.75,TRANSFER,2026-08-25 09:38:11,MERCH_219,DEV_0382,"Lagos, NG",1395,18,85.48,0,1,1,7,1,1,9.83,10.83,7,0,0,0,0,9,1
TX_002120,USR_0072,1811.05,TRANSFER,2026-08-25 09:44:20,MERCH_008,DEV_0721,"Mumbai, IN",892,138,1084.01,0,1,1,3,1,0,0.6707,1.6707,3,0,0,0,0,9,1
TX_002121,USR_0193,442.13,PURCHASE,2026-08-25 10:04:37,MERCH_204,DEV_0438,"Chennai, IN",451,68,394.33,0,1,1,4,1,0,0.1212,1.1212,4,0,0,0,0,10,1
TX_002122,USR_0596,659.65,TRANSFER,2026-08-25 10:36:53,MERCH_155,DEV_0871,"Chennai, IN",1274,76,743.84,0,1,1,2,1,0,-0.1132,0.8868,2,0,0,0,0,10,1
TX_002123,USR_0388,221.3,PAYMENT,2026-08-25 10:52:37,MERCH_154,DEV_0667,"Kolkata, IN",1240,230,643.34,0,1,1,3,1,0,-0.656,0.344,3,0,0,0,0,10,1
TX_002124,USR_0537,522.4,TRANSFER,2026-08-25 10:54:02,MERCH_170,DEV_0634,"Chennai, IN",818,235,679.67,0,1,1,3,1,0,-0.2314,0.7686,3,0,0,0,0,10,1
TX_002125,USR_0456,468.2,WITHDRAWAL,2026-08-25 11:13:48,MERCH_029,DEV_0678,"Lagos, NG",178,65,447.38,1,0,0,2,1,1,0.0465,1.0465,2,1,1,0,0,11,1
TX_002126,USR_0525,300.59,TRANSFER,2026-08-25 12:16:39,MERCH_187,DEV_0146,"Ahmedabad, IN",666,148,602.1,1,1,1,1,1,0,-0.5008,0.4992,1,0,0,0,0,12,1
TX_002127,USR_0477,318.61,PURCHASE,2026-08-25 12:22:00,MERCH_063,DEV_0405,"Ahmedabad, IN",651,135,218.83,0,1,0,3,1,0,0.456,1.456,3,0,1,0,0,12,1
TX_002128,USR_0186,316.12,PURCHASE,2026-08-25 12:28:13,MERCH_130,DEV_0528,"Delhi, IN",289,240,186.95,0,1,0,2,1,0,0.6909,1.6909,2,0,1,0,0,12,1
TX_002129,USR_0270,281.41,PAYMENT,2026-08-25 13:16:37,MERCH_170,DEV_0188,"Chennai, IN",607,236,417.14,0,1,1,3,1,0,-0.3254,0.6746,3,0,0,0,0,13,1
TX_002130,USR_0470,412.08,TRANSFER,2026-08-25 13:32:51,MERCH_151,DEV_0107,"Kolkata, IN",236,88,270.27,0,1,1,3,1,0,0.5247,1.5247,3,0,0,0,0,13,1
TX_002131,USR_0026,1160.98,WITHDRAWAL,2026-08-25 13:53:03,MERCH_081,DEV_0123,"Pune, IN",1041,7,1310.74,1,1,1,5,1,0,-0.1143,0.8857,5,0,0,0,0,13,1
TX_002132,USR_0369,1195.42,PAYMENT,2026-08-25 14:03:38,MERCH_100,DEV_0711,"Bengaluru, IN",651,1,596.22,0,1,1,4,0,0,1.005,2.005,4,0,0,0,1,14,1
TX_002133,USR_0209,938.32,PURCHASE,2026-08-25 15:54:41,MERCH_120,DEV_0592,"Ahmedabad, IN",1097,2,262.93,0,1,1,3,1,0,2.5687,3.5687,3,0,0,0,0,15,1
TX_002134,USR_0295,171.52,PURCHASE,2026-08-25 16:51:19,MERCH_011,DEV_0254,"Kolkata, IN",687,195,367.08,0,1,1,3,0,0,-0.5327,0.4673,3,0,0,0,1,16,1
TX_002135,USR_0369,779.91,TRANSFER,2026-08-25 16:53:28,MERCH_182,DEV_0664,"Pune, IN",1072,185,497.21,0,1,0,5,1,0,0.5686,1.5686,5,0,1,0,0,16,1
TX_002136,USR_0488,950.0,PURCHASE,2026-08-25 17:41:22,MERCH_025,DEV_0626,"Ahmedabad, IN",1101,207,427.62,0,1,0,4,1,0,1.2216,2.2216,4,0,1,0,0,17,1
TX_002137,USR_0462,279.25,TRANSFER,2026-08-25 17:55:42,MERCH_115,DEV_0735,"Bengaluru, IN",246,35,551.73,0,1,1,4,1,0,-0.4939,0.5061,4,0,0,0,0,17,1
TX_002138,USR_0483,310.11,WITHDRAWAL,2026-08-25 18:03:55,MERCH_164,DEV_0820,"Ahmedabad, IN",667,15,473.78,1,1,0,1,1,0,-0.3455,0.6545,1,0,1,0,0,18,1
TX_002139,USR_0014,103.04,TRANSFER,2026-08-25 18:08:39,MERCH_021,DEV_0795,"Mumbai, IN",1126,43,158.58,0,1,1,3,1,0,-0.3502,0.6498,3,0,0,0,0,18,1
TX_002140,USR_0203,78.23,PURCHASE,2026-08-25 18:17:56,MERCH_249,DEV_0163,"Kolkata, IN",892,156,89.66,0,1,1,1,1,0,-0.1275,0.8725,1,0,0,0,0,18,1
TX_002141,USR_0476,256.57,TRANSFER,2026-08-25 19:15:24,MERCH_095,DEV_0693,"Hyderabad, IN",337,3,340.03,0,1,1,7,1,0,-0.2454,0.7546,7,0,0,0,0,19,1
TX_002142,USR_0334,572.92,PURCHASE,2026-08-25 19:29:34,MERCH_004,DEV_0354,"Chennai, IN",1249,165,685.14,0,1,0,3,1,0,-0.1638,0.8362,3,0,1,0,0,19,1
TX_002143,USR_0100,562.37,PAYMENT,2026-08-25 21:28:07,MERCH_165,DEV_0363,"Hyderabad, IN",305,222,342.91,0,1,1,3,1,0,0.64,1.64,3,0,0,0,0,21,1
TX_002144,USR_0433,315.57,PURCHASE,2026-08-25 21:54:28,MERCH_140,DEV_0583,"Ahmedabad, IN",1490,37,1137.59,1,1,1,3,1,0,-0.7226,0.2774,3,0,0,0,0,21,1
TX_002145,USR_0072,219.43,PAYMENT,2026-08-25 23:00:35,MERCH_161,DEV_0542,"Delhi, IN",1062,184,434.45,0,1,1,4,1,0,-0.4949,0.5051,4,0,0,0,0,23,1
TX_002146,USR_0453,1830.97,PURCHASE,2026-08-25 23:53:17,MERCH_188,DEV_0378,"Kolkata, IN",488,138,1245.32,0,1,1,4,1,0,0.4703,1.4703,4,0,0,0,0,23,1
TX_002147,USR_0482,1454.59,PURCHASE,2026-08-25 23:55:21,MERCH_119,DEV_0900,"Pune, IN",297,236,1067.61,0,0,1,2,1,0,0.3625,1.3625,2,1,0,0,0,23,1
TX_002148,USR_0338,473.27,PURCHASE,2026-08-26 02:42:34,MERCH_207,DEV_0158,"Delhi, IN",1353,61,990.01,1,1,1,2,1,0,-0.522,0.478,2,0,0,1,0,2,2
TX_002149,USR_0089,249.75,PURCHASE,2026-08-26 02:57:33,MERCH_093,DEV_0088,"Bengaluru, IN",788,57,182.48,1,1,0,5,0,0,0.3686,1.3686,5,0,1,1,1,2,2
TX_002150,USR_0159,1027.17,PURCHASE,2026-08-26 03:01:50,MERCH_137,DEV_0027,"Delhi, IN",1210,5,455.82,0,1,1,4,1,0,1.2535,2.2535,4,0,0,1,0,3,2
TX_002151,USR_0477,1037.39,WITHDRAWAL,2026-08-26 03:31:38,MERCH_040,DEV_0733,"Mumbai, IN",1248,176,1125.89,0,1,1,2,1,0,-0.0786,0.9214,2,0,0,1,0,3,2
TX_002152,USR_0094,272.69,WITHDRAWAL,2026-08-26 04:39:53,MERCH_155,DEV_0366,"Mumbai, IN",108,216,551.98,0,1,1,2,1,0,-0.506,0.494,2,0,0,1,0,4,2
TX_002153,USR_0218,1145.66,PURCHASE,2026-08-26 05:09:56,MERCH_066,DEV_0394,"Mumbai, IN",1027,5,681.99,0,1,1,4,1,0,0.6799,1.6799,4,0,0,1,0,5,2
TX_002154,USR_0512,463.27,TRANSFER,2026-08-26 05:22:50,MERCH_175,DEV_0585,"Bengaluru, IN",505,123,158.91,1,0,1,3,1,0,1.9153,2.9153,3,1,0,1,0,5,2
TX_002155,USR_0585,1014.7,PAYMENT,2026-08-26 05:25:42,MERCH_201,DEV_0392,"Kolkata, IN",1362,181,1897.59,0,1,1,4,1,0,-0.4653,0.5347,4,0,0,1,0,5,2
TX_002156,USR_0396,242.56,WITHDRAWAL,2026-08-26 05:29:51,MERCH_215,DEV_0517,"Ahmedabad, IN",334,195,248.57,0,1,1,2,1,0,-0.0242,0.9758,2,0,0,1,0,5,2
TX_002157,USR_0077,194.81,PURCHASE,2026-08-26 05:48:23,MERCH_233,DEV_0053,"Bengaluru, IN",57,232,100.83,0,1,1,4,1,0,0.9321,1.9321,4,0,0,1,0,5,2
TX_002158,USR_0084,354.56,PURCHASE,2026-08-26 06:22:40,MERCH_031,DEV_0141,"Bengaluru, IN",998,181,345.81,0,1,0,6,1,0,0.0253,1.0253,6,0,1,0,0,6,2
TX_002159,USR_0198,21.93,PAYMENT,2026-08-26 06:40:46,MERCH_035,DEV_0839,"Hyderabad, IN",831,230,71.78,0,1,1,1,1,0,-0.6945,0.3055,1,0,0,0,0,6,2
TX_002160,USR_0026,253.06,PURCHASE,2026-08-26 06:54:27,MERCH_232,DEV_0406,"Delhi, IN",836,248,199.42,0,1,1,2,1,0,0.269,1.269,2,0,0,0,0,6,2
TX_002161,USR_0264,1543.65,PURCHASE,2026-08-26 07:26:02,MERCH_096,DEV_0151,"Chennai, IN",400,231,3066.01,0,1,1,2,1,0,-0.4965,0.5035,2,0,0,0,0,7,2
TX_002162,USR_0412,140.93,WITHDRAWAL,2026-08-26 07:34:51,MERCH_007,DEV_0333,"Mumbai, IN",745,110,338.4,0,1,1,1,1,0,-0.5835,0.4165,1,0,0,0,0,7,2
TX_002163,USR_0192,47.72,PURCHASE,2026-08-26 08:15:46,MERCH_072,DEV_0302,"Chennai, IN",1446,102,154.22,0,1,1,3,1,0,-0.6906,0.3094,3,0,0,0,0,8,2
TX_002164,USR_0358,945.76,WITHDRAWAL,2026-08-26 09:20:42,MERCH_210,DEV_0247,"Mumbai, IN",1147,107,458.62,0,1,1,3,1,0,1.0622,2.0622,3,0,0,0,0,9,2
TX_002165,USR_0516,126.89,PURCHASE,2026-08-26 09:43:04,MERCH_089,DEV_0265,"Hyderabad, IN",1477,237,229.5,0,1,1,2,0,0,-0.4471,0.5529,2,0,0,0,1,9,2
TX_002166,USR_0516,1016.69,TRANSFER,2026-08-26 09:45:38,MERCH_020,DEV_0657,"Bengaluru, IN",504,71,860.61,0,0,1,5,1,0,0.1814,1.1814,5,1,0,0,0,9,2
TX_002167,USR_0382,320.02,PAYMENT,2026-08-26 11:14:02,MERCH_181,DEV_0097,"Kolkata, IN",1306,188,230.92,1,1,1,2,1,0,0.3858,1.3858,2,0,0,0,0,11,2
TX_002168,USR_0329,582.59,PAYMENT,2026-08-26 11:16:06,MERCH_049,DEV_0279,"Ahmedabad, IN",578,156,551.31,1,1,1,5,0,0,0.0567,1.0567,5,0,0,0,1,11,2
TX_002169,USR_0424,219.59,PAYMENT,2026-08-26 11:50:07,MERCH_089,DEV_0422,"Delhi, IN",1403,16,190.37,0,1,1,7,1,0,0.1535,1.1535,7,0,0,0,0,11,2
TX_002170,USR_0057,3851.42,PAYMENT,2026-08-26 12:07:30,MERCH_001,DEV_0487,"Moscow, RU",1299,122,3160.6,6,1,1,12,1,1,0.2186,1.2186,12,0,0,0,0,12,2
TX_002171,USR_0404,5868.29,PURCHASE,2026-08-26 13:01:22,MERCH_151,DEV_0793,"Singapore, SG",252,49,656.53,0,1,1,2,1,1,7.9383,8.9383,2,0,0,0,0,13,2
TX_002172,USR_0350,234.16,PAYMENT,2026-08-26 13:17:23,MERCH_112,DEV_0831,"Mumbai, IN",1458,182,403.48,0,1,1,3,1,0,-0.4196,0.5804,3,0,0,0,0,13,2
TX_002173,USR_0453,197.84,PAYMENT,2026-08-26 13:33:16,MERCH_217,DEV_0268,"Pune, IN",913,112,361.24,0,1,1,7,1,0,-0.4523,0.5477,7,0,0,0,0,13,2
TX_002174,USR_0192,263.96,PURCHASE,2026-08-26 13:33:57,MERCH_084,DEV_0486,"Delhi, IN",1166,89,297.09,0,1,1,2,1,0,-0.1115,0.8885,2,0,0,0,0,13,2
TX_002175,USR_0535,222.86,PURCHASE,2026-08-26 14:12:06,MERCH_052,DEV_0021,"Hyderabad, IN",871,17,254.31,0,1,1,2,0,0,-0.1237,0.8763,2,0,0,0,1,14,2
TX_002176,USR_0547,313.25,PURCHASE,2026-08-26 14:38:25,MERCH_042,DEV_0556,"Delhi, IN",331,33,249.12,0,0,1,2,1,0,0.2574,1.2574,2,1,0,0,0,14,2
TX_002177,USR_0145,3084.25,TRANSFER,2026-08-26 15:40:41,MERCH_051,DEV_0138,"Lagos, NG",1477,191,1584.45,1,0,0,3,1,1,0.9466,1.9466,3,1,1,0,0,15,2
TX_002178,USR_0322,353.65,TRANSFER,2026-08-26 16:22:54,MERCH_113,DEV_0066,"Delhi, IN",175,215,297.31,0,1,0,6,1,0,0.1895,1.1895,6,0,1,0,0,16,2
TX_002179,USR_0555,51.17,PURCHASE,2026-08-26 16:25:27,MERCH_022,DEV_0605,"Delhi, IN",1214,73,91.12,1,1,1,1,1,0,-0.4384,0.5616,1,0,0,0,0,16,2
TX_002180,USR_0497,43.25,PURCHASE,2026-08-26 16:54:03,MERCH_101,DEV_0161,"Delhi, IN",319,207,187.69,1,1,1,3,1,0,-0.7696,0.2304,3,0,0,0,0,16,2
TX_002181,USR_0031,520.73,TRANSFER,2026-08-26 17:58:22,MERCH_214,DEV_0430,"Bengaluru, IN",1179,138,902.38,1,1,1,3,1,0,-0.4229,0.5771,3,0,0,0,0,17,2
TX_002182,USR_0246,147.83,PURCHASE,2026-08-26 17:59:42,MERCH_192,DEV_0091,Unknown Proxy,638,88,372.41,3,1,1,12,1,1,-0.603,0.397,12,0,0,0,0,17,2
TX_002183,USR_0403,240.8,PAYMENT,2026-08-26 18:32:07,MERCH_160,DEV_0672,"Hyderabad, IN",360,113,406.95,0,0,0,2,1,0,-0.4083,0.5917,2,1,1,0,0,18,2
TX_002184,USR_0145,5335.39,TRANSFER,2026-08-26 18:32:53,MERCH_224,DEV_0689,"Lagos, NG",360,172,1082.05,0,0,0,8,0,1,3.9308,4.9308,8,1,1,0,1,18,2
TX_002185,USR_0100,252.45,PURCHASE,2026-08-26 19:53:06,MERCH_196,DEV_0518,"Mumbai, IN",484,227,251.23,0,1,1,1,1,0,0.0049,1.0049,1,0,0,0,0,19,2
TX_002186,USR_0032,2301.64,PURCHASE,2026-08-26 20:04:47,MERCH_164,DEV_0753,"Delhi, IN",1352,123,723.11,0,0,1,2,1,0,2.183,3.183,2,1,0,0,0,20,2
TX_002187,USR_0200,355.08,PAYMENT,2026-08-26 20:35:28,MERCH_216,DEV_0394,"Delhi, IN",1155,87,272.69,0,1,0,2,1,0,0.3021,1.3021,2,0,1,0,0,20,2
TX_002188,USR_0167,2280.43,PAYMENT,2026-08-26 20:39:09,MERCH_032,DEV_0168,"Moscow, RU",1008,190,693.09,0,0,0,2,1,1,2.2902,3.2902,2,1,1,0,0,20,2
TX_002189,USR_0034,508.13,PURCHASE,2026-08-26 20:57:18,MERCH_205,DEV_0137,"Kolkata, IN",947,131,335.59,0,1,0,1,1,0,0.5141,1.5141,1,0,1,0,0,20,2
TX_002190,USR_0551,723.29,PURCHASE,2026-08-26 21:04:54,MERCH_074,DEV_0198,"Hyderabad, IN",629,98,375.44,1,1,1,4,1,0,0.9265,1.9265,4,0,0,0,0,21,2
TX_002191,USR_0130,627.07,PURCHASE,2026-08-26 21:46:42,MERCH_184,DEV_0181,"Chennai, IN",1352,115,832.43,1,1,1,2,1,0,-0.2467,0.7533,2,0,0,0,0,21,2
TX_002192,USR_0012,373.1,PURCHASE,2026-08-26 21:53:42,MERCH_229,DEV_0291,"Chennai, IN",415,134,788.61,0,1,1,5,0,0,-0.5269,0.4731,5,0,0,0,1,21,2
TX_002193,USR_0544,282.41,TRANSFER,2026-08-26 22:02:47,MERCH_125,DEV_0193,"Ahmedabad, IN",1414,35,397.49,0,1,1,4,1,0,-0.2895,0.7105,4,0,0,0,0,22,2
TX_002194,USR_0183,298.21,PURCHASE,2026-08-26 22:18:35,MERCH_023,DEV_0532,"Mumbai, IN",575,15,315.93,1,1,1,3,1,0,-0.0561,0.9439,3,0,0,0,0,22,2
TX_002195,USR_0242,944.17,PURCHASE,2026-08-26 22:23:00,MERCH_093,DEV_0134,"Delhi, IN",516,166,1493.1,0,1,1,1,1,0,-0.3676,0.6324,1,0,0,0,0,22,2
TX_002196,USR_0172,347.41,PURCHASE,2026-08-26 22:27:02,MERCH_102,DEV_0560,"Ahmedabad, IN",717,44,700.12,0,1,0,3,1,0,-0.5038,0.4962,3,0,1,0,0,22,2
TX_002197,USR_0274,418.57,PURCHASE,2026-08-26 22:30:21,MERCH_235,DEV_0301,"Moscow, RU",1124,133,335.59,6,1,1,9,1,1,0.2473,1.2473,9,0,0,0,0,22,2
TX_002198,USR_0340,136.44,PURCHASE,2026-08-26 23:39:49,MERCH_236,DEV_0619,"Lagos, NG",1072,195,275.73,0,0,0,1,1,1,-0.5052,0.4948,1,1,1,0,0,23,2
TX_002199,USR_0240,340.75,PURCHASE,2026-08-26 23:49:04,MERCH_143,DEV_0462,"Mumbai, IN",1151,54,970.61,0,1,1,2,1,0,-0.6489,0.3511,2,0,0,0,0,23,2
TX_002200,USR_0390,225.08,PURCHASE,2026-08-26 23:59:53,MERCH_238,DEV_0815,"Kolkata, IN",140,96,490.68,0,1,1,3,1,0,-0.5413,0.4587,3,0,0,0,0,23,2
TX_002201,USR_0207,325.14,PURCHASE,2026-08-27 00:04:00,MERCH_110,DEV_0396,"Hyderabad, IN",247,244,398.05,1,1,1,2,1,0,-0.1832,0.8168,2,0,0,1,0,0,3
TX_002202,USR_0560,245.03,PURCHASE,2026-08-27 00:22:27,MERCH_103,DEV_0266,"Ahmedabad, IN",1274,9,490.53,0,1,1,2,1,0,-0.5005,0.4995,2,0,0,1,0,0,3
TX_002203,USR_0285,475.49,PAYMENT,2026-08-27 00:25:13,MERCH_210,DEV_0531,"Bengaluru, IN",1471,189,579.75,0,1,1,4,1,0,-0.1798,0.8202,4,0,0,1,0,0,3
TX_002204,USR_0316,606.09,PURCHASE,2026-08-27 00:55:38,MERCH_167,DEV_0593,"Chennai, IN",197,42,431.27,1,1,0,5,1,0,0.4054,1.4054,5,0,1,1,0,0,3
TX_002205,USR_0245,1533.65,PURCHASE,2026-08-27 01:49:22,MERCH_131,DEV_0396,"Hyderabad, IN",1356,226,1109.89,0,1,0,3,1,0,0.3818,1.3818,3,0,1,1,0,1,3
TX_002206,USR_0278,716.38,PURCHASE,2026-08-27 02:08:07,MERCH_115,DEV_0504,"Hyderabad, IN",398,103,1157.19,0,1,1,4,1,0,-0.3809,0.6191,4,0,0,1,0,2,3
TX_002207,USR_0094,273.31,WITHDRAWAL,2026-08-27 02:52:05,MERCH_177,DEV_0424,"Pune, IN",1469,2,670.59,1,1,1,3,1,0,-0.5924,0.4076,3,0,0,1,0,2,3
TX_002208,USR_0578,825.62,PAYMENT,2026-08-27 03:43:27,MERCH_189,DEV_0276,"Kolkata, IN",1490,179,1261.79,1,1,1,4,1,0,-0.3457,0.6543,4,0,0,1,0,3,3
TX_002209,USR_0393,659.71,WITHDRAWAL,2026-08-27 04:01:13,MERCH_123,DEV_0283,"Mumbai, IN",957,37,452.88,0,1,1,2,1,0,0.4567,1.4567,2,0,0,1,0,4,3
TX_002210,USR_0498,1280.46,TRANSFER,2026-08-27 04:11:16,MERCH_008,DEV_0817,"Hyderabad, IN",290,91,755.21,0,1,1,2,1,0,0.6955,1.6955,2,0,0,1,0,4,3
TX_002211,USR_0462,1143.64,WITHDRAWAL,2026-08-27 04:20:41,MERCH_026,DEV_0608,"Hyderabad, IN",1183,126,955.84,0,1,1,5,1,0,0.1965,1.1965,5,0,0,1,0,4,3
TX_002212,USR_0153,2007.13,PURCHASE,2026-08-27 04:20:48,MERCH_037,DEV_0086,"Ahmedabad, IN",158,186,966.35,0,1,0,3,1,0,1.077,2.077,3,0,1,1,0,4,3
TX_002213,USR_0207,2618.15,PAYMENT,2026-08-27 04:21:01,MERCH_116,DEV_0866,"Kolkata, IN",506,105,894.48,0,1,1,3,1,0,1.927,2.927,3,0,0,1,0,4,3
TX_002214,USR_0047,501.97,WITHDRAWAL,2026-08-27 03:40:00,MERCH_154,DEV_0641,"Singapore, SG",960,214,722.44,0,1,1,4,0,1,-0.3052,0.6948,4,0,0,1,1,3,3
TX_002215,USR_0293,4882.23,PURCHASE,2026-08-27 06:11:07,MERCH_201,DEV_0046,"Mumbai, IN",107,120,1952.94,0,1,1,4,1,0,1.4999,2.4999,4,0,0,0,0,6,3
TX_002216,USR_0270,241.08,PURCHASE,2026-08-27 07:04:26,MERCH_059,DEV_0656,"Pune, IN",593,85,300.21,0,1,1,3,1,0,-0.197,0.803,3,0,0,0,0,7,3
TX_002217,USR_0600,739.33,PURCHASE,2026-08-27 07:08:06,MERCH_197,DEV_0531,"Ahmedabad, IN",1197,84,400.55,0,1,1,4,0,0,0.8458,1.8458,4,0,0,0,1,7,3
TX_002218,USR_0016,577.64,PURCHASE,2026-08-27 07:22:38,MERCH_167,DEV_0824,"Pune, IN",144,200,383.13,0,1,1,3,1,0,0.5077,1.5077,3,0,0,0,0,7,3
TX_002219,USR_0070,89.85,WITHDRAWAL,2026-08-27 08:26:29,MERCH_013,DEV_0441,"Kolkata, IN",554,166,341.45,0,1,0,3,1,0,-0.7369,0.2631,3,0,1,0,0,8,3
TX_002220,USR_0154,51.4,PURCHASE,2026-08-27 08:52:21,MERCH_088,DEV_0467,"Kolkata, IN",12,32,101.26,0,1,1,4,1,0,-0.4924,0.5076,4,0,0,0,0,8,3
TX_002221,USR_0494,542.7,TRANSFER,2026-08-27 08:59:07,MERCH_076,DEV_0284,"Mumbai, IN",989,187,1261.93,0,1,1,2,1,0,-0.5699,0.4301,2,0,0,0,0,8,3
TX_002222,USR_0281,62.26,PAYMENT,2026-08-27 09:13:20,MERCH_222,DEV_0290,"Pune, IN",125,104,208.45,1,1,1,4,1,0,-0.7013,0.2987,4,0,0,0,0,9,3
TX_002223,USR_0187,861.06,PURCHASE,2026-08-27 09:42:34,MERCH_231,DEV_0557,"Singapore, SG",426,87,511.12,2,1,1,12,1,1,0.6847,1.6847,12,0,0,0,0,9,3
TX_002224,USR_0071,565.41,PURCHASE,2026-08-27 09:53:24,MERCH_205,DEV_0745,"Bengaluru, IN",787,25,154.91,1,1,1,2,1,0,2.6499,3.6499,2,0,0,0,0,9,3
TX_002225,USR_0027,576.68,TRANSFER,2026-08-27 10:16:17,MERCH_133,DEV_0802,"Ahmedabad, IN",327,249,716.79,0,1,0,4,1,0,-0.1955,0.8045,4,0,1,0,0,10,3
TX_002226,USR_0476,413.82,WITHDRAWAL,2026-08-27 10:27:19,MERCH_124,DEV_0694,"Mumbai, IN",351,14,249.69,0,1,1,6,0,0,0.6573,1.6573,6,0,0,0,1,10,3
TX_002227,USR_0006,479.28,PURCHASE,2026-08-27 10:31:12,MERCH_078,DEV_0549,"Kolkata, IN",1253,249,191.96,0,1,0,1,1,0,1.4968,2.4968,1,0,1,0,0,10,3
TX_002228,USR_0316,567.03,PURCHASE,2026-08-27 10:42:51,MERCH_194,DEV_0451,"Mumbai, IN",1167,17,520.61,0,1,1,5,1,0,0.0892,1.0892,5,0,0,0,0,10,3
TX_002229,USR_0395,248.94,TRANSFER,2026-08-27 10:50:09,MERCH_022,DEV_0306,"Ahmedabad, IN",127,126,266.05,0,1,0,3,1,0,-0.0643,0.9357,3,0,1,0,0,10,3
TX_002230,USR_0016,952.92,WITHDRAWAL,2026-08-27 10:54:33,MERCH_068,DEV_0692,Unknown Proxy,1287,27,292.55,0,0,1,6,0,1,2.2573,3.2573,6,1,0,0,1,10,3
TX_002231,USR_0363,2972.37,WITHDRAWAL,2026-08-27 11:04:42,MERCH_034,DEV_0287,"Moscow, RU",705,123,511.88,0,0,1,7,0,1,4.8068,5.8068,7,1,0,0,1,11,3
TX_002232,USR_0220,1377.18,PURCHASE,2026-08-27 12:09:59,MERCH_124,DEV_0242,"Delhi, IN",223,209,819.95,0,1,1,4,1,0,0.6796,1.6796,4,0,0,0,0,12,3
TX_002233,USR_0444,312.82,PAYMENT,2026-08-27 13:01:12,MERCH_075,DEV_0782,"Chennai, IN",1360,147,243.58,0,0,1,3,1,0,0.2843,1.2843,3,1,0,0,0,13,3
TX_002234,USR_0072,268.72,PURCHASE,2026-08-27 13:23:04,MERCH_050,DEV_0531,"Delhi, IN",510,136,213.97,1,1,1,2,1,0,0.2559,1.2559,2,0,0,0,0,13,3
TX_002235,USR_0578,421.4,PURCHASE,2026-08-27 13:46:09,MERCH_095,DEV_0319,"Mumbai, IN",493,30,458.0,0,1,1,5,1,0,-0.0799,0.9201,5,0,0,0,0,13,3
TX_002236,USR_0536,227.75,TRANSFER,2026-08-27 01:44:00,MERCH_216,DEV_0779,"Lagos, NG",225,236,674.31,0,1,1,5,0,1,-0.6622,0.3378,5,0,0,1,1,1,3
TX_002237,USR_0469,2298.07,PURCHASE,2026-08-27 14:54:09,MERCH_140,DEV_0867,"Mumbai, IN",1330,94,1347.91,0,1,1,2,1,0,0.7049,1.7049,2,0,0,0,0,14,3
TX_002238,USR_0502,83.16,PURCHASE,2026-08-27 14:57:10,MERCH_206,DEV_0287,"Pune, IN",435,134,201.49,0,1,1,2,1,0,-0.5873,0.4127,2,0,0,0,0,14,3
TX_002239,USR_0199,504.4,TRANSFER,2026-08-27 15:05:37,MERCH_229,DEV_0470,"Hyderabad, IN",891,224,354.52,0,1,1,2,1,0,0.4228,1.4228,2,0,0,0,0,15,3
TX_002240,USR_0218,1689.71,TRANSFER,2026-08-27 15:19:27,MERCH_226,DEV_0436,"Kolkata, IN",364,157,1086.9,0,0,1,1,1,0,0.5546,1.5546,1,1,0,0,0,15,3
TX_002241,USR_0565,895.86,PURCHASE,2026-08-27 16:22:09,MERCH_088,DEV_0632,"Pune, IN",1343,184,1976.47,0,1,1,3,1,0,-0.5467,0.4533,3,0,0,0,0,16,3
TX_002242,USR_0237,136.92,PURCHASE,2026-08-27 16:45:01,MERCH_220,DEV_0856,"Bengaluru, IN",1181,46,213.67,0,0,0,6,1,0,-0.3592,0.6408,6,1,1,0,0,16,3
TX_002243,USR_0282,976.61,TRANSFER,2026-08-27 17:10:29,MERCH_228,DEV_0494,"Chennai, IN",758,115,258.56,0,1,1,3,1,0,2.7771,3.7771,3,0,0,0,0,17,3
TX_002244,USR_0504,541.0,TRANSFER,2026-08-27 18:06:25,MERCH_240,DEV_0719,"Pune, IN",522,135,598.89,0,1,0,1,1,0,-0.0967,0.9033,1,0,1,0,0,18,3
TX_002245,USR_0495,125.56,WITHDRAWAL,2026-08-27 18:15:52,MERCH_088,DEV_0537,"Kolkata, IN",985,44,291.76,0,0,0,3,1,0,-0.5696,0.4304,3,1,1,0,0,18,3
TX_002246,USR_0161,407.64,WITHDRAWAL,2026-08-27 18:44:31,MERCH_058,DEV_0799,"Delhi, IN",746,96,254.63,1,1,1,1,1,0,0.6009,1.6009,1,0,0,0,0,18,3
TX_002247,USR_0155,311.18,TRANSFER,2026-08-27 18:56:21,MERCH_147,DEV_0365,"Hyderabad, IN",1411,208,540.56,0,1,1,3,1,0,-0.4243,0.5757,3,0,0,0,0,18,3
TX_002248,USR_0081,392.67,PAYMENT,2026-08-27 20:13:13,MERCH_233,DEV_0347,"Hyderabad, IN",1013,232,1438.44,0,1,1,2,1,0,-0.727,0.273,2,0,0,0,0,20,3
TX_002249,USR_0305,224.74,WITHDRAWAL,2026-08-27 20:52:33,MERCH_226,DEV_0381,"Ahmedabad, IN",47,206,168.53,1,1,0,3,1,0,0.3335,1.3335,3,0,1,0,0,20,3
TX_002250,USR_0451,725.75,PURCHASE,2026-08-27 21:10:28,MERCH_143,DEV_0897,"Hyderabad, IN",1234,233,1384.37,1,1,1,1,1,0,-0.4758,0.5242,1,0,0,0,0,21,3
TX_002251,USR_0554,342.73,PAYMENT,2026-08-27 21:12:26,MERCH_038,DEV_0551,"Mumbai, IN",294,249,292.41,0,1,1,5,1,0,0.1721,1.1721,5,0,0,0,0,21,3
TX_002252,USR_0585,327.13,PAYMENT,2026-08-27 02:09:00,MERCH_106,DEV_0138,"Moscow, RU",456,50,583.24,0,1,1,3,0,1,-0.4391,0.5609,3,0,0,1,1,2,3
TX_002253,USR_0369,2235.17,PURCHASE,2026-08-27 21:36:31,MERCH_179,DEV_0037,"Ahmedabad, IN",658,214,1483.84,0,1,1,3,1,0,0.5063,1.5063,3,0,0,0,0,21,3
TX_002254,USR_0506,615.55,PURCHASE,2026-08-27 22:18:32,MERCH_141,DEV_0467,"Delhi, IN",319,155,574.35,0,1,1,2,1,0,0.0717,1.0717,2,0,0,0,0,22,3
TX_002255,USR_0302,63.63,TRANSFER,2026-08-27 23:48:52,MERCH_087,DEV_0726,"Pune, IN",1413,214,360.01,0,0,1,6,1,0,-0.8233,0.1767,6,1,0,0,0,23,3
TX_002256,USR_0249,940.29,PURCHASE,2026-08-28 00:00:59,MERCH_086,DEV_0432,"Chennai, IN",1467,159,771.15,0,1,0,3,1,0,0.2193,1.2193,3,0,1,1,0,0,4
TX_002257,USR_0166,311.39,TRANSFER,2026-08-28 00:13:36,MERCH_015,DEV_0505,"Hyderabad, IN",239,32,395.19,1,1,1,1,1,0,-0.212,0.788,1,0,0,1,0,0,4
TX_002258,USR_0311,1589.44,PURCHASE,2026-08-28 01:35:04,MERCH_073,DEV_0719,"Delhi, IN",484,141,665.32,0,0,1,3,1,0,1.389,2.389,3,1,0,1,0,1,4
TX_002259,USR_0450,474.67,PURCHASE,2026-08-28 01:58:22,MERCH_168,DEV_0465,"Kolkata, IN",560,190,385.96,0,1,1,2,1,0,0.2298,1.2298,2,0,0,1,0,1,4
TX_002260,USR_0370,1334.91,PURCHASE,2026-08-28 02:11:00,MERCH_061,DEV_0818,"Pune, IN",1008,31,858.44,0,1,1,3,1,0,0.555,1.555,3,0,0,1,0,2,4
TX_002261,USR_0099,94.79,PAYMENT,2026-08-28 02:17:34,MERCH_249,DEV_0575,"Chennai, IN",899,126,158.15,0,1,1,2,1,0,-0.4006,0.5994,2,0,0,1,0,2,4
TX_002262,USR_0453,1918.39,PURCHASE,2026-08-28 02:19:05,MERCH_021,DEV_0659,"Singapore, SG",1019,163,210.42,0,1,1,4,1,1,8.117,9.117,4,0,0,1,0,2,4
TX_002263,USR_0307,146.33,TRANSFER,2026-08-28 03:02:28,MERCH_148,DEV_0704,"Bengaluru, IN",53,116,156.42,0,1,0,2,1,0,-0.0645,0.9355,2,0,1,1,0,3,4
TX_002264,USR_0106,324.58,PURCHASE,2026-08-28 03:48:39,MERCH_125,DEV_0565,"Chennai, IN",774,199,431.35,0,1,1,3,1,0,-0.2475,0.7525,3,0,0,1,0,3,4
TX_002265,USR_0488,802.31,PURCHASE,2026-08-28 05:29:54,MERCH_209,DEV_0046,"Moscow, RU",321,32,142.89,0,0,1,2,1,1,4.6149,5.6149,2,1,0,1,0,5,4
TX_002266,USR_0063,230.61,PURCHASE,2026-08-28 05:39:39,MERCH_222,DEV_0385,"Hyderabad, IN",348,86,267.84,0,1,0,3,1,0,-0.139,0.861,3,0,1,1,0,5,4
TX_002267,USR_0421,84.14,PURCHASE,2026-08-28 06:05:42,MERCH_136,DEV_0128,"Ahmedabad, IN",1163,237,196.1,0,1,1,6,1,0,-0.5709,0.4291,6,0,0,0,0,6,4
TX_002268,USR_0459,758.3,TRANSFER,2026-08-28 07:10:45,MERCH_158,DEV_0460,"Kolkata, IN",218,129,1365.13,0,1,1,3,1,0,-0.4445,0.5555,3,0,0,0,0,7,4
TX_002269,USR_0275,381.28,TRANSFER,2026-08-28 07:29:07,MERCH_175,DEV_0129,"Ahmedabad, IN",53,46,214.06,1,1,1,4,1,0,0.7812,1.7812,4,0,0,0,0,7,4
TX_002270,USR_0125,146.3,PURCHASE,2026-08-28 07:48:48,MERCH_131,DEV_0459,"Moscow, RU",734,29,171.46,2,1,1,14,1,1,-0.1467,0.8533,14,0,0,0,0,7,4
TX_002271,USR_0548,446.77,PURCHASE,2026-08-28 07:56:02,MERCH_047,DEV_0310,"Chennai, IN",1105,148,542.13,0,1,1,5,1,0,-0.1759,0.8241,5,0,0,0,0,7,4
TX_002272,USR_0046,3021.44,TRANSFER,2026-08-28 09:16:33,MERCH_108,DEV_0019,"Hyderabad, IN",769,232,1594.58,0,1,1,1,1,0,0.8948,1.8948,1,0,0,0,0,9,4
TX_002273,USR_0073,216.5,TRANSFER,2026-08-28 09:25:06,MERCH_061,DEV_0113,"Bengaluru, IN",247,13,412.48,1,1,1,2,1,0,-0.4751,0.5249,2,0,0,0,0,9,4
TX_002274,USR_0393,97.26,PURCHASE,2026-08-28 09:26:53,MERCH_117,DEV_0453,"Hyderabad, IN",1161,28,437.12,1,0,1,3,1,0,-0.7775,0.2225,3,1,0,0,0,9,4
TX_002275,USR_0042,647.39,WITHDRAWAL,2026-08-28 09:31:07,MERCH_154,DEV_0071,"Mumbai, IN",576,94,1184.78,0,1,1,3,1,0,-0.4536,0.5464,3,0,0,0,0,9,4
TX_002276,USR_0019,968.04,PURCHASE,2026-08-28 03:09:00,MERCH_053,DEV_0771,"Moscow, RU",1066,52,869.5,0,1,1,2,0,1,0.1133,1.1133,2,0,0,1,1,3,4
TX_002277,USR_0581,500.76,PURCHASE,2026-08-28 12:13:19,MERCH_063,DEV_0683,"Bengaluru, IN",308,31,619.13,0,1,1,2,1,0,-0.1912,0.8088,2,0,0,0,0,12,4
TX_002278,USR_0420,100.31,TRANSFER,2026-08-28 12:33:05,MERCH_206,DEV_0639,"Kolkata, IN",1368,75,290.76,0,1,1,3,1,0,-0.655,0.345,3,0,0,0,0,12,4
TX_002279,USR_0039,1166.37,TRANSFER,2026-08-28 13:17:58,MERCH_095,DEV_0155,"Chennai, IN",430,161,633.47,0,0,1,5,1,0,0.8412,1.8412,5,1,0,0,0,13,4
TX_002280,USR_0077,1248.33,WITHDRAWAL,2026-08-28 13:43:40,MERCH_050,DEV_0717,"Moscow, RU",1456,206,162.17,1,1,1,4,1,1,6.6977,7.6977,4,0,0,0,0,13,4
TX_002281,USR_0034,345.27,PURCHASE,2026-08-28 14:08:17,MERCH_179,DEV_0572,"Delhi, IN",570,77,281.88,0,1,1,2,1,0,0.2249,1.2249,2,0,0,0,0,14,4
TX_002282,USR_0070,1645.16,PURCHASE,2026-08-28 15:02:15,MERCH_180,DEV_0352,"Chennai, IN",1093,175,1316.65,0,1,1,2,1,0,0.2495,1.2495,2,0,0,0,0,15,4
TX_002283,USR_0562,488.68,TRANSFER,2026-08-28 15:08:35,MERCH_207,DEV_0001,"Delhi, IN",756,205,1194.81,0,1,1,1,1,0,-0.591,0.409,1,0,0,0,0,15,4
TX_002284,USR_0489,723.6,PURCHASE,2026-08-28 15:45:14,MERCH_190,DEV_0477,"Kolkata, IN",121,2,624.76,0,1,1,1,1,0,0.1582,1.1582,1,0,0,0,0,15,4
TX_002285,USR_0473,181.65,PURCHASE,2026-08-28 16:17:24,MERCH_248,DEV_0717,"Kolkata, IN",153,213,105.87,0,1,1,3,1,0,0.7158,1.7158,3,0,0,0,0,16,4
TX_002286,USR_0431,362.95,TRANSFER,2026-08-28 16:21:19,MERCH_144,DEV_0031,"Bengaluru, IN",611,46,181.83,0,1,1,4,1,0,0.9961,1.9961,4,0,0,0,0,16,4
TX_002287,USR_0436,410.95,PURCHASE,2026-08-28 17:18:43,MERCH_072,DEV_0048,"Ahmedabad, IN",295,171,270.33,0,1,1,3,1,0,0.5202,1.5202,3,0,0,0,0,17,4
TX_002288,USR_0189,2795.42,TRANSFER,2026-08-28 17:47:15,MERCH_216,DEV_0345,"Singapore, SG",915,187,395.63,1,0,1,9,0,1,6.0657,7.0657,9,1,0,0,1,17,4
TX_002289,USR_0062,54.17,PURCHASE,2026-08-28 18:04:28,MERCH_067,DEV_0461,"Bengaluru, IN",212,211,176.17,1,1,1,2,1,0,-0.6925,0.3075,2,0,0,0,0,18,4
TX_002290,USR_0267,352.42,PAYMENT,2026-08-28 18:09:35,MERCH_073,DEV_0427,"Kolkata, IN",888,101,374.1,0,1,1,3,1,0,-0.058,0.942,3,0,0,0,0,18,4
TX_002291,USR_0206,7613.97,PURCHASE,2026-08-28 18:23:24,MERCH_208,DEV_0384,"Moscow, RU",312,165,1693.78,0,1,1,3,1,1,3.4953,4.4953,3,0,0,0,0,18,4
TX_002292,USR_0068,1330.47,PURCHASE,2026-08-28 18:38:00,MERCH_221,DEV_0230,"Bengaluru, IN",277,7,607.82,0,1,0,1,1,0,1.1889,2.1889,1,0,1,0,0,18,4
TX_002293,USR_0197,1051.65,PURCHASE,2026-08-28 18:38:03,MERCH_085,DEV_0054,"Chennai, IN",555,112,530.26,0,1,1,3,1,0,0.9833,1.9833,3,0,0,0,0,18,4
TX_002294,USR_0261,107.58,PURCHASE,2026-08-28 18:38:44,MERCH_183,DEV_0029,"Delhi, IN",877,241,209.78,0,1,1,5,1,0,-0.4872,0.5128,5,0,0,0,0,18,4
TX_002295,USR_0350,121.52,PURCHASE,2026-08-28 19:17:01,MERCH_231,DEV_0089,"Bengaluru, IN",603,40,131.63,0,1,1,2,1,0,-0.0768,0.9232,2,0,0,0,0,19,4
TX_002296,USR_0315,200.27,TRANSFER,2026-08-28 19:17:30,MERCH_200,DEV_0622,"Pune, IN",529,38,179.13,0,1,1,4,1,0,0.118,1.118,4,0,0,0,0,19,4
TX_002297,USR_0432,218.15,PURCHASE,2026-08-28 19:28:29,MERCH_002,DEV_0708,"Delhi, IN",514,175,127.7,1,1,1,3,1,0,0.7083,1.7083,3,0,0,0,0,19,4
TX_002298,USR_0059,152.38,PURCHASE,2026-08-28 19:48:41,MERCH_167,DEV_0392,"Chennai, IN",513,128,476.05,0,1,1,2,1,0,-0.6799,0.3201,2,0,0,0,0,19,4
TX_002299,USR_0313,135.76,PURCHASE,2026-08-28 20:24:30,MERCH_043,DEV_0070,"Hyderabad, IN",609,114,600.14,0,1,1,3,1,0,-0.7738,0.2262,3,0,0,0,0,20,4
TX_002300,USR_0570,1217.81,TRANSFER,2026-08-28 22:10:55,MERCH_212,DEV_0375,"Lagos, NG",1252,62,218.17,0,0,1,5,0,1,4.5819,5.5819,5,1,0,0,1,22,4
TX_002301,USR_0536,4924.18,PURCHASE,2026-08-28 22:12:06,MERCH_017,DEV_0888,Unknown Proxy,869,43,502.8,0,1,1,1,1,1,8.7935,9.7935,1,0,0,0,0,22,4
TX_002302,USR_0432,1428.05,TRANSFER,2026-08-28 22:18:39,MERCH_249,DEV_0225,"Mumbai, IN",636,184,1354.24,1,1,1,3,1,0,0.0545,1.0545,3,0,0,0,0,22,4
TX_002303,USR_0454,2731.09,TRANSFER,2026-08-28 23:02:17,MERCH_045,DEV_0443,"Kolkata, IN",1126,90,1953.78,0,1,1,3,1,0,0.3978,1.3978,3,0,0,0,0,23,4
TX_002304,USR_0383,1703.62,TRANSFER,2026-08-28 23:14:52,MERCH_106,DEV_0485,"Ahmedabad, IN",794,194,801.96,1,0,1,3,1,0,1.1243,2.1243,3,1,0,0,0,23,4
TX_002305,USR_0209,250.5,PURCHASE,2026-08-28 23:25:06,MERCH_059,DEV_0297,"Mumbai, IN",1423,111,394.7,1,1,1,3,1,0,-0.3653,0.6347,3,0,0,0,0,23,4
TX_002306,USR_0392,826.83,PAYMENT,2026-08-28 23:36:47,MERCH_204,DEV_0395,"Pune, IN",847,99,782.76,2,1,1,1,1,0,0.0563,1.0563,1,0,0,0,0,23,4
TX_002307,USR_0555,1801.89,TRANSFER,2026-08-28 23:53:16,MERCH_099,DEV_0425,"Pune, IN",329,58,1240.3,0,1,0,6,1,0,0.4528,1.4528,6,0,1,0,0,23,4
TX_002308,USR_0557,44.24,PURCHASE,2026-08-28 23:58:32,MERCH_187,DEV_0427,"Kolkata, IN",847,164,99.87,0,1,1,2,1,0,-0.557,0.443,2,0,0,0,0,23,4
TX_002309,USR_0058,2358.48,PURCHASE,2026-08-29 01:41:31,MERCH_017,DEV_0646,"Hyderabad, IN",1161,71,1367.58,1,1,1,2,1,0,0.7246,1.7246,2,0,0,1,0,1,5
TX_002310,USR_0025,340.06,WITHDRAWAL,2026-08-29 02:29:09,MERCH_114,DEV_0523,"Mumbai, IN",325,227,299.11,0,1,1,3,1,0,0.1369,1.1369,3,0,0,1,0,2,5
TX_002311,USR_0005,193.35,PURCHASE,2026-08-29 02:44:45,MERCH_228,DEV_0049,"Singapore, SG",308,102,301.28,5,1,1,15,1,1,-0.3582,0.6418,15,0,0,1,0,2,5
TX_002312,USR_0090,359.58,PURCHASE,2026-08-29 03:02:02,MERCH_232,DEV_0006,"Mumbai, IN",901,203,344.83,0,1,1,6,1,0,0.0428,1.0428,6,0,0,1,0,3,5
TX_002313,USR_0578,497.08,TRANSFER,2026-08-29 03:04:44,MERCH_053,DEV_0370,"Pune, IN",1327,118,572.1,0,1,1,1,1,0,-0.1311,0.8689,1,0,0,1,0,3,5
TX_002314,USR_0056,308.85,PURCHASE,2026-08-29 03:07:03,MERCH_099,DEV_0817,"Ahmedabad, IN",506,104,195.55,0,1,1,5,1,0,0.5794,1.5794,5,0,0,1,0,3,5
TX_002315,USR_0032,273.51,PAYMENT,2026-08-29 04:09:20,MERCH_103,DEV_0034,"Kolkata, IN",763,113,363.45,0,1,0,3,1,0,-0.2475,0.7525,3,0,1,1,0,4,5
TX_002316,USR_0371,735.7,PURCHASE,2026-08-29 04:28:38,MERCH_142,DEV_0064,"Delhi, IN",984,110,667.28,0,0,1,4,1,0,0.1025,1.1025,4,1,0,1,0,4,5
TX_002317,USR_0207,336.83,PURCHASE,2026-08-29 04:32:51,MERCH_135,DEV_0612,"Bengaluru, IN",997,120,530.16,0,1,0,4,1,0,-0.3647,0.6353,4,0,1,1,0,4,5
TX_002318,USR_0313,309.59,PURCHASE,2026-08-29 04:45:57,MERCH_027,DEV_0406,"Mumbai, IN",224,221,598.76,0,1,1,2,1,0,-0.4829,0.5171,2,0,0,1,0,4,5
TX_002319,USR_0037,375.32,PURCHASE,2026-08-29 04:51:02,MERCH_191,DEV_0208,"Chennai, IN",597,176,352.93,1,1,1,3,1,0,0.0634,1.0634,3,0,0,1,0,4,5
TX_002320,USR_0311,402.07,PAYMENT,2026-08-29 06:22:51,MERCH_057,DEV_0187,"Pune, IN",1491,9,757.13,0,1,1,2,1,0,-0.469,0.531,2,0,0,0,0,6,5
TX_002321,USR_0152,1590.71,WITHDRAWAL,2026-08-29 07:07:51,MERCH_079,DEV_0599,"Ahmedabad, IN",1333,15,993.82,1,1,1,1,1,0,0.6006,1.6006,1,0,0,0,0,7,5
TX_002322,USR_0063,1328.13,PAYMENT,2026-08-29 07:14:16,MERCH_211,DEV_0472,"Kolkata, IN",1159,6,950.11,0,1,1,2,1,0,0.3979,1.3979,2,0,0,0,0,7,5
TX_002323,USR_0451,358.75,PURCHASE,2026-08-29 08:12:10,MERCH_173,DEV_0575,"Bengaluru, IN",43,173,620.15,0,1,1,3,1,0,-0.4215,0.5785,3,0,0,0,0,8,5
TX_002324,USR_0319,994.63,PURCHASE,2026-08-29 09:04:56,MERCH_100,DEV_0253,"Hyderabad, IN",629,52,909.97,0,1,1,3,1,0,0.093,1.093,3,0,0,0,0,9,5
TX_002325,USR_0599,498.82,PURCHASE,2026-08-29 09:18:54,MERCH_229,DEV_0474,"Hyderabad, IN",83,96,864.84,0,1,0,2,1,0,-0.4232,0.5768,2,0,1,0,0,9,5
TX_002326,USR_0097,1123.07,PURCHASE,2026-08-29 09:43:11,MERCH_099,DEV_0775,"Bengaluru, IN",456,207,3349.71,0,0,1,5,1,0,-0.6647,0.3353,5,1,0,0,0,9,5
TX_002327,USR_0210,723.86,PAYMENT,2026-08-29 09:51:14,MERCH_142,DEV_0285,"Mumbai, IN",1298,33,1121.92,1,1,1,2,0,0,-0.3548,0.6452,2,0,0,0,1,9,5
TX_002328,USR_0475,387.6,PURCHASE,2026-08-29 10:37:00,MERCH_062,DEV_0357,"Hyderabad, IN",585,39,421.02,0,0,1,6,1,0,-0.0794,0.9206,6,1,0,0,0,10,5
TX_002329,USR_0427,303.2,PURCHASE,2026-08-29 01:16:00,MERCH_046,DEV_0148,"Moscow, RU",258,20,227.12,0,1,1,2,0,1,0.335,1.335,2,0,0,1,1,1,5
TX_002330,USR_0320,387.83,PURCHASE,2026-08-29 11:06:42,MERCH_123,DEV_0575,"Mumbai, IN",1083,72,369.96,0,1,1,3,1,0,0.0483,1.0483,3,0,0,0,0,11,5
TX_002331,USR_0527,602.09,WITHDRAWAL,2026-08-29 11:31:21,MERCH_141,DEV_0030,"Bengaluru, IN",1140,23,350.87,0,1,1,2,1,0,0.716,1.716,2,0,0,0,0,11,5
TX_002332,USR_0471,331.97,PURCHASE,2026-08-29 11:53:17,MERCH_202,DEV_0224,"Chennai, IN",985,157,660.38,1,1,0,2,1,0,-0.4973,0.5027,2,0,1,0,0,11,5
TX_002333,USR_0040,198.19,TRANSFER,2026-08-29 12:19:04,MERCH_098,DEV_0642,"Hyderabad, IN",1214,184,266.15,0,1,1,6,1,0,-0.2553,0.7447,6,0,0,0,0,12,5
TX_002334,USR_0300,3047.94,TRANSFER,2026-08-29 12:23:07,MERCH_224,DEV_0018,"Kolkata, IN",1055,46,1100.35,0,1,1,2,1,0,1.77,2.77,2,0,0,0,0,12,5
TX_002335,USR_0020,43.03,WITHDRAWAL,2026-08-29 12:45:52,MERCH_152,DEV_0891,"Ahmedabad, IN",954,131,158.71,0,1,1,2,1,0,-0.7289,0.2711,2,0,0,0,0,12,5
TX_002336,USR_0037,93.79,PURCHASE,2026-08-29 12:56:19,MERCH_018,DEV_0364,"Ahmedabad, IN",1334,76,132.27,0,1,1,3,1,0,-0.2909,0.7091,3,0,0,0,0,12,5
TX_002337,USR_0514,192.76,PURCHASE,2026-08-29 13:55:43,MERCH_185,DEV_0359,"Delhi, IN",490,20,406.63,0,0,1,4,1,0,-0.526,0.474,4,1,0,0,0,13,5
TX_002338,USR_0529,200.4,PURCHASE,2026-08-29 14:29:56,MERCH_144,DEV_0483,"Pune, IN",688,117,239.21,0,1,1,5,1,0,-0.1622,0.8378,5,0,0,0,0,14,5
TX_002339,USR_0268,125.61,PAYMENT,2026-08-29 14:30:12,MERCH_098,DEV_0576,"Bengaluru, IN",847,174,175.14,0,1,1,2,1,0,-0.2828,0.7172,2,0,0,0,0,14,5
TX_002340,USR_0268,392.63,PAYMENT,2026-08-29 14:47:47,MERCH_117,DEV_0414,"Hyderabad, IN",1006,57,279.07,0,1,0,4,1,0,0.4069,1.4069,4,0,1,0,0,14,5
TX_002341,USR_0305,285.49,TRANSFER,2026-08-29 15:18:11,MERCH_076,DEV_0796,"Chennai, IN",718,197,254.2,0,1,0,1,1,0,0.1231,1.1231,1,0,1,0,0,15,5
TX_002342,USR_0220,184.6,PURCHASE,2026-08-29 17:36:41,MERCH_154,DEV_0866,"Pune, IN",666,248,453.43,0,1,1,4,1,0,-0.5929,0.4071,4,0,0,0,0,17,5
TX_002343,USR_0578,183.38,PURCHASE,2026-08-29 17:51:31,MERCH_142,DEV_0181,"Hyderabad, IN",253,15,282.56,0,1,1,2,1,0,-0.351,0.649,2,0,0,0,0,17,5
TX_002344,USR_0049,285.66,TRANSFER,2026-08-29 18:14:45,MERCH_112,DEV_0637,"Ahmedabad, IN",959,41,300.33,0,1,1,2,1,0,-0.0488,0.9512,2,0,0,0,0,18,5
TX_002345,USR_0313,689.66,PURCHASE,2026-08-29 18:42:21,MERCH_072,DEV_0271,"Delhi, IN",191,73,448.36,0,1,1,2,1,0,0.5382,1.5382,2,0,0,0,0,18,5
TX_002346,USR_0267,4453.08,TRANSFER,2026-08-29 00:33:00,MERCH_100,DEV_0897,"Lagos, NG",715,212,962.88,0,1,1,3,0,1,3.6248,4.6248,3,0,0,1,1,0,5
TX_002347,USR_0122,2036.78,WITHDRAWAL,2026-08-29 19:01:50,MERCH_125,DEV_0228,"Hyderabad, IN",617,36,1356.02,0,1,1,3,1,0,0.502,1.502,3,0,0,0,0,19,5
TX_002348,USR_0132,247.63,PURCHASE,2026-08-29 19:16:38,MERCH_118,DEV_0266,"Ahmedabad, IN",1166,118,502.74,0,0,1,1,1,0,-0.5074,0.4926,1,1,0,0,0,19,5
TX_002349,USR_0225,476.95,PURCHASE,2026-08-29 19:52:33,MERCH_078,DEV_0643,"Chennai, IN",718,134,532.94,1,1,1,2,1,0,-0.1051,0.8949,2,0,0,0,0,19,5
TX_002350,USR_0464,419.68,PURCHASE,2026-08-29 21:34:53,MERCH_146,DEV_0711,"Delhi, IN",14,33,392.23,0,1,1,1,1,0,0.07,1.07,1,0,0,0,0,21,5
TX_002351,USR_0196,438.16,PURCHASE,2026-08-29 22:16:28,MERCH_057,DEV_0116,"Chennai, IN",762,11,645.6,0,1,1,1,1,0,-0.3213,0.6787,1,0,0,0,0,22,5
TX_002352,USR_0124,778.67,TRANSFER,2026-08-29 22:48:38,MERCH_126,DEV_0501,Unknown Proxy,329,30,603.0,3,0,1,13,1,1,0.2913,1.2913,13,1,0,0,0,22,5
TX_002353,USR_0434,264.34,PURCHASE,2026-08-29 23:41:14,MERCH_031,DEV_0312,"Hyderabad, IN",574,14,1216.38,0,1,1,5,1,0,-0.7827,0.2173,5,0,0,0,0,23,5
TX_002354,USR_0304,148.75,PURCHASE,2026-08-30 00:03:01,MERCH_119,DEV_0551,"Hyderabad, IN",449,125,109.15,0,1,1,3,1,0,0.3628,1.3628,3,0,0,1,0,0,6
TX_002355,USR_0057,263.42,PURCHASE,2026-08-30 00:16:50,MERCH_196,DEV_0502,"Chennai, IN",255,234,377.43,0,0,1,3,1,0,-0.3021,0.6979,3,1,0,1,0,0,6
TX_002356,USR_0229,514.05,PURCHASE,2026-08-30 02:58:16,MERCH_205,DEV_0888,"Kolkata, IN",1418,89,580.35,1,1,1,1,1,0,-0.1142,0.8858,1,0,0,1,0,2,6
TX_002357,USR_0134,1088.18,TRANSFER,2026-08-30 03:05:48,MERCH_174,DEV_0841,Unknown Proxy,385,64,441.22,0,0,0,5,1,1,1.4663,2.4663,5,1,1,1,0,3,6
TX_002358,USR_0286,93.21,TRANSFER,2026-08-30 03:24:33,MERCH_187,DEV_0589,"Hyderabad, IN",764,59,222.49,0,1,1,2,1,0,-0.5811,0.4189,2,0,0,1,0,3,6
TX_002359,USR_0087,192.87,PURCHASE,2026-08-30 03:26:56,MERCH_017,DEV_0612,"Lagos, NG",1243,245,169.82,1,0,0,4,1,1,0.1357,1.1357,4,1,1,1,0,3,6
TX_002360,USR_0305,1312.96,PURCHASE,2026-08-30 03:50:06,MERCH_086,DEV_0809,"Kolkata, IN",550,239,823.85,1,1,1,3,1,0,0.5937,1.5937,3,0,0,1,0,3,6
TX_002361,USR_0092,271.04,PURCHASE,2026-08-30 03:51:00,MERCH_164,DEV_0166,"Ahmedabad, IN",1406,162,255.07,0,1,1,2,1,0,0.0626,1.0626,2,0,0,1,0,3,6
TX_002362,USR_0130,40.2,PURCHASE,2026-08-30 04:26:24,MERCH_201,DEV_0654,"Mumbai, IN",610,116,120.67,0,1,0,3,0,0,-0.6669,0.3331,3,0,1,1,1,4,6
TX_002363,USR_0149,1957.52,PURCHASE,2026-08-30 04:26:44,MERCH_146,DEV_0695,"Ahmedabad, IN",1420,40,855.49,0,0,1,4,1,0,1.2882,2.2882,4,1,0,1,0,4,6
TX_002364,USR_0351,526.42,PAYMENT,2026-08-30 04:55:59,MERCH_214,DEV_0115,"Kolkata, IN",681,232,634.91,1,1,1,6,1,0,-0.1709,0.8291,6,0,0,1,0,4,6
TX_002365,USR_0331,278.5,PURCHASE,2026-08-30 05:40:38,MERCH_069,DEV_0794,"Bengaluru, IN",28,1,412.54,0,1,1,3,0,0,-0.3249,0.6751,3,0,0,1,1,5,6
TX_002366,USR_0251,176.18,PURCHASE,2026-08-30 07:34:04,MERCH_039,DEV_0630,"Kolkata, IN",1302,41,226.63,0,0,1,2,1,0,-0.2226,0.7774,2,1,0,0,0,7,6
TX_002367,USR_0095,306.67,PURCHASE,2026-08-30 08:03:54,MERCH_022,DEV_0313,"Chennai, IN",1297,169,413.3,1,1,1,4,1,0,-0.258,0.742,4,0,0,0,0,8,6
TX_002368,USR_0540,491.43,WITHDRAWAL,2026-08-30 08:27:16,MERCH_146,DEV_0436,"Kolkata, IN",1443,46,1119.84,0,1,0,2,1,0,-0.5612,0.4388,2,0,1,0,0,8,6
TX_002369,USR_0100,141.94,PURCHASE,2026-08-30 08:40:40,MERCH_167,DEV_0441,"Kolkata, IN",192,27,134.05,0,0,1,3,1,0,0.0589,1.0589,3,1,0,0,0,8,6
TX_002370,USR_0268,89.84,PAYMENT,2026-08-30 08:49:35,MERCH_072,DEV_0827,"Bengaluru, IN",1267,149,139.25,0,1,1,2,1,0,-0.3548,0.6452,2,0,0,0,0,8,6
TX_002371,USR_0013,413.44,PURCHASE,2026-08-30 01:41:00,MERCH_196,DEV_0873,"Singapore, SG",516,7,281.02,1,1,1,5,0,1,0.4712,1.4712,5,0,0,1,1,1,6
TX_002372,USR_0120,587.4,WITHDRAWAL,2026-08-30 09:06:48,MERCH_185,DEV_0727,"Delhi, IN",1263,68,441.1,0,0,0,4,1,0,0.3317,1.3317,4,1,1,0,0,9,6
TX_002373,USR_0206,848.7,TRANSFER,2026-08-30 09:33:07,MERCH_091,DEV_0587,"Kolkata, IN",1445,161,310.14,1,1,1,3,1,0,1.7365,2.7365,3,0,0,0,0,9,6
TX_002374,USR_0290,604.13,PURCHASE,2026-08-30 09:39:58,MERCH_060,DEV_0094,"Bengaluru, IN",304,47,728.77,0,1,0,3,1,0,-0.171,0.829,3,0,1,0,0,9,6
TX_002375,USR_0104,574.65,PURCHASE,2026-08-30 10:00:07,MERCH_186,DEV_0824,"Mumbai, IN",561,190,1018.28,1,1,1,1,1,0,-0.4357,0.5643,1,0,0,0,0,10,6
TX_002376,USR_0247,202.96,PURCHASE,2026-08-30 10:24:34,MERCH_168,DEV_0121,"Bengaluru, IN",408,24,554.64,1,1,1,2,1,0,-0.6341,0.3659,2,0,0,0,0,10,6
TX_002377,USR_0517,2711.45,WITHDRAWAL,2026-08-30 10:35:40,MERCH_043,DEV_0151,"Ahmedabad, IN",461,153,685.1,0,1,1,3,1,0,2.9577,3.9577,3,0,0,0,0,10,6
TX_002378,USR_0536,807.3,PAYMENT,2026-08-30 11:34:18,MERCH_064,DEV_0063,"Mumbai, IN",896,19,551.88,0,1,1,3,1,0,0.4628,1.4628,3,0,0,0,0,11,6
TX_002379,USR_0191,274.87,PURCHASE,2026-08-30 12:16:31,MERCH_122,DEV_0853,"Bengaluru, IN",622,183,453.22,0,1,1,3,1,0,-0.3935,0.6065,3,0,0,0,0,12,6
TX_002380,USR_0550,487.67,PURCHASE,2026-08-30 12:36:40,MERCH_128,DEV_0444,"Lagos, NG",986,188,170.56,0,0,0,4,1,1,1.8592,2.8592,4,1,1,0,0,12,6
TX_002381,USR_0446,478.07,PURCHASE,2026-08-30 12:52:07,MERCH_042,DEV_0213,"Pune, IN",1013,198,208.15,0,1,1,2,1,0,1.2968,2.2968,2,0,0,0,0,12,6
TX_002382,USR_0443,64.57,PURCHASE,2026-08-30 13:02:42,MERCH_238,DEV_0073,"Pune, IN",309,71,163.38,0,1,1,3,1,0,-0.6048,0.3952,3,0,0,0,0,13,6
TX_002383,USR_0372,234.65,TRANSFER,2026-08-30 15:05:59,MERCH_098,DEV_0371,"Ahmedabad, IN",72,59,402.57,0,1,1,1,1,0,-0.4171,0.5829,1,0,0,0,0,15,6
TX_002384,USR_0509,467.52,PURCHASE,2026-08-30 15:08:18,MERCH_096,DEV_0652,"Ahmedabad, IN",1121,244,535.64,0,1,1,2,1,0,-0.1272,0.8728,2,0,0,0,0,15,6
TX_002385,USR_0003,72.01,PURCHASE,2026-08-30 15:26:43,MERCH_016,DEV_0896,"Mumbai, IN",278,182,151.76,0,1,1,2,1,0,-0.5255,0.4745,2,0,0,0,0,15,6
TX_002386,USR_0134,424.5,PAYMENT,2026-08-30 17:54:33,MERCH_219,DEV_0498,"Ahmedabad, IN",305,46,475.18,0,1,1,2,1,0,-0.1067,0.8933,2,0,0,0,0,17,6
TX_002387,USR_0098,352.7,TRANSFER,2026-08-30 17:57:34,MERCH_059,DEV_0547,"Chennai, IN",904,8,233.42,0,1,1,3,1,0,0.511,1.511,3,0,0,0,0,17,6
TX_002388,USR_0098,78.63,WITHDRAWAL,2026-08-30 18:07:28,MERCH_247,DEV_0753,"Ahmedabad, IN",399,89,201.81,0,1,0,3,1,0,-0.6104,0.3896,3,0,1,0,0,18,6
TX_002389,USR_0208,323.98,PURCHASE,2026-08-30 21:04:42,MERCH_125,DEV_0812,"Pune, IN",290,166,281.53,0,1,1,3,1,0,0.1508,1.1508,3,0,0,0,0,21,6
TX_002390,USR_0146,394.81,PAYMENT,2026-08-30 22:00:04,MERCH_219,DEV_0252,"Hyderabad, IN",465,94,194.2,0,1,1,4,1,0,1.033,2.033,4,0,0,0,0,22,6
TX_002391,USR_0577,875.14,TRANSFER,2026-08-30 23:16:59,MERCH_045,DEV_0893,"Ahmedabad, IN",787,202,709.27,0,1,0,4,1,0,0.2339,1.2339,4,0,1,0,0,23,6
TX_002392,USR_0045,359.28,PURCHASE,2026-08-30 23:18:54,MERCH_042,DEV_0468,"Chennai, IN",1270,125,396.73,0,0,0,3,1,0,-0.0944,0.9056,3,1,1,0,0,23,6
TX_002393,USR_0187,511.01,PURCHASE,2026-08-30 23:38:49,MERCH_201,DEV_0838,"Delhi, IN",1483,247,829.36,1,1,0,2,1,0,-0.3839,0.6161,2,0,1,0,0,23,6
TX_002394,USR_0402,526.72,PAYMENT,2026-08-31 00:06:55,MERCH_205,DEV_0106,"Mumbai, IN",1100,217,322.67,1,1,1,2,1,0,0.6324,1.6324,2,0,0,1,0,0,0
TX_002395,USR_0235,146.93,PURCHASE,2026-08-31 00:17:03,MERCH_136,DEV_0088,"Chennai, IN",1349,118,331.95,0,1,1,5,1,0,-0.5574,0.4426,5,0,0,1,0,0,0
TX_002396,USR_0467,2042.84,WITHDRAWAL,2026-08-31 03:45:00,MERCH_009,DEV_0797,"Lagos, NG",799,208,1834.05,0,1,0,5,0,1,0.1138,1.1138,5,0,1,1,1,3,0
TX_002397,USR_0273,128.83,TRANSFER,2026-08-31 00:53:24,MERCH_236,DEV_0606,"Bengaluru, IN",616,112,133.21,0,0,1,5,1,0,-0.0329,0.9671,5,1,0,1,0,0,0
TX_002398,USR_0568,2331.47,WITHDRAWAL,2026-08-31 01:02:51,MERCH_099,DEV_0158,"Bengaluru, IN",1230,3,1179.22,0,1,1,3,1,0,0.9771,1.9771,3,0,0,1,0,1,0
TX_002399,USR_0370,1013.69,TRANSFER,2026-08-31 02:20:42,MERCH_234,DEV_0806,"Hyderabad, IN",458,77,1556.42,0,0,0,1,1,0,-0.3487,0.6513,1,1,1,1,0,2,0
TX_002400,USR_0166,550.09,PAYMENT,2026-08-31 02:41:48,MERCH_218,DEV_0093,"Bengaluru, IN",1220,102,799.2,0,1,0,7,1,0,-0.3117,0.6883,7,0,1,1,0,2,0
TX_002401,USR_0336,149.03,PURCHASE,2026-08-31 02:53:09,MERCH_213,DEV_0615,"Hyderabad, IN",1497,244,351.21,0,1,1,1,1,0,-0.5757,0.4243,1,0,0,1,0,2,0
TX_002402,USR_0529,15924.95,PURCHASE,2026-08-31 03:02:21,MERCH_173,DEV_0185,Unknown Proxy,589,207,1312.15,0,1,1,1,1,1,11.1365,12.1365,1,0,0,1,0,3,0
TX_002403,USR_0390,255.31,TRANSFER,2026-08-31 03:47:32,MERCH_169,DEV_0064,"Delhi, IN",952,37,353.52,0,1,0,7,1,0,-0.2778,0.7222,7,0,1,1,0,3,0
TX_002404,USR_0252,143.97,PURCHASE,2026-08-31 03:53:32,MERCH_134,DEV_0726,"Kolkata, IN",1173,1,265.05,0,1,1,4,1,0,-0.4568,0.5432,4,0,0,1,0,3,0
TX_002405,USR_0391,194.34,TRANSFER,2026-08-31 04:24:06,MERCH_007,DEV_0763,"Chennai, IN",1176,132,336.31,1,1,1,4,1,0,-0.4221,0.5779,4,0,0,1,0,4,0
TX_002406,USR_0006,395.73,TRANSFER,2026-08-31 04:55:42,MERCH_097,DEV_0096,"Bengaluru, IN",314,133,293.42,0,1,1,3,1,0,0.3487,1.3487,3,0,0,1,0,4,0
TX_002407,USR_0045,102.76,PURCHASE,2026-08-31 05:00:55,MERCH_183,DEV_0084,"Hyderabad, IN",1444,184,221.25,0,1,1,3,1,0,-0.5355,0.4645,3,0,0,1,0,5,0
TX_002408,USR_0165,509.05,WITHDRAWAL,2026-08-31 05:22:51,MERCH_204,DEV_0553,"Ahmedabad, IN",758,65,1034.58,0,1,1,3,1,0,-0.508,0.492,3,0,0,1,0,5,0
TX_002409,USR_0441,429.14,PURCHASE,2026-08-31 05:23:15,MERCH_140,DEV_0026,"Bengaluru, IN",69,203,251.93,0,1,0,1,1,0,0.7034,1.7034,1,0,1,1,0,5,0
TX_002410,USR_0394,375.79,PAYMENT,2026-08-31 06:05:24,MERCH_178,DEV_0672,"Kolkata, IN",183,103,440.1,1,1,1,5,1,0,-0.1461,0.8539,5,0,0,0,0,6,0
TX_002411,USR_0332,269.75,PURCHASE,2026-08-31 06:21:50,MERCH_006,DEV_0825,"Mumbai, IN",1093,84,152.39,0,1,1,3,1,0,0.7701,1.7701,3,0,0,0,0,6,0
TX_002412,USR_0397,346.81,TRANSFER,2026-08-31 06:47:00,MERCH_118,DEV_0676,"Pune, IN",644,105,460.52,0,1,1,4,1,0,-0.2469,0.7531,4,0,0,0,0,6,0
TX_002413,USR_0232,2656.69,PAYMENT,2026-08-31 06:49:30,MERCH_127,DEV_0208,"Lagos, NG",168,236,189.11,0,1,1,4,1,1,13.0484,14.0484,4,0,0,0,0,6,0
TX_002414,USR_0450,195.48,PURCHASE,2026-08-31 07:02:07,MERCH_224,DEV_0172,"Ahmedabad, IN",783,98,185.65,0,1,0,3,1,0,0.0529,1.0529,3,0,1,0,0,7,0
TX_002415,USR_0519,971.68,PURCHASE,2026-08-31 09:05:53,MERCH_078,DEV_0613,"Hyderabad, IN",902,140,414.59,1,1,1,5,1,0,1.3437,2.3437,5,0,0,0,0,9,0
TX_002416,USR_0196,2210.11,PURCHASE,2026-08-31 01:21:00,MERCH_058,DEV_0056,"Lagos, NG",126,223,994.24,0,1,0,3,0,1,1.2229,2.2229,3,0,1,1,1,1,0
TX_002417,USR_0478,1260.37,TRANSFER,2026-08-31 10:11:43,MERCH_089,DEV_0484,"Delhi, IN",529,5,626.13,0,0,0,2,1,0,1.013,2.013,2,1,1,0,0,10,0
TX_002418,USR_0464,416.7,PURCHASE,2026-08-31 05:06:00,MERCH_043,DEV_0404,"Lagos, NG",697,134,659.24,0,0,1,4,0,1,-0.3679,0.6321,4,1,0,1,1,5,0
TX_002419,USR_0383,204.46,PURCHASE,2026-08-31 11:02:29,MERCH_140,DEV_0671,"Kolkata, IN",1172,177,408.22,0,1,1,3,1,0,-0.4991,0.5009,3,0,0,0,0,11,0
TX_002420,USR_0578,545.67,PAYMENT,2026-08-31 11:13:54,MERCH_161,DEV_0183,"Bengaluru, IN",979,226,349.85,0,1,0,5,1,0,0.5597,1.5597,5,0,1,0,0,11,0
TX_002421,USR_0122,1895.98,PURCHASE,2026-08-31 12:01:51,MERCH_201,DEV_0687,"Kolkata, IN",136,16,814.52,0,1,1,3,0,0,1.3277,2.3277,3,0,0,0,1,12,0
TX_002422,USR_0463,597.47,PURCHASE,2026-08-31 12:14:05,MERCH_243,DEV_0630,"Mumbai, IN",923,181,294.97,0,1,0,2,1,0,1.0255,2.0255,2,0,1,0,0,12,0
TX_002423,USR_0167,807.19,TRANSFER,2026-08-31 13:02:59,MERCH_019,DEV_0215,"Pune, IN",1354,200,841.41,0,1,1,4,0,0,-0.0407,0.9593,4,0,0,0,1,13,0
TX_002424,USR_0117,1735.91,PURCHASE,2026-08-31 13:09:08,MERCH_062,DEV_0322,"Bengaluru, IN",88,88,1137.07,0,1,1,2,1,0,0.5267,1.5267,2,0,0,0,0,13,0
TX_002425,USR_0459,369.71,PURCHASE,2026-08-31 13:12:59,MERCH_076,DEV_0060,"Mumbai, IN",1480,186,239.42,0,1,1,6,1,0,0.5442,1.5442,6,0,0,0,0,13,0
TX_002426,USR_0262,280.12,PAYMENT,2026-08-31 14:12:20,MERCH_063,DEV_0405,"Hyderabad, IN",149,123,267.31,0,1,1,1,1,0,0.0479,1.0479,1,0,0,0,0,14,0
TX_002427,USR_0167,322.15,TRANSFER,2026-08-31 14:45:07,MERCH_207,DEV_0235,"Hyderabad, IN",936,164,298.86,1,1,1,6,1,0,0.0779,1.0779,6,0,0,0,0,14,0
TX_002428,USR_0542,151.85,PURCHASE,2026-08-31 15:04:13,MERCH_035,DEV_0103,"Ahmedabad, IN",531,98,149.76,0,1,1,3,0,0,0.014,1.014,3,0,0,0,1,15,0
TX_002429,USR_0333,180.36,WITHDRAWAL,2026-08-31 15:11:27,MERCH_008,DEV_0504,"Bengaluru, IN",1098,45,316.46,1,1,1,4,1,0,-0.4301,0.5699,4,0,0,0,0,15,0
TX_002430,USR_0591,727.34,PURCHASE,2026-08-31 16:40:52,MERCH_216,DEV_0511,"Chennai, IN",1265,207,1194.32,0,1,1,4,1,0,-0.391,0.609,4,0,0,0,0,16,0
TX_002431,USR_0353,123.85,PURCHASE,2026-08-31 18:12:13,MERCH_241,DEV_0078,"Kolkata, IN",1278,54,205.42,0,1,1,5,1,0,-0.3971,0.6029,5,0,0,0,0,18,0
TX_002432,USR_0520,408.97,TRANSFER,2026-08-31 18:15:48,MERCH_057,DEV_0167,"Hyderabad, IN",1305,47,1215.78,1,1,0,4,1,0,-0.6636,0.3364,4,0,1,0,0,18,0
TX_002433,USR_0048,339.35,PURCHASE,2026-08-31 18:20:11,MERCH_084,DEV_0075,"Mumbai, IN",1225,221,325.11,0,1,0,2,1,0,0.0438,1.0438,2,0,1,0,0,18,0
TX_002434,USR_0597,2035.31,PURCHASE,2026-08-31 18:27:15,MERCH_126,DEV_0612,"Delhi, IN",469,234,2196.84,1,0,1,3,1,0,-0.0735,0.9265,3,1,0,0,0,18,0
TX_002435,USR_0566,421.23,PAYMENT,2026-08-31 19:11:11,MERCH_132,DEV_0305,"Mumbai, IN",701,152,269.86,0,1,0,4,1,0,0.5609,1.5609,4,0,1,0,0,19,0
TX_002436,USR_0256,871.95,PURCHASE,2026-08-31 19:31:26,MERCH_248,DEV_0065,"Ahmedabad, IN",1080,145,403.94,0,0,1,2,1,0,1.1586,2.1586,2,1,0,0,0,19,0
TX_002437,USR_0283,511.53,PURCHASE,2026-08-31 19:38:19,MERCH_102,DEV_0173,"Bengaluru, IN",258,90,227.38,0,1,1,3,1,0,1.2497,2.2497,3,0,0,0,0,19,0
TX_002438,USR_0225,642.58,PURCHASE,2026-08-31 20:16:25,MERCH_004,DEV_0879,"Pune, IN",869,153,268.67,0,1,1,2,1,0,1.3917,2.3917,2,0,0,0,0,20,0
TX_002439,USR_0535,713.93,WITHDRAWAL,2026-08-31 04:14:00,MERCH_106,DEV_0231,Unknown Proxy,798,152,1227.68,0,0,0,2,0,1,-0.4185,0.5815,2,1,1,1,1,4,0
TX_002440,USR_0277,240.9,TRANSFER,2026-08-31 21:01:30,MERCH_140,DEV_0617,"Delhi, IN",1475,129,642.36,0,1,1,3,1,0,-0.625,0.375,3,0,0,0,0,21,0
TX_002441,USR_0572,7876.17,WITHDRAWAL,2026-08-31 21:10:53,MERCH_130,DEV_0422,"Singapore, SG",81,164,973.46,1,0,0,10,0,1,7.0909,8.0909,10,1,1,0,1,21,0
TX_002442,USR_0401,391.87,PURCHASE,2026-08-31 22:10:09,MERCH_129,DEV_0164,"Pune, IN",148,139,167.76,1,0,1,3,1,0,1.3359,2.3359,3,1,0,0,0,22,0
TX_002443,USR_0279,1923.24,WITHDRAWAL,2026-08-31 22:52:17,MERCH_231,DEV_0277,"Mumbai, IN",51,219,735.37,0,1,1,1,1,0,1.6153,2.6153,1,0,0,0,0,22,0
TX_002444,USR_0286,283.14,TRANSFER,2026-08-31 23:13:50,MERCH_202,DEV_0013,"Pune, IN",824,167,217.17,0,1,1,1,1,0,0.3038,1.3038,1,0,0,0,0,23,0
TX_002445,USR_0440,42.88,PURCHASE,2026-09-01 00:21:27,MERCH_063,DEV_0673,"Hyderabad, IN",829,96,165.05,0,0,1,5,1,0,-0.7402,0.2598,5,1,0,1,0,0,1
TX_002446,USR_0381,649.35,PURCHASE,2026-09-01 00:32:34,MERCH_089,DEV_0302,"Mumbai, IN",891,164,538.25,0,1,1,3,1,0,0.2064,1.2064,3,0,0,1,0,0,1
TX_002447,USR_0600,729.02,WITHDRAWAL,2026-09-01 00:38:51,MERCH_167,DEV_0450,"Delhi, IN",368,58,534.14,1,1,0,5,1,0,0.3648,1.3648,5,0,1,1,0,0,1
TX_002448,USR_0236,1005.37,PURCHASE,2026-09-01 00:58:02,MERCH_103,DEV_0138,"Bengaluru, IN",466,54,468.37,0,1,1,4,1,0,1.1465,2.1465,4,0,0,1,0,0,1
TX_002449,USR_0090,1856.92,TRANSFER,2026-09-01 01:32:58,MERCH_108,DEV_0742,"Hyderabad, IN",629,206,770.79,0,1,1,6,1,0,1.4091,2.4091,6,0,0,1,0,1,1
TX_002450,USR_0590,1488.75,PURCHASE,2026-09-01 01:53:49,MERCH_042,DEV_0197,"Bengaluru, IN",77,146,866.47,0,1,1,3,1,0,0.7182,1.7182,3,0,0,1,0,1,1
TX_002451,USR_0054,879.9,PURCHASE,2026-09-01 02:37:40,MERCH_064,DEV_0510,"Chennai, IN",1130,14,1354.98,0,1,1,4,1,0,-0.3506,0.6494,4,0,0,1,0,2,1
TX_002452,USR_0257,89.8,PAYMENT,2026-09-01 03:48:36,MERCH_186,DEV_0786,"Ahmedabad, IN",84,89,184.29,0,1,0,3,0,0,-0.5127,0.4873,3,0,1,1,1,3,1
TX_002453,USR_0577,1868.4,WITHDRAWAL,2026-09-01 04:49:23,MERCH_211,DEV_0642,"Pune, IN",1002,246,1388.2,1,1,1,5,1,0,0.3459,1.3459,5,0,0,1,0,4,1
TX_002454,USR_0296,1049.34,PURCHASE,2026-09-01 05:48:31,MERCH_197,DEV_0543,"Ahmedabad, IN",684,159,1846.38,0,1,1,2,1,0,-0.4317,0.5683,2,0,0,1,0,5,1
TX_002455,USR_0553,848.45,TRANSFER,2026-09-01 00:39:00,MERCH_077,DEV_0800,"Moscow, RU",1498,217,341.92,0,1,1,5,0,1,1.4814,2.4814,5,0,0,1,1,0,1
TX_002456,USR_0116,40.44,PURCHASE,2026-09-01 06:28:18,MERCH_035,DEV_0159,"Hyderabad, IN",1040,137,128.75,1,1,1,3,1,0,-0.6859,0.3141,3,0,0,0,0,6,1
TX_002457,USR_0073,219.22,TRANSFER,2026-09-01 06:46:49,MERCH_040,DEV_0868,"Bengaluru, IN",716,11,159.43,0,1,1,1,1,0,0.375,1.375,1,0,0,0,0,6,1
TX_002458,USR_0235,372.62,PURCHASE,2026-09-01 08:02:38,MERCH_099,DEV_0501,"Kolkata, IN",1052,45,318.26,0,1,1,3,1,0,0.1708,1.1708,3,0,0,0,0,8,1
TX_002459,USR_0537,1695.03,PURCHASE,2026-09-01 08:52:52,MERCH_130,DEV_0369,"Chennai, IN",182,23,2038.26,0,0,1,4,1,0,-0.1684,0.8316,4,1,0,0,0,8,1
TX_002460,USR_0578,237.63,PURCHASE,2026-09-01 08:57:27,MERCH_224,DEV_0231,"Kolkata, IN",277,183,455.8,2,1,1,2,1,0,-0.4787,0.5213,2,0,0,0,0,8,1
TX_002461,USR_0233,70.54,PURCHASE,2026-09-01 09:24:28,MERCH_225,DEV_0671,"Delhi, IN",751,189,283.26,0,0,1,4,1,0,-0.751,0.249,4,1,0,0,0,9,1
TX_002462,USR_0266,181.23,PURCHASE,2026-09-01 10:04:53,MERCH_001,DEV_0879,"Ahmedabad, IN",1287,114,269.13,0,1,1,2,1,0,-0.3266,0.6734,2,0,0,0,0,10,1
TX_002463,USR_0087,113.66,PURCHASE,2026-09-01 03:48:00,MERCH_177,DEV_0622,"Lagos, NG",1231,181,166.87,0,1,1,1,0,1,-0.3189,0.6811,1,0,0,1,1,3,1
TX_002464,USR_0240,1699.02,PAYMENT,2026-09-01 12:10:01,MERCH_075,DEV_0030,"Kolkata, IN",570,138,867.12,0,0,1,2,1,0,0.9594,1.9594,2,1,0,0,0,12,1
TX_002465,USR_0018,240.17,PURCHASE,2026-09-01 12:14:21,MERCH_050,DEV_0423,"Bengaluru, IN",430,185,419.98,0,1,1,3,1,0,-0.4281,0.5719,3,0,0,0,0,12,1
TX_002466,USR_0063,2775.05,PURCHASE,2026-09-01 12:33:13,MERCH_139,DEV_0660,"Delhi, IN",1446,168,2173.56,0,0,1,2,1,0,0.2767,1.2767,2,1,0,0,0,12,1
TX_002467,USR_0488,296.03,PURCHASE,2026-09-01 13:01:35,MERCH_009,DEV_0358,"Ahmedabad, IN",851,114,720.83,0,1,1,4,1,0,-0.5893,0.4107,4,0,0,0,0,13,1
TX_002468,USR_0246,7536.9,WITHDRAWAL,2026-09-01 14:04:03,MERCH_084,DEV_0696,Unknown Proxy,183,163,838.57,0,0,1,10,0,1,7.9878,8.9878,10,1,0,0,1,14,1
TX_002469,USR_0458,83.36,PURCHASE,2026-09-01 14:42:07,MERCH_139,DEV_0637,"Delhi, IN",342,80,375.28,0,1,0,4,1,0,-0.7779,0.2221,4,0,1,0,0,14,1
TX_002470,USR_0589,737.25,PURCHASE,2026-09-01 15:12:26,MERCH_069,DEV_0061,"Ahmedabad, IN",1255,187,198.54,0,1,1,2,0,0,2.7134,3.7134,2,0,0,0,1,15,1
TX_002471,USR_0296,202.83,TRANSFER,2026-09-01 15:39:30,MERCH_149,DEV_0503,"Singapore, SG",1348,228,233.71,3,1,1,11,1,1,-0.1321,0.8679,11,0,0,0,0,15,1
TX_002472,USR_0053,24.93,PURCHASE,2026-09-01 15:41:39,MERCH_116,DEV_0155,"Ahmedabad, IN",1363,52,161.15,0,1,1,4,1,0,-0.8453,0.1547,4,0,0,0,0,15,1
TX_002473,USR_0594,531.39,PAYMENT,2026-09-01 16:23:18,MERCH_200,DEV_0438,"Hyderabad, IN",17,167,890.73,0,1,1,3,0,0,-0.4034,0.5966,3,0,0,0,1,16,1
TX_002474,USR_0286,181.52,PURCHASE,2026-09-01 16:39:42,MERCH_046,DEV_0346,"Kolkata, IN",1235,28,337.16,1,1,1,3,1,0,-0.4616,0.5384,3,0,0,0,0,16,1
TX_002475,USR_0525,570.97,TRANSFER,2026-09-01 16:57:16,MERCH_015,DEV_0727,"Pune, IN",174,94,919.31,0,1,1,3,1,0,-0.3789,0.6211,3,0,0,0,0,16,1
TX_002476,USR_0239,373.97,PURCHASE,2026-09-01 17:06:05,MERCH_133,DEV_0782,"Bengaluru, IN",1214,167,498.29,0,1,1,2,1,0,-0.2495,0.7505,2,0,0,0,0,17,1
TX_002477,USR_0241,223.39,TRANSFER,2026-09-01 17:06:33,MERCH_065,DEV_0416,"Mumbai, IN",1323,70,361.27,0,1,1,1,1,0,-0.3817,0.6183,1,0,0,0,0,17,1
TX_002478,USR_0239,2022.52,WITHDRAWAL,2026-09-01 18:26:05,MERCH_177,DEV_0484,"Singapore, SG",546,59,187.18,0,0,1,1,0,1,9.8052,10.8052,1,1,0,0,1,18,1
TX_002479,USR_0027,252.73,PURCHASE,2026-09-01 19:28:41,MERCH_024,DEV_0564,"Pune, IN",296,96,564.24,0,1,1,2,1,0,-0.5521,0.4479,2,0,0,0,0,19,1
TX_002480,USR_0011,619.82,PURCHASE,2026-09-01 19:41:48,MERCH_144,DEV_0590,"Singapore, SG",1072,29,381.94,3,1,1,15,1,1,0.6228,1.6228,15,0,0,0,0,19,1
TX_002481,USR_0420,1838.34,PURCHASE,2026-09-01 20:07:05,MERCH_248,DEV_0572,"Hyderabad, IN",109,156,885.26,0,1,1,4,1,0,1.0766,2.0766,4,0,0,0,0,20,1
TX_002482,USR_0150,212.13,PURCHASE,2026-09-01 21:07:09,MERCH_024,DEV_0705,"Mumbai, IN",871,33,263.14,1,1,1,4,0,0,-0.1939,0.8061,4,0,0,0,1,21,1
TX_002483,USR_0482,671.74,PAYMENT,2026-09-01 21:16:35,MERCH_076,DEV_0884,"Mumbai, IN",502,83,714.32,0,1,1,2,1,0,-0.0596,0.9404,2,0,0,0,0,21,1
TX_002484,USR_0171,704.7,TRANSFER,2026-09-01 21:27:33,MERCH_212,DEV_0746,"Pune, IN",640,78,1540.53,0,1,1,3,1,0,-0.5426,0.4574,3,0,0,0,0,21,1
TX_002485,USR_0158,2479.32,TRANSFER,2026-09-01 21:58:57,MERCH_134,DEV_0122,"Lagos, NG",1239,242,552.06,0,1,1,5,1,1,3.491,4.491,5,0,0,0,0,21,1
TX_002486,USR_0459,895.78,PAYMENT,2026-09-01 22:56:26,MERCH_044,DEV_0429,"Mumbai, IN",1489,247,810.96,1,1,1,3,0,0,0.1046,1.1046,3,0,0,0,1,22,1
TX_002487,USR_0069,569.96,WITHDRAWAL,2026-09-01 23:12:23,MERCH_054,DEV_0416,"Delhi, IN",607,20,691.02,0,1,0,3,1,0,-0.1752,0.8248,3,0,1,0,0,23,1
TX_002488,USR_0055,17708.81,WITHDRAWAL,2026-09-02 00:13:15,MERCH_192,DEV_0458,"Singapore, SG",440,40,1868.36,0,1,1,2,1,1,8.4783,9.4783,2,0,0,1,0,0,2
TX_002489,USR_0206,691.31,PURCHASE,2026-09-02 00:37:41,MERCH_216,DEV_0476,"Hyderabad, IN",1252,183,594.62,0,1,1,4,1,0,0.1626,1.1626,4,0,0,1,0,0,2
TX_002490,USR_0297,364.68,PURCHASE,2026-09-02 00:52:19,MERCH_091,DEV_0647,"Ahmedabad, IN",623,75,760.68,0,1,1,4,1,0,-0.5206,0.4794,4,0,0,1,0,0,2
TX_002491,USR_0515,904.62,PURCHASE,2026-09-02 01:02:27,MERCH_119,DEV_0379,"Moscow, RU",305,161,437.92,6,1,1,12,1,1,1.0657,2.0657,12,0,0,1,0,1,2
TX_002492,USR_0282,209.24,PURCHASE,2026-09-02 02:04:57,MERCH_196,DEV_0238,"Kolkata, IN",1354,230,251.75,1,0,1,5,1,0,-0.1689,0.8311,5,1,0,1,0,2,2
TX_002493,USR_0367,514.01,PURCHASE,2026-09-02 02:08:07,MERCH_045,DEV_0412,"Ahmedabad, IN",1487,41,181.84,0,1,1,2,1,0,1.8267,2.8267,2,0,0,1,0,2,2
TX_002494,USR_0430,1454.93,PURCHASE,2026-09-02 02:17:08,MERCH_052,DEV_0770,"Hyderabad, IN",438,240,1163.79,2,1,1,7,1,0,0.2502,1.2502,7,0,0,1,0,2,2
TX_002495,USR_0344,723.5,PURCHASE,2026-09-02 02:38:18,MERCH_194,DEV_0281,"Delhi, IN",242,14,211.24,0,1,1,2,1,0,2.425,3.425,2,0,0,1,0,2,2
TX_002496,USR_0217,1607.72,PURCHASE,2026-09-02 02:55:50,MERCH_047,DEV_0019,"Pune, IN",234,57,787.33,1,1,1,4,1,0,1.042,2.042,4,0,0,1,0,2,2
TX_002497,USR_0162,677.86,PURCHASE,2026-09-02 03:08:06,MERCH_193,DEV_0879,"Moscow, RU",900,127,614.78,0,0,0,1,1,1,0.1026,1.1026,1,1,1,1,0,3,2
TX_002498,USR_0531,532.49,PURCHASE,2026-09-02 03:16:39,MERCH_125,DEV_0177,"Kolkata, IN",469,220,895.68,0,1,1,2,1,0,-0.4055,0.5945,2,0,0,1,0,3,2
TX_002499,USR_0528,184.42,PURCHASE,2026-09-02 03:28:24,MERCH_248,DEV_0543,"Mumbai, IN",937,138,305.89,1,1,1,4,1,0,-0.3971,0.6029,4,0,0,1,0,3,2
TX_002500,USR_0436,334.51,PURCHASE,2026-09-02 03:56:07,MERCH_009,DEV_0721,"Hyderabad, IN",1140,35,248.69,0,1,0,1,1,0,0.3451,1.3451,1,0,1,1,0,3,2
TX_002501,USR_0293,623.94,TRANSFER,2026-09-02 04:26:16,MERCH_237,DEV_0248,"Chennai, IN",15,62,597.66,0,1,1,2,1,0,0.044,1.044,2,0,0,1,0,4,2
TX_002502,USR_0168,234.42,TRANSFER,2026-09-02 04:47:07,MERCH_057,DEV_0307,Unknown Proxy,1290,190,361.4,6,1,1,12,1,1,-0.3514,0.6486,12,0,0,1,0,4,2
TX_002503,USR_0290,292.21,PURCHASE,2026-09-02 04:53:34,MERCH_009,DEV_0253,"Pune, IN",50,140,178.75,0,0,0,3,0,0,0.6347,1.6347,3,1,1,1,1,4,2
TX_002504,USR_0502,1878.72,PURCHASE,2026-09-02 05:49:29,MERCH_182,DEV_0135,"Bengaluru, IN",177,4,1925.89,0,1,1,2,1,0,-0.0245,0.9755,2,0,0,1,0,5,2
TX_002505,USR_0055,407.91,PURCHASE,2026-09-02 04:11:00,MERCH_134,DEV_0138,"Lagos, NG",1089,125,248.56,0,1,1,3,0,1,0.6411,1.6411,3,0,0,1,1,4,2
TX_002506,USR_0150,107.77,PURCHASE,2026-09-02 05:55:20,MERCH_210,DEV_0169,"Pune, IN",935,102,213.58,0,1,1,4,1,0,-0.4954,0.5046,4,0,0,1,0,5,2
TX_002507,USR_0304,683.55,PURCHASE,2026-09-02 06:46:43,MERCH_028,DEV_0413,"Mumbai, IN",1467,1,375.27,1,1,1,4,1,0,0.8215,1.8215,4,0,0,0,0,6,2
TX_002508,USR_0074,1517.07,PAYMENT,2026-09-02 07:29:36,MERCH_021,DEV_0478,"Mumbai, IN",853,62,1151.58,0,1,1,4,1,0,0.3174,1.3174,4,0,0,0,0,7,2
TX_002509,USR_0596,183.58,PURCHASE,2026-09-02 08:49:12,MERCH_142,DEV_0015,"Bengaluru, IN",629,233,88.61,0,1,1,3,1,0,1.0718,2.0718,3,0,0,0,0,8,2
TX_002510,USR_0102,1943.0,PURCHASE,2026-09-02 09:32:26,MERCH_221,DEV_0762,"Hyderabad, IN",1005,176,1082.1,0,1,1,1,1,0,0.7956,1.7956,1,0,0,0,0,9,2
TX_002511,USR_0500,204.47,TRANSFER,2026-09-02 09:39:23,MERCH_102,DEV_0609,"Chennai, IN",1144,18,227.16,0,1,1,2,1,0,-0.0999,0.9001,2,0,0,0,0,9,2
TX_002512,USR_0195,468.79,PURCHASE,2026-09-02 10:05:28,MERCH_200,DEV_0064,"Mumbai, IN",1008,4,548.75,0,1,1,1,1,0,-0.1457,0.8543,1,0,0,0,0,10,2
TX_002513,USR_0562,821.56,PURCHASE,2026-09-02 11:15:26,MERCH_227,DEV_0759,"Pune, IN",560,87,271.03,1,1,1,3,0,0,2.0313,3.0313,3,0,0,0,1,11,2
TX_002514,USR_0344,1578.63,PURCHASE,2026-09-02 12:19:56,MERCH_218,DEV_0028,"Chennai, IN",1439,116,2004.57,0,1,1,3,0,0,-0.2125,0.7875,3,0,0,0,1,12,2
TX_002515,USR_0586,764.48,PAYMENT,2026-09-02 12:40:30,MERCH_128,DEV_0505,"Chennai, IN",457,113,494.09,0,1,1,7,1,0,0.5472,1.5472,7,0,0,0,0,12,2
TX_002516,USR_0359,196.42,PURCHASE,2026-09-02 13:47:37,MERCH_175,DEV_0419,"Ahmedabad, IN",524,174,264.59,1,1,1,2,1,0,-0.2576,0.7424,2,0,0,0,0,13,2
TX_002517,USR_0265,101.82,TRANSFER,2026-09-02 13:49:06,MERCH_132,DEV_0452,"Bengaluru, IN",421,44,359.04,1,1,1,3,1,0,-0.7164,0.2836,3,0,0,0,0,13,2
TX_002518,USR_0556,206.17,WITHDRAWAL,2026-09-02 14:13:44,MERCH_169,DEV_0861,"Hyderabad, IN",454,12,481.29,0,1,1,2,1,0,-0.5716,0.4284,2,0,0,0,0,14,2
TX_002519,USR_0167,636.73,PURCHASE,2026-09-02 14:22:27,MERCH_142,DEV_0835,"Mumbai, IN",324,168,514.14,0,1,1,3,1,0,0.2384,1.2384,3,0,0,0,0,14,2
TX_002520,USR_0468,938.28,TRANSFER,2026-09-02 14:24:02,MERCH_132,DEV_0252,"Hyderabad, IN",874,224,625.35,0,1,1,1,1,0,0.5004,1.5004,1,0,0,0,0,14,2
TX_002521,USR_0268,557.91,PURCHASE,2026-09-02 15:26:43,MERCH_110,DEV_0522,"Pune, IN",1095,42,449.53,1,1,1,1,1,0,0.2411,1.2411,1,0,0,0,0,15,2
TX_002522,USR_0476,320.93,PURCHASE,2026-09-02 16:12:38,MERCH_164,DEV_0864,"Mumbai, IN",648,90,160.19,0,1,1,5,1,0,1.0034,2.0034,5,0,0,0,0,16,2
TX_002523,USR_0040,427.67,PURCHASE,2026-09-02 16:38:38,MERCH_188,DEV_0656,"Bengaluru, IN",1384,157,348.64,0,1,1,2,1,0,0.2267,1.2267,2,0,0,0,0,16,2
TX_002524,USR_0546,407.62,PAYMENT,2026-09-02 17:39:38,MERCH_230,DEV_0799,"Hyderabad, IN",714,42,709.27,0,0,1,4,1,0,-0.4253,0.5747,4,1,0,0,0,17,2
TX_002525,USR_0232,381.12,PURCHASE,2026-09-02 17:48:54,MERCH_154,DEV_0392,"Ahmedabad, IN",704,215,272.28,0,1,0,3,1,0,0.3997,1.3997,3,0,1,0,0,17,2
TX_002526,USR_0271,791.61,PURCHASE,2026-09-02 18:22:37,MERCH_026,DEV_0255,"Delhi, IN",110,57,745.33,0,1,1,1,1,0,0.0621,1.0621,1,0,0,0,0,18,2
TX_002527,USR_0245,301.54,PAYMENT,2026-09-02 19:10:50,MERCH_147,DEV_0460,"Delhi, IN",1355,133,460.83,1,1,1,2,1,0,-0.3457,0.6543,2,0,0,0,0,19,2
TX_002528,USR_0481,494.27,PURCHASE,2026-09-02 19:41:58,MERCH_079,DEV_0736,"Bengaluru, IN",228,85,382.2,0,1,1,2,1,0,0.2932,1.2932,2,0,0,0,0,19,2
TX_002529,USR_0504,1103.72,PAYMENT,2026-09-02 20:06:50,MERCH_007,DEV_0836,"Kolkata, IN",252,167,1101.97,0,1,1,6,1,0,0.0016,1.0016,6,0,0,0,0,20,2
TX_002530,USR_0367,78.45,TRANSFER,2026-09-02 22:10:42,MERCH_019,DEV_0618,"Pune, IN",1403,50,122.2,0,1,1,4,1,0,-0.358,0.642,4,0,0,0,0,22,2
TX_002531,USR_0072,229.78,TRANSFER,2026-09-02 22:29:17,MERCH_148,DEV_0636,"Moscow, RU",782,25,271.17,2,0,1,10,1,1,-0.1526,0.8474,10,1,0,0,0,22,2
TX_002532,USR_0058,2703.73,WITHDRAWAL,2026-09-02 22:48:38,MERCH_237,DEV_0461,"Kolkata, IN",108,128,1134.07,0,1,1,2,1,0,1.3841,2.3841,2,0,0,0,0,22,2
TX_002533,USR_0015,4143.78,TRANSFER,2026-09-02 23:51:53,MERCH_127,DEV_0288,"Mumbai, IN",666,216,1775.41,0,1,1,3,1,0,1.334,2.334,3,0,0,0,0,23,2
TX_002534,USR_0485,2686.61,PURCHASE,2026-09-02 23:52:22,MERCH_112,DEV_0381,"Ahmedabad, IN",888,158,2499.24,0,1,0,3,1,0,0.075,1.075,3,0,1,0,0,23,2
TX_002535,USR_0064,461.39,PAYMENT,2026-09-03 02:19:11,MERCH_023,DEV_0448,"Ahmedabad, IN",22,189,467.32,1,1,1,2,1,0,-0.0127,0.9873,2,0,0,1,0,2,3
TX_002536,USR_0441,237.74,PAYMENT,2026-09-03 02:37:57,MERCH_169,DEV_0734,"Delhi, IN",1133,108,634.39,0,1,1,3,1,0,-0.6252,0.3748,3,0,0,1,0,2,3
TX_002537,USR_0503,2416.09,PAYMENT,2026-09-03 04:14:00,MERCH_014,DEV_0500,Unknown Proxy,1005,35,830.74,2,1,0,1,0,1,1.9084,2.9084,1,0,1,1,1,4,3
TX_002538,USR_0475,2184.57,TRANSFER,2026-09-03 03:18:42,MERCH_211,DEV_0714,"Kolkata, IN",24,107,1170.93,0,0,1,2,1,0,0.8657,1.8657,2,1,0,1,0,3,3
TX_002539,USR_0038,882.57,PURCHASE,2026-09-03 03:52:39,MERCH_205,DEV_0025,"Hyderabad, IN",930,246,569.11,0,1,1,4,1,0,0.5508,1.5508,4,0,0,1,0,3,3
TX_002540,USR_0204,9391.45,PURCHASE,2026-09-03 04:49:15,MERCH_248,DEV_0682,"Moscow, RU",339,195,901.32,0,1,0,1,1,1,9.4197,10.4197,1,0,1,1,0,4,3
TX_002541,USR_0147,620.6,PURCHASE,2026-09-03 05:12:30,MERCH_072,DEV_0457,"Ahmedabad, IN",1103,176,635.29,0,1,1,7,1,0,-0.0231,0.9769,7,0,0,1,0,5,3
TX_002542,USR_0114,583.05,PURCHASE,2026-09-03 05:34:57,MERCH_041,DEV_0899,"Bengaluru, IN",569,75,665.75,0,1,1,7,1,0,-0.1242,0.8758,7,0,0,1,0,5,3
TX_002543,USR_0091,335.06,TRANSFER,2026-09-03 06:41:26,MERCH_075,DEV_0425,"Mumbai, IN",308,150,225.99,0,1,1,3,1,0,0.4826,1.4826,3,0,0,0,0,6,3
TX_002544,USR_0069,249.42,TRANSFER,2026-09-03 06:57:37,MERCH_200,DEV_0431,"Kolkata, IN",763,156,351.54,0,1,1,4,1,0,-0.2905,0.7095,4,0,0,0,0,6,3
TX_002545,USR_0468,248.77,PURCHASE,2026-09-03 07:10:08,MERCH_055,DEV_0115,"Pune, IN",668,163,304.04,1,0,0,2,0,0,-0.1818,0.8182,2,1,1,0,1,7,3
TX_002546,USR_0322,262.49,PURCHASE,2026-09-03 07:14:43,MERCH_222,DEV_0727,"Delhi, IN",517,223,184.49,1,1,1,6,1,0,0.4228,1.4228,6,0,0,0,0,7,3
TX_002547,USR_0482,75.02,TRANSFER,2026-09-03 07:37:37,MERCH_039,DEV_0632,"Bengaluru, IN",1318,170,130.39,0,0,1,3,1,0,-0.4246,0.5754,3,1,0,0,0,7,3
TX_002548,USR_0574,214.52,PURCHASE,2026-09-03 07:38:14,MERCH_013,DEV_0777,"Bengaluru, IN",975,56,327.51,1,0,1,2,1,0,-0.345,0.655,2,1,0,0,0,7,3
TX_002549,USR_0081,398.22,PAYMENT,2026-09-03 08:00:24,MERCH_055,DEV_0084,"Kolkata, IN",734,56,369.2,0,1,1,3,1,0,0.0786,1.0786,3,0,0,0,0,8,3
TX_002550,USR_0027,1105.48,TRANSFER,2026-09-03 08:24:21,MERCH_189,DEV_0191,"Chennai, IN",345,155,486.88,1,1,1,2,1,0,1.2705,2.2705,2,0,0,0,0,8,3
TX_002551,USR_0058,1098.35,PURCHASE,2026-09-03 08:35:49,MERCH_151,DEV_0790,"Ahmedabad, IN",856,216,682.7,0,0,1,3,1,0,0.6088,1.6088,3,1,0,0,0,8,3
TX_002552,USR_0591,991.63,PURCHASE,2026-09-03 09:02:26,MERCH_089,DEV_0038,"Hyderabad, IN",45,237,518.19,1,1,1,5,1,0,0.9136,1.9136,5,0,0,0,0,9,3
TX_002553,USR_0077,367.86,TRANSFER,2026-09-03 09:17:39,MERCH_165,DEV_0458,"Delhi, IN",1327,152,371.13,0,1,1,3,1,0,-0.0088,0.9912,3,0,0,0,0,9,3
TX_002554,USR_0381,569.48,PURCHASE,2026-09-03 09:25:08,MERCH_163,DEV_0365,"Hyderabad, IN",9,132,226.54,0,0,1,3,1,0,1.5138,2.5138,3,1,0,0,0,9,3
TX_002555,USR_0237,266.47,WITHDRAWAL,2026-09-03 09:30:18,MERCH_139,DEV_0846,"Bengaluru, IN",1050,204,868.74,0,1,1,2,1,0,-0.6933,0.3067,2,0,0,0,0,9,3
TX_002556,USR_0526,1920.18,TRANSFER,2026-09-03 10:05:29,MERCH_129,DEV_0772,"Lagos, NG",522,244,416.91,0,0,1,6,0,1,3.6057,4.6057,6,1,0,0,1,10,3
TX_002557,USR_0441,1252.08,PURCHASE,2026-09-03 10:25:48,MERCH_026,DEV_0808,"Chennai, IN",1080,7,325.03,0,1,1,5,1,0,2.8522,3.8522,5,0,0,0,0,10,3
TX_002558,USR_0506,500.8,PURCHASE,2026-09-03 10:43:13,MERCH_065,DEV_0261,"Bengaluru, IN",546,78,391.27,1,1,0,4,1,0,0.2799,1.2799,4,0,1,0,0,10,3
TX_002559,USR_0559,424.39,TRANSFER,2026-09-03 11:39:42,MERCH_132,DEV_0529,"Bengaluru, IN",46,84,259.74,0,1,1,4,1,0,0.6339,1.6339,4,0,0,0,0,11,3
TX_002560,USR_0316,280.49,PAYMENT,2026-09-03 13:24:53,MERCH_034,DEV_0631,"Ahmedabad, IN",1423,141,302.25,0,1,1,5,1,0,-0.072,0.928,5,0,0,0,0,13,3
TX_002561,USR_0309,244.98,PAYMENT,2026-09-03 13:34:39,MERCH_119,DEV_0871,"Delhi, IN",1150,74,295.13,0,1,1,3,1,0,-0.1699,0.8301,3,0,0,0,0,13,3
TX_002562,USR_0177,231.99,PURCHASE,2026-09-03 13:35:26,MERCH_030,DEV_0007,"Singapore, SG",73,78,362.76,5,1,1,12,1,1,-0.3605,0.6395,12,0,0,0,0,13,3
TX_002563,USR_0458,678.04,WITHDRAWAL,2026-09-03 15:57:19,MERCH_197,DEV_0880,"Moscow, RU",56,7,735.88,0,0,0,3,1,1,-0.0786,0.9214,3,1,1,0,0,15,3
TX_002564,USR_0056,833.76,PURCHASE,2026-09-03 16:24:40,MERCH_026,DEV_0320,"Delhi, IN",798,1,610.69,0,1,1,1,1,0,0.3653,1.3653,1,0,0,0,0,16,3
TX_002565,USR_0539,1794.04,TRANSFER,2026-09-03 16:27:55,MERCH_024,DEV_0116,"Bengaluru, IN",1435,113,1435.55,0,1,1,1,1,0,0.2497,1.2497,1,0,0,0,0,16,3
TX_002566,USR_0103,3863.53,PAYMENT,2026-09-03 17:27:33,MERCH_160,DEV_0554,"Delhi, IN",869,249,1116.6,0,1,0,1,1,0,2.4601,3.4601,1,0,1,0,0,17,3
TX_002567,USR_0277,1981.76,PURCHASE,2026-09-03 17:32:55,MERCH_056,DEV_0704,"Ahmedabad, IN",22,74,1951.91,0,1,1,4,1,0,0.0153,1.0153,4,0,0,0,0,17,3
TX_002568,USR_0306,247.37,PAYMENT,2026-09-03 17:55:53,MERCH_088,DEV_0117,"Pune, IN",1051,60,684.45,0,1,1,7,1,0,-0.6386,0.3614,7,0,0,0,0,17,3
TX_002569,USR_0319,1873.16,PURCHASE,2026-09-03 18:09:59,MERCH_079,DEV_0037,"Pune, IN",645,66,676.26,0,1,1,4,1,0,1.7699,2.7699,4,0,0,0,0,18,3
TX_002570,USR_0511,134.3,PURCHASE,2026-09-03 18:18:45,MERCH_055,DEV_0807,"Chennai, IN",960,243,312.21,0,0,1,2,1,0,-0.5698,0.4302,2,1,0,0,0,18,3
TX_002571,USR_0204,552.89,PURCHASE,2026-09-03 18:36:56,MERCH_191,DEV_0841,"Mumbai, IN",530,166,836.11,0,1,1,3,1,0,-0.3387,0.6613,3,0,0,0,0,18,3
TX_002572,USR_0296,312.25,PAYMENT,2026-09-03 18:57:11,MERCH_173,DEV_0141,"Delhi, IN",19,163,275.11,1,1,1,3,1,0,0.135,1.135,3,0,0,0,0,18,3
TX_002573,USR_0505,186.34,PURCHASE,2026-09-03 19:01:01,MERCH_060,DEV_0814,"Delhi, IN",34,48,149.37,0,1,0,4,1,0,0.2475,1.2475,4,0,1,0,0,19,3
TX_002574,USR_0228,525.55,WITHDRAWAL,2026-09-03 20:11:05,MERCH_172,DEV_0819,"Chennai, IN",950,226,1413.73,0,1,0,3,1,0,-0.6283,0.3717,3,0,1,0,0,20,3
TX_002575,USR_0211,103.25,PURCHASE,2026-09-03 20:56:46,MERCH_179,DEV_0898,"Singapore, SG",955,49,176.33,3,0,0,14,1,1,-0.4145,0.5855,14,1,1,0,0,20,3
TX_002576,USR_0316,227.21,TRANSFER,2026-09-03 22:00:22,MERCH_135,DEV_0195,"Hyderabad, IN",488,241,625.4,0,1,0,2,1,0,-0.6367,0.3633,2,0,1,0,0,22,3
TX_002577,USR_0148,331.34,TRANSFER,2026-09-03 22:04:58,MERCH_145,DEV_0521,"Delhi, IN",129,238,232.53,0,1,1,2,1,0,0.4249,1.4249,2,0,0,0,0,22,3
TX_002578,USR_0290,2150.48,PURCHASE,2026-09-03 22:39:16,MERCH_234,DEV_0895,"Mumbai, IN",1160,142,1047.59,0,1,1,3,1,0,1.0528,2.0528,3,0,0,0,0,22,3
TX_002579,USR_0222,498.83,TRANSFER,2026-09-03 22:46:52,MERCH_114,DEV_0813,"Ahmedabad, IN",232,217,1160.33,0,1,1,3,1,0,-0.5701,0.4299,3,0,0,0,0,22,3
TX_002580,USR_0582,1215.98,TRANSFER,2026-09-03 23:13:30,MERCH_097,DEV_0545,"Bengaluru, IN",288,249,669.23,0,1,1,6,1,0,0.817,1.817,6,0,0,0,0,23,3
TX_002581,USR_0023,1996.26,PURCHASE,2026-09-03 23:24:09,MERCH_135,DEV_0178,"Hyderabad, IN",682,145,1145.99,1,1,1,4,1,0,0.742,1.742,4,0,0,0,0,23,3
TX_002582,USR_0491,280.44,PURCHASE,2026-09-03 05:00:00,MERCH_209,DEV_0076,"Moscow, RU",1076,192,452.48,0,0,1,5,0,1,-0.3802,0.6198,5,1,0,1,1,5,3
TX_002583,USR_0022,630.3,PURCHASE,2026-09-04 00:48:33,MERCH_178,DEV_0234,"Moscow, RU",1492,148,2403.97,5,1,1,6,1,1,-0.7378,0.2622,6,0,0,1,0,0,4
TX_002584,USR_0336,373.37,PAYMENT,2026-09-04 00:59:40,MERCH_019,DEV_0059,"Bengaluru, IN",940,131,787.51,0,1,1,2,1,0,-0.5259,0.4741,2,0,0,1,0,0,4
TX_002585,USR_0594,147.96,TRANSFER,2026-09-04 01:48:46,MERCH_115,DEV_0176,"Chennai, IN",1440,84,229.03,0,1,1,3,1,0,-0.354,0.646,3,0,0,1,0,1,4
TX_002586,USR_0147,1228.5,WITHDRAWAL,2026-09-04 02:21:51,MERCH_185,DEV_0068,"Ahmedabad, IN",980,164,474.12,1,1,0,5,1,0,1.5911,2.5911,5,0,1,1,0,2,4
TX_002587,USR_0148,353.53,TRANSFER,2026-09-04 02:22:31,MERCH_056,DEV_0687,"Bengaluru, IN",1272,67,401.36,1,1,1,4,0,0,-0.1192,0.8808,4,0,0,1,1,2,4
TX_002588,USR_0069,184.38,WITHDRAWAL,2026-09-04 02:52:25,MERCH_248,DEV_0531,"Chennai, IN",269,49,372.94,0,1,1,2,1,0,-0.5056,0.4944,2,0,0,1,0,2,4
TX_002589,USR_0460,135.98,PURCHASE,2026-09-04 04:54:43,MERCH_203,DEV_0467,"Mumbai, IN",91,69,129.85,0,1,1,3,1,0,0.0472,1.0472,3,0,0,1,0,4,4
TX_002590,USR_0559,246.51,PURCHASE,2026-09-04 05:50:23,MERCH_212,DEV_0729,"Bengaluru, IN",1006,3,601.48,0,1,0,3,1,0,-0.5902,0.4098,3,0,1,1,0,5,4
TX_002591,USR_0547,1695.92,TRANSFER,2026-09-04 05:52:50,MERCH_021,DEV_0370,"Singapore, SG",1462,233,159.16,0,1,1,6,1,1,9.6554,10.6554,6,0,0,1,0,5,4
TX_002592,USR_0098,34.12,PURCHASE,2026-09-04 05:53:16,MERCH_145,DEV_0363,"Ahmedabad, IN",1107,64,67.71,0,1,1,4,1,0,-0.4961,0.5039,4,0,0,1,0,5,4
TX_002593,USR_0412,192.5,PURCHASE,2026-09-04 05:58:19,MERCH_132,DEV_0187,"Mumbai, IN",519,200,347.66,0,1,1,1,1,0,-0.4463,0.5537,1,0,0,1,0,5,4
TX_002594,USR_0464,309.94,TRANSFER,2026-09-04 06:14:12,MERCH_157,DEV_0401,"Bengaluru, IN",737,109,255.27,0,1,1,3,1,0,0.2142,1.2142,3,0,0,0,0,6,4
TX_002595,USR_0368,699.78,PAYMENT,2026-09-04 06:31:07,MERCH_213,DEV_0158,"Bengaluru, IN",174,85,235.83,0,1,0,2,1,0,1.9673,2.9673,2,0,1,0,0,6,4
TX_002596,USR_0268,174.25,TRANSFER,2026-09-04 07:07:15,MERCH_089,DEV_0531,"Chennai, IN",515,57,43.9,0,1,1,2,1,0,2.9692,3.9692,2,0,0,0,0,7,4
TX_002597,USR_0330,115.03,PURCHASE,2026-09-04 07:38:55,MERCH_134,DEV_0898,"Mumbai, IN",1026,205,237.73,0,1,1,2,1,0,-0.5161,0.4839,2,0,0,0,0,7,4
TX_002598,USR_0324,254.99,PAYMENT,2026-09-04 07:49:28,MERCH_170,DEV_0480,"Chennai, IN",255,128,395.05,0,1,1,1,1,0,-0.3545,0.6455,1,0,0,0,0,7,4
TX_002599,USR_0431,371.94,PURCHASE,2026-09-04 08:04:18,MERCH_189,DEV_0270,"Hyderabad, IN",726,112,279.68,0,1,1,2,1,0,0.3299,1.3299,2,0,0,0,0,8,4
TX_002600,USR_0265,1223.5,PURCHASE,2026-09-04 08:21:50,MERCH_193,DEV_0620,"Pune, IN",439,164,601.7,0,1,1,1,1,0,1.0334,2.0334,1,0,0,0,0,8,4
TX_002601,USR_0513,298.0,PAYMENT,2026-09-04 08:52:03,MERCH_085,DEV_0739,"Bengaluru, IN",739,200,1278.88,0,1,1,1,1,0,-0.767,0.233,1,0,0,0,0,8,4
TX_002602,USR_0260,667.33,WITHDRAWAL,2026-09-04 09:08:31,MERCH_250,DEV_0425,"Moscow, RU",1147,164,662.83,0,0,0,2,1,1,0.0068,1.0068,2,1,1,0,0,9,4
TX_002603,USR_0100,673.44,PAYMENT,2026-09-04 09:28:05,MERCH_003,DEV_0226,"Hyderabad, IN",1328,117,971.7,0,1,1,3,0,0,-0.3069,0.6931,3,0,0,0,1,9,4
TX_002604,USR_0041,281.6,WITHDRAWAL,2026-09-04 09:41:32,MERCH_124,DEV_0643,"Kolkata, IN",618,223,1033.9,0,1,1,3,1,0,-0.7276,0.2724,3,0,0,0,0,9,4
TX_002605,USR_0159,83.59,TRANSFER,2026-09-04 10:18:30,MERCH_153,DEV_0169,"Ahmedabad, IN",1241,224,209.58,0,1,0,1,1,0,-0.6012,0.3988,1,0,1,0,0,10,4
TX_002606,USR_0100,411.39,PURCHASE,2026-09-04 10:25:34,MERCH_016,DEV_0898,"Delhi, IN",1056,241,625.52,0,1,1,2,1,0,-0.3423,0.6577,2,0,0,0,0,10,4
TX_002607,USR_0119,938.09,PURCHASE,2026-09-04 12:00:48,MERCH_113,DEV_0287,"Bengaluru, IN",1383,23,949.2,0,1,1,2,1,0,-0.0117,0.9883,2,0,0,0,0,12,4
TX_002608,USR_0083,594.4,PAYMENT,2026-09-04 12:29:21,MERCH_149,DEV_0316,"Kolkata, IN",1111,222,324.5,0,0,1,2,1,0,0.8317,1.8317,2,1,0,0,0,12,4
TX_002609,USR_0528,297.86,PAYMENT,2026-09-04 13:58:56,MERCH_152,DEV_0655,"Hyderabad, IN",829,49,248.71,0,1,0,3,1,0,0.1976,1.1976,3,0,1,0,0,13,4
TX_002610,USR_0429,1179.63,PURCHASE,2026-09-04 14:11:02,MERCH_030,DEV_0011,"Mumbai, IN",1013,155,669.85,0,1,1,2,1,0,0.761,1.761,2,0,0,0,0,14,4
TX_002611,USR_0451,143.36,PURCHASE,2026-09-04 14:26:03,MERCH_070,DEV_0183,"Ahmedabad, IN",481,164,148.12,0,1,1,1,1,0,-0.0321,0.9679,1,0,0,0,0,14,4
TX_002612,USR_0517,119.71,PURCHASE,2026-09-04 15:01:07,MERCH_062,DEV_0114,"Delhi, IN",1012,52,198.99,0,0,1,3,1,0,-0.3984,0.6016,3,1,0,0,0,15,4
TX_002613,USR_0414,230.38,PURCHASE,2026-09-04 16:10:54,MERCH_160,DEV_0352,"Kolkata, IN",1065,3,272.92,1,1,1,4,1,0,-0.1559,0.8441,4,0,0,0,0,16,4
TX_002614,USR_0005,943.14,PAYMENT,2026-09-04 16:11:18,MERCH_083,DEV_0499,"Mumbai, IN",918,235,630.89,1,1,0,6,1,0,0.4949,1.4949,6,0,1,0,0,16,4
TX_002615,USR_0456,986.92,PURCHASE,2026-09-04 17:01:41,MERCH_143,DEV_0162,"Mumbai, IN",160,222,530.29,1,1,1,4,1,0,0.8611,1.8611,4,0,0,0,0,17,4
TX_002616,USR_0144,843.37,PURCHASE,2026-09-04 18:14:10,MERCH_183,DEV_0310,"Mumbai, IN",781,44,976.06,0,1,1,7,1,0,-0.1359,0.8641,7,0,0,0,0,18,4
TX_002617,USR_0033,117.2,PAYMENT,2026-09-04 18:19:35,MERCH_200,DEV_0695,"Ahmedabad, IN",1068,150,225.39,0,1,1,3,1,0,-0.48,0.52,3,0,0,0,0,18,4
TX_002618,USR_0527,256.16,PURCHASE,2026-09-04 18:56:17,MERCH_046,DEV_0846,"Delhi, IN",302,38,216.51,0,1,1,4,1,0,0.1831,1.1831,4,0,0,0,0,18,4
TX_002619,USR_0086,865.12,PURCHASE,2026-09-04 19:25:42,MERCH_226,DEV_0013,"Kolkata, IN",1182,142,666.59,0,1,1,2,1,0,0.2978,1.2978,2,0,0,0,0,19,4
TX_002620,USR_0295,524.01,PURCHASE,2026-09-04 19:35:02,MERCH_042,DEV_0565,"Ahmedabad, IN",1265,80,247.21,1,1,1,5,1,0,1.1197,2.1197,5,0,0,0,0,19,4
TX_002621,USR_0014,175.11,PURCHASE,2026-09-04 19:54:28,MERCH_006,DEV_0024,"Pune, IN",811,188,286.18,0,1,1,4,1,0,-0.3881,0.6119,4,0,0,0,0,19,4
TX_002622,USR_0086,68.9,PURCHASE,2026-09-04 19:56:30,MERCH_012,DEV_0469,"Mumbai, IN",1446,143,111.8,0,1,0,4,0,0,-0.3837,0.6163,4,0,1,0,1,19,4
TX_002623,USR_0178,870.34,PURCHASE,2026-09-04 19:57:27,MERCH_051,DEV_0792,"Chennai, IN",1287,125,559.69,0,1,0,3,1,0,0.555,1.555,3,0,1,0,0,19,4
TX_002624,USR_0252,1043.55,PURCHASE,2026-09-04 20:21:34,MERCH_219,DEV_0719,"Mumbai, IN",703,170,1429.69,0,1,1,4,1,0,-0.2701,0.7299,4,0,0,0,0,20,4
TX_002625,USR_0187,147.67,PURCHASE,2026-09-04 21:56:45,MERCH_052,DEV_0210,"Chennai, IN",1327,119,207.95,0,1,0,2,1,0,-0.2899,0.7101,2,0,1,0,0,21,4
TX_002626,USR_0354,2081.23,PURCHASE,2026-09-04 22:35:21,MERCH_174,DEV_0233,"Pune, IN",1400,4,968.28,0,1,1,2,1,0,1.1494,2.1494,2,0,0,0,0,22,4
TX_002627,USR_0098,3174.11,WITHDRAWAL,2026-09-04 23:01:53,MERCH_105,DEV_0706,"Moscow, RU",168,149,430.39,0,0,1,5,0,1,6.375,7.375,5,1,0,0,1,23,4
TX_002628,USR_0271,433.41,PAYMENT,2026-09-04 23:07:28,MERCH_010,DEV_0738,"Kolkata, IN",1497,194,119.72,0,1,1,1,1,0,2.6202,3.6202,1,0,0,0,0,23,4
TX_002629,USR_0102,146.94,PURCHASE,2026-09-04 23:17:07,MERCH_112,DEV_0253,"Delhi, IN",14,123,230.03,0,1,0,2,1,0,-0.3612,0.6388,2,0,1,0,0,23,4
TX_002630,USR_0039,366.97,PURCHASE,2026-09-04 23:23:18,MERCH_008,DEV_0003,"Kolkata, IN",732,44,219.62,0,1,1,2,1,0,0.6709,1.6709,2,0,0,0,0,23,4
TX_002631,USR_0077,314.55,PAYMENT,2026-09-05 01:19:02,MERCH_120,DEV_0401,"Kolkata, IN",1407,2,354.91,0,1,1,5,1,0,-0.1137,0.8863,5,0,0,1,0,1,5
TX_002632,USR_0192,699.43,PURCHASE,2026-09-05 01:56:41,MERCH_140,DEV_0558,"Mumbai, IN",1088,74,616.39,0,1,1,3,1,0,0.1347,1.1347,3,0,0,1,0,1,5
TX_002633,USR_0286,1443.94,PURCHASE,2026-09-05 02:33:20,MERCH_131,DEV_0400,"Hyderabad, IN",405,192,1800.72,0,1,1,4,1,0,-0.1981,0.8019,4,0,0,1,0,2,5
TX_002634,USR_0524,255.36,WITHDRAWAL,2026-09-05 02:38:21,MERCH_071,DEV_0842,"Delhi, IN",968,81,153.84,1,1,1,5,1,0,0.6599,1.6599,5,0,0,1,0,2,5
TX_002635,USR_0059,237.44,TRANSFER,2026-09-05 02:59:38,MERCH_192,DEV_0733,"Singapore, SG",327,239,312.83,0,0,0,3,1,1,-0.241,0.759,3,1,1,1,0,2,5
TX_002636,USR_0112,150.63,PURCHASE,2026-09-05 03:04:27,MERCH_150,DEV_0710,"Bengaluru, IN",361,83,229.81,0,1,1,1,1,0,-0.3445,0.6555,1,0,0,1,0,3,5
TX_002637,USR_0070,537.5,TRANSFER,2026-09-05 03:08:36,MERCH_064,DEV_0019,"Ahmedabad, IN",1368,107,173.86,0,1,0,2,1,0,2.0916,3.0916,2,0,1,1,0,3,5
TX_002638,USR_0516,468.68,TRANSFER,2026-09-05 03:11:41,MERCH_109,DEV_0769,"Ahmedabad, IN",77,190,483.39,0,1,1,3,1,0,-0.0304,0.9696,3,0,0,1,0,3,5
TX_002639,USR_0404,276.21,PURCHASE,2026-09-05 03:39:33,MERCH_028,DEV_0680,"Hyderabad, IN",1443,153,450.5,1,1,0,5,1,0,-0.3869,0.6131,5,0,1,1,0,3,5
TX_002640,USR_0051,41.69,PURCHASE,2026-09-05 03:53:21,MERCH_231,DEV_0358,"Delhi, IN",683,11,115.46,1,1,1,3,1,0,-0.6389,0.3611,3,0,0,1,0,3,5
TX_002641,USR_0287,1458.98,PURCHASE,2026-09-05 04:35:37,MERCH_189,DEV_0531,"Singapore, SG",103,19,456.17,2,1,0,9,1,1,2.1983,3.1983,9,0,1,1,0,4,5
TX_002642,USR_0170,121.08,WITHDRAWAL,2026-09-05 04:50:14,MERCH_072,DEV_0742,"Kolkata, IN",1182,49,182.22,0,1,1,2,1,0,-0.3355,0.6645,2,0,0,1,0,4,5
TX_002643,USR_0300,1649.64,PURCHASE,2026-09-05 04:56:14,MERCH_169,DEV_0816,"Kolkata, IN",79,218,454.01,0,1,0,3,1,0,2.6335,3.6335,3,0,1,1,0,4,5
TX_002644,USR_0261,1437.45,PURCHASE,2026-09-05 06:21:49,MERCH_170,DEV_0496,"Pune, IN",492,6,1166.04,0,1,1,4,1,0,0.2328,1.2328,4,0,0,0,0,6,5
TX_002645,USR_0257,664.76,PURCHASE,2026-09-05 07:39:55,MERCH_153,DEV_0038,"Pune, IN",366,18,636.86,0,1,1,4,1,0,0.0438,1.0438,4,0,0,0,0,7,5
TX_002646,USR_0140,546.09,PAYMENT,2026-09-05 08:50:23,MERCH_014,DEV_0557,"Kolkata, IN",1178,194,514.08,0,1,1,4,1,0,0.0623,1.0623,4,0,0,0,0,8,5
TX_002647,USR_0399,1215.66,PURCHASE,2026-09-05 09:09:52,MERCH_220,DEV_0613,"Pune, IN",599,156,302.68,1,1,1,3,1,0,3.0163,4.0163,3,0,0,0,0,9,5
TX_002648,USR_0514,108.25,PURCHASE,2026-09-05 10:32:52,MERCH_239,DEV_0054,"Pune, IN",984,245,473.14,1,1,1,2,1,0,-0.7712,0.2288,2,0,0,0,0,10,5
TX_002649,USR_0343,750.71,PURCHASE,2026-09-05 11:17:17,MERCH_244,DEV_0736,"Ahmedabad, IN",114,55,686.56,0,1,1,2,1,0,0.0934,1.0934,2,0,0,0,0,11,5
TX_002650,USR_0261,510.29,TRANSFER,2026-09-05 11:28:29,MERCH_246,DEV_0182,"Chennai, IN",1045,165,637.38,1,1,1,1,1,0,-0.1994,0.8006,1,0,0,0,0,11,5
TX_002651,USR_0343,345.96,PURCHASE,2026-09-05 11:51:07,MERCH_233,DEV_0802,"Hyderabad, IN",1068,34,417.73,0,1,1,3,1,0,-0.1718,0.8282,3,0,0,0,0,11,5
TX_002652,USR_0141,555.2,PAYMENT,2026-09-05 11:51:16,MERCH_185,DEV_0496,"Delhi, IN",433,147,529.68,1,1,0,3,1,0,0.0482,1.0482,3,0,1,0,0,11,5
TX_002653,USR_0306,134.12,PURCHASE,2026-09-05 12:20:53,MERCH_015,DEV_0290,"Pune, IN",1322,27,167.64,0,0,1,2,1,0,-0.2,0.8,2,1,0,0,0,12,5
TX_002654,USR_0459,278.88,PURCHASE,2026-09-05 12:37:51,MERCH_117,DEV_0053,"Kolkata, IN",708,227,259.43,0,1,0,3,1,0,0.075,1.075,3,0,1,0,0,12,5
TX_002655,USR_0539,716.65,PURCHASE,2026-09-05 13:02:42,MERCH_062,DEV_0017,"Pune, IN",1003,104,765.03,0,1,1,6,1,0,-0.0632,0.9368,6,0,0,0,0,13,5
TX_002656,USR_0261,342.73,PURCHASE,2026-09-05 13:10:33,MERCH_055,DEV_0668,"Mumbai, IN",278,64,846.21,1,1,1,5,1,0,-0.595,0.405,5,0,0,0,0,13,5
TX_002657,USR_0354,2661.41,TRANSFER,2026-09-05 13:12:58,MERCH_208,DEV_0340,"Singapore, SG",1399,246,482.72,0,0,1,5,0,1,4.5134,5.5134,5,1,0,0,1,13,5
TX_002658,USR_0011,2067.11,WITHDRAWAL,2026-09-05 13:56:10,MERCH_204,DEV_0757,"Kolkata, IN",375,17,1364.4,0,1,0,4,0,0,0.515,1.515,4,0,1,0,1,13,5
TX_002659,USR_0411,440.51,PURCHASE,2026-09-05 14:23:11,MERCH_131,DEV_0208,"Bengaluru, IN",941,200,658.7,1,1,0,3,1,0,-0.3312,0.6688,3,0,1,0,0,14,5
TX_002660,USR_0324,1210.18,TRANSFER,2026-09-05 15:28:02,MERCH_185,DEV_0829,"Hyderabad, IN",141,127,377.81,0,1,1,1,1,0,2.2031,3.2031,1,0,0,0,0,15,5
TX_002661,USR_0119,408.53,PURCHASE,2026-09-05 15:29:41,MERCH_033,DEV_0848,"Pune, IN",73,172,180.27,1,1,1,3,1,0,1.2662,2.2662,3,0,0,0,0,15,5
TX_002662,USR_0058,2179.54,TRANSFER,2026-09-05 15:31:55,MERCH_056,DEV_0092,"Chennai, IN",196,65,1323.85,0,1,1,1,1,0,0.6464,1.6464,1,0,0,0,0,15,5
TX_002663,USR_0194,1309.85,PURCHASE,2026-09-05 15:32:45,MERCH_216,DEV_0583,"Pune, IN",1414,220,801.9,0,1,1,2,1,0,0.6334,1.6334,2,0,0,0,0,15,5
TX_002664,USR_0563,1681.67,PURCHASE,2026-09-05 15:47:38,MERCH_113,DEV_0846,"Moscow, RU",321,113,1733.64,0,0,0,3,1,1,-0.03,0.97,3,1,1,0,0,15,5
TX_002665,USR_0496,4565.47,PURCHASE,2026-09-05 16:12:53,MERCH_137,DEV_0291,"Chennai, IN",1320,105,2285.6,0,1,1,1,1,0,0.9975,1.9975,1,0,0,0,0,16,5
TX_002666,USR_0484,452.62,PAYMENT,2026-09-05 16:21:43,MERCH_116,DEV_0061,"Mumbai, IN",873,114,171.41,0,1,1,5,1,0,1.6406,2.6406,5,0,0,0,0,16,5
TX_002667,USR_0182,276.22,PAYMENT,2026-09-05 16:52:16,MERCH_051,DEV_0788,"Delhi, IN",139,74,171.74,0,1,0,4,1,0,0.6084,1.6084,4,0,1,0,0,16,5
TX_002668,USR_0463,34.5,WITHDRAWAL,2026-09-05 16:52:16,MERCH_207,DEV_0427,"Bengaluru, IN",665,80,52.55,1,1,1,5,1,0,-0.3435,0.6565,5,0,0,0,0,16,5
TX_002669,USR_0425,830.66,PAYMENT,2026-09-05 17:39:28,MERCH_190,DEV_0025,"Pune, IN",722,35,896.07,0,1,1,2,0,0,-0.073,0.927,2,0,0,0,1,17,5
TX_002670,USR_0523,1016.88,PURCHASE,2026-09-05 17:45:56,MERCH_171,DEV_0757,"Chennai, IN",405,122,736.28,0,1,1,3,1,0,0.3811,1.3811,3,0,0,0,0,17,5
TX_002671,USR_0259,794.02,PURCHASE,2026-09-05 17:49:25,MERCH_089,DEV_0611,"Mumbai, IN",908,119,484.24,0,1,1,3,1,0,0.6397,1.6397,3,0,0,0,0,17,5
TX_002672,USR_0007,162.28,PURCHASE,2026-09-05 17:53:58,MERCH_161,DEV_0064,"Chennai, IN",1292,95,179.41,0,1,1,3,1,0,-0.0955,0.9045,3,0,0,0,0,17,5
TX_002673,USR_0038,277.01,PAYMENT,2026-09-05 17:55:24,MERCH_239,DEV_0233,"Bengaluru, IN",1326,246,420.93,0,1,0,2,1,0,-0.3419,0.6581,2,0,1,0,0,17,5
TX_002674,USR_0479,1376.79,PURCHASE,2026-09-05 18:05:06,MERCH_163,DEV_0017,"Pune, IN",791,29,516.86,0,1,1,3,1,0,1.6638,2.6638,3,0,0,0,0,18,5
TX_002675,USR_0294,383.48,PURCHASE,2026-09-05 18:06:10,MERCH_124,DEV_0860,"Chennai, IN",1341,227,809.4,0,1,1,2,1,0,-0.5262,0.4738,2,0,0,0,0,18,5
TX_002676,USR_0308,284.89,TRANSFER,2026-09-05 18:23:09,MERCH_068,DEV_0023,"Pune, IN",1385,216,552.24,0,1,1,5,1,0,-0.4841,0.5159,5,0,0,0,0,18,5
TX_002677,USR_0431,297.22,PURCHASE,2026-09-05 18:52:41,MERCH_131,DEV_0717,"Chennai, IN",138,6,740.33,2,1,1,1,1,0,-0.5985,0.4015,1,0,0,0,0,18,5
TX_002678,USR_0258,211.21,TRANSFER,2026-09-05 19:16:50,MERCH_093,DEV_0461,"Kolkata, IN",955,175,410.0,0,1,1,3,1,0,-0.4849,0.5151,3,0,0,0,0,19,5
TX_002679,USR_0044,2335.86,PURCHASE,2026-09-05 19:42:39,MERCH_153,DEV_0525,"Kolkata, IN",1161,53,1091.56,0,1,0,5,1,0,1.1399,2.1399,5,0,1,0,0,19,5
TX_002680,USR_0042,1580.65,TRANSFER,2026-09-05 19:57:21,MERCH_012,DEV_0731,"Mumbai, IN",30,11,722.74,0,1,1,3,1,0,1.187,2.187,3,0,0,0,0,19,5
TX_002681,USR_0084,167.49,PAYMENT,2026-09-05 20:21:22,MERCH_048,DEV_0806,"Delhi, IN",907,215,184.76,1,0,0,2,1,0,-0.0935,0.9065,2,1,1,0,0,20,5
TX_002682,USR_0359,9143.78,WITHDRAWAL,2026-09-05 20:25:08,MERCH_197,DEV_0115,"Singapore, SG",1370,29,1275.59,0,0,1,8,0,1,6.1683,7.1683,8,1,0,0,1,20,5
TX_002683,USR_0248,1065.92,PURCHASE,2026-09-05 20:52:41,MERCH_096,DEV_0017,"Kolkata, IN",407,75,1128.25,0,1,0,3,1,0,-0.0552,0.9448,3,0,1,0,0,20,5
TX_002684,USR_0517,279.66,PURCHASE,2026-09-05 21:11:59,MERCH_109,DEV_0113,"Hyderabad, IN",1287,25,638.01,0,1,0,4,1,0,-0.5617,0.4383,4,0,1,0,0,21,5
TX_002685,USR_0276,2234.0,PURCHASE,2026-09-05 21:27:03,MERCH_136,DEV_0615,"Ahmedabad, IN",1401,36,555.45,0,1,1,3,1,0,3.022,4.022,3,0,0,0,0,21,5
TX_002686,USR_0184,3629.26,PURCHASE,2026-09-05 22:12:08,MERCH_110,DEV_0512,"Mumbai, IN",955,16,1561.19,0,1,1,2,1,0,1.3247,2.3247,2,0,0,0,0,22,5
TX_002687,USR_0418,158.32,TRANSFER,2026-09-06 00:04:08,MERCH_190,DEV_0076,"Delhi, IN",946,210,132.19,1,1,0,4,1,0,0.1977,1.1977,4,0,1,1,0,0,6
TX_002688,USR_0314,622.56,PURCHASE,2026-09-06 00:17:07,MERCH_062,DEV_0211,"Mumbai, IN",805,15,1141.58,1,1,0,6,1,0,-0.4547,0.5453,6,0,1,1,0,0,6
TX_002689,USR_0217,258.76,PURCHASE,2026-09-06 00:18:50,MERCH_190,DEV_0484,"Chennai, IN",617,190,314.85,0,0,1,3,1,0,-0.1781,0.8219,3,1,0,1,0,0,6
TX_002690,USR_0584,620.52,PURCHASE,2026-09-06 00:43:32,MERCH_053,DEV_0658,"Mumbai, IN",683,40,1023.14,1,1,0,3,1,0,-0.3935,0.6065,3,0,1,1,0,0,6
TX_002691,USR_0031,499.18,PAYMENT,2026-09-06 00:50:07,MERCH_093,DEV_0310,"Ahmedabad, IN",786,228,492.52,0,0,0,2,1,0,0.0135,1.0135,2,1,1,1,0,0,6
TX_002692,USR_0394,206.13,PURCHASE,2026-09-06 00:56:55,MERCH_147,DEV_0855,"Singapore, SG",726,212,177.16,2,1,1,7,1,1,0.1635,1.1635,7,0,0,1,0,0,6
TX_002693,USR_0238,236.31,PURCHASE,2026-09-06 01:40:38,MERCH_222,DEV_0894,"Mumbai, IN",1240,157,310.09,1,1,1,2,1,0,-0.2379,0.7621,2,0,0,1,0,1,6
TX_002694,USR_0093,357.87,PURCHASE,2026-09-06 01:42:05,MERCH_059,DEV_0690,"Hyderabad, IN",1155,207,968.3,0,1,1,4,1,0,-0.6304,0.3696,4,0,0,1,0,1,6
TX_002695,USR_0560,1461.79,PURCHASE,2026-09-06 02:16:42,MERCH_147,DEV_0409,"Pune, IN",525,75,384.36,0,1,1,2,1,0,2.8032,3.8032,2,0,0,1,0,2,6
TX_002696,USR_0472,313.42,PAYMENT,2026-09-06 02:21:24,MERCH_017,DEV_0790,"Ahmedabad, IN",773,196,282.35,0,1,0,4,1,0,0.11,1.11,4,0,1,1,0,2,6
TX_002697,USR_0297,359.56,PURCHASE,2026-09-06 02:38:43,MERCH_019,DEV_0656,"Chennai, IN",328,56,280.93,0,1,0,6,1,0,0.2799,1.2799,6,0,1,1,0,2,6
TX_002698,USR_0570,526.56,TRANSFER,2026-09-06 03:19:11,MERCH_192,DEV_0468,"Ahmedabad, IN",269,154,728.46,1,1,1,2,1,0,-0.2772,0.7228,2,0,0,1,0,3,6
TX_002699,USR_0234,576.47,TRANSFER,2026-09-06 03:21:16,MERCH_180,DEV_0400,"Delhi, IN",557,229,1672.75,0,1,1,4,1,0,-0.6554,0.3446,4,0,0,1,0,3,6
TX_002700,USR_0486,81.4,WITHDRAWAL,2026-09-06 03:28:22,MERCH_095,DEV_0750,"Pune, IN",93,181,90.34,1,0,1,2,1,0,-0.099,0.901,2,1,0,1,0,3,6
TX_002701,USR_0231,2834.63,TRANSFER,2026-09-06 03:48:14,MERCH_156,DEV_0502,"Kolkata, IN",1282,68,3676.66,0,1,1,3,1,0,-0.229,0.771,3,0,0,1,0,3,6
TX_002702,USR_0471,790.97,WITHDRAWAL,2026-09-06 04:09:15,MERCH_096,DEV_0165,"Pune, IN",195,184,524.3,0,1,1,1,1,0,0.5086,1.5086,1,0,0,1,0,4,6
TX_002703,USR_0313,1191.97,PURCHASE,2026-09-06 04:24:59,MERCH_070,DEV_0900,"Bengaluru, IN",494,220,695.35,0,1,1,5,1,0,0.7142,1.7142,5,0,0,1,0,4,6
TX_002704,USR_0083,507.4,PURCHASE,2026-09-06 05:00:01,MERCH_108,DEV_0062,"Ahmedabad, IN",382,222,324.42,0,1,1,3,1,0,0.564,1.564,3,0,0,1,0,5,6
TX_002705,USR_0463,811.59,TRANSFER,2026-09-06 05:18:45,MERCH_078,DEV_0626,"Hyderabad, IN",315,185,448.82,0,1,1,2,1,0,0.8083,1.8083,2,0,0,1,0,5,6
TX_002706,USR_0456,3681.31,WITHDRAWAL,2026-09-06 06:18:14,MERCH_204,DEV_0591,Unknown Proxy,556,183,519.9,0,0,0,6,0,1,6.0808,7.0808,6,1,1,0,1,6,6
TX_002707,USR_0190,251.09,PURCHASE,2026-09-06 07:26:43,MERCH_103,DEV_0528,"Bengaluru, IN",1080,196,204.88,1,1,1,5,1,0,0.2255,1.2255,5,0,0,0,0,7,6
TX_002708,USR_0191,477.95,PURCHASE,2026-09-06 07:51:15,MERCH_081,DEV_0047,"Pune, IN",1339,184,245.92,0,1,1,2,1,0,0.9435,1.9435,2,0,0,0,0,7,6
TX_002709,USR_0598,1434.65,PURCHASE,2026-09-06 07:53:44,MERCH_135,DEV_0444,"Ahmedabad, IN",288,34,1094.08,0,1,0,1,1,0,0.3113,1.3113,1,0,1,0,0,7,6
TX_002710,USR_0552,38.86,PURCHASE,2026-09-06 08:26:40,MERCH_190,DEV_0804,"Chennai, IN",363,201,140.47,0,1,0,3,1,0,-0.7234,0.2766,3,0,1,0,0,8,6
TX_002711,USR_0241,2060.52,WITHDRAWAL,2026-09-06 09:50:02,MERCH_069,DEV_0216,"Lagos, NG",708,45,626.42,3,0,1,8,0,1,2.2894,3.2894,8,1,0,0,1,9,6
TX_002712,USR_0263,184.44,PURCHASE,2026-09-06 10:06:55,MERCH_235,DEV_0623,"Delhi, IN",484,139,340.82,0,1,1,3,1,0,-0.4588,0.5412,3,0,0,0,0,10,6
TX_002713,USR_0448,242.05,PURCHASE,2026-09-06 10:43:19,MERCH_116,DEV_0773,"Pune, IN",1201,85,218.92,0,1,1,2,1,0,0.1057,1.1057,2,0,0,0,0,10,6
TX_002714,USR_0318,1123.32,TRANSFER,2026-09-06 11:52:08,MERCH_166,DEV_0857,"Bengaluru, IN",339,54,1974.75,0,1,1,3,1,0,-0.4312,0.5688,3,0,0,0,0,11,6
TX_002715,USR_0371,310.15,TRANSFER,2026-09-06 12:03:02,MERCH_240,DEV_0465,"Bengaluru, IN",607,71,219.94,0,1,1,5,1,0,0.4102,1.4102,5,0,0,0,0,12,6
TX_002716,USR_0220,347.0,TRANSFER,2026-09-06 12:19:08,MERCH_108,DEV_0283,"Mumbai, IN",821,22,192.8,0,1,1,2,1,0,0.7998,1.7998,2,0,0,0,0,12,6
TX_002717,USR_0383,813.49,TRANSFER,2026-09-06 12:32:12,MERCH_050,DEV_0630,"Delhi, IN",576,110,391.12,0,1,1,1,1,0,1.0799,2.0799,1,0,0,0,0,12,6
TX_002718,USR_0567,689.08,PURCHASE,2026-09-06 12:55:15,MERCH_187,DEV_0438,"Pune, IN",928,105,252.86,0,0,1,1,1,0,1.7251,2.7251,1,1,0,0,0,12,6
TX_002719,USR_0520,144.69,PURCHASE,2026-09-06 13:01:22,MERCH_002,DEV_0565,"Chennai, IN",1200,101,452.16,1,1,0,2,1,0,-0.68,0.32,2,0,1,0,0,13,6
TX_002720,USR_0198,220.62,TRANSFER,2026-09-06 14:19:44,MERCH_115,DEV_0668,"Hyderabad, IN",801,23,505.63,0,1,1,3,1,0,-0.5637,0.4363,3,0,0,0,0,14,6
TX_002721,USR_0005,3423.14,WITHDRAWAL,2026-09-06 15:46:35,MERCH_245,DEV_0640,"Bengaluru, IN",689,152,536.59,0,1,1,2,1,0,5.3794,6.3794,2,0,0,0,0,15,6
TX_002722,USR_0022,751.84,TRANSFER,2026-09-06 16:40:54,MERCH_104,DEV_0219,"Hyderabad, IN",1428,43,410.07,0,1,1,1,1,0,0.8334,1.8334,1,0,0,0,0,16,6
TX_002723,USR_0260,292.52,TRANSFER,2026-09-06 17:46:04,MERCH_172,DEV_0681,"Delhi, IN",1472,214,265.77,0,1,1,2,1,0,0.1007,1.1007,2,0,0,0,0,17,6
TX_002724,USR_0587,708.13,TRANSFER,2026-09-06 17:51:08,MERCH_132,DEV_0488,"Chennai, IN",1493,6,729.09,0,1,1,2,1,0,-0.0287,0.9713,2,0,0,0,0,17,6
TX_002725,USR_0414,379.37,TRANSFER,2026-09-06 17:56:38,MERCH_054,DEV_0838,"Mumbai, IN",31,14,413.84,0,1,1,4,1,0,-0.0833,0.9167,4,0,0,0,0,17,6
TX_002726,USR_0221,83.98,TRANSFER,2026-09-06 18:06:03,MERCH_080,DEV_0594,"Hyderabad, IN",1257,75,310.3,0,0,0,5,1,0,-0.7294,0.2706,5,1,1,0,0,18,6
TX_002727,USR_0282,786.21,TRANSFER,2026-09-06 18:47:14,MERCH_131,DEV_0803,"Hyderabad, IN",1348,102,1365.45,1,1,0,5,1,0,-0.4242,0.5758,5,0,1,0,0,18,6
TX_002728,USR_0401,363.42,PURCHASE,2026-09-06 19:35:51,MERCH_027,DEV_0881,"Pune, IN",1209,242,410.86,0,1,0,6,1,0,-0.1155,0.8845,6,0,1,0,0,19,6
TX_002729,USR_0101,609.67,PURCHASE,2026-09-06 19:50:17,MERCH_104,DEV_0896,"Delhi, IN",1126,131,1020.69,0,1,1,2,1,0,-0.4027,0.5973,2,0,0,0,0,19,6
TX_002730,USR_0584,734.39,PURCHASE,2026-09-06 20:05:18,MERCH_104,DEV_0671,"Ahmedabad, IN",553,95,1129.33,0,1,0,4,1,0,-0.3497,0.6503,4,0,1,0,0,20,6
TX_002731,USR_0183,5932.38,PURCHASE,2026-09-06 21:27:34,MERCH_209,DEV_0538,"Chennai, IN",1090,209,1182.05,0,1,1,2,1,0,4.0187,5.0187,2,0,0,0,0,21,6
TX_002732,USR_0412,610.36,WITHDRAWAL,2026-09-06 21:36:46,MERCH_031,DEV_0107,"Mumbai, IN",872,60,755.68,0,0,1,5,1,0,-0.1923,0.8077,5,1,0,0,0,21,6
TX_002733,USR_0022,512.63,PURCHASE,2026-09-06 05:51:00,MERCH_211,DEV_0348,"Moscow, RU",1248,224,449.79,0,1,1,4,0,1,0.1397,1.1397,4,0,0,1,1,5,6
TX_002734,USR_0441,2831.57,PURCHASE,2026-09-06 23:25:29,MERCH_103,DEV_0428,Unknown Proxy,531,101,428.9,0,0,1,2,1,1,5.6019,6.6019,2,1,0,0,0,23,6
TX_002735,USR_0274,522.85,WITHDRAWAL,2026-09-06 23:33:27,MERCH_163,DEV_0703,"Mumbai, IN",1115,78,374.71,0,0,1,3,1,0,0.3953,1.3953,3,1,0,0,0,23,6
TX_002736,USR_0300,61.8,PURCHASE,2026-09-07 00:16:03,MERCH_140,DEV_0530,"Chennai, IN",1178,76,88.6,0,1,0,3,1,0,-0.3025,0.6975,3,0,1,1,0,0,0
TX_002737,USR_0087,1650.59,WITHDRAWAL,2026-09-07 00:58:53,MERCH_075,DEV_0396,"Delhi, IN",1251,3,771.51,0,1,1,4,1,0,1.1394,2.1394,4,0,0,1,0,0,0
TX_002738,USR_0051,686.03,PURCHASE,2026-09-07 01:42:04,MERCH_233,DEV_0132,"Hyderabad, IN",263,168,540.56,0,1,0,1,1,0,0.2691,1.2691,1,0,1,1,0,1,0
TX_002739,USR_0396,344.38,PURCHASE,2026-09-07 02:16:01,MERCH_057,DEV_0645,"Ahmedabad, IN",1296,144,835.8,0,1,1,1,1,0,-0.588,0.412,1,0,0,1,0,2,0
TX_002740,USR_0052,365.62,PURCHASE,2026-09-07 02:29:35,MERCH_010,DEV_0389,"Hyderabad, IN",330,158,412.19,0,1,1,4,1,0,-0.113,0.887,4,0,0,1,0,2,0
TX_002741,USR_0510,630.16,PURCHASE,2026-09-07 02:45:35,MERCH_188,DEV_0033,"Chennai, IN",1406,163,740.9,0,0,1,4,1,0,-0.1495,0.8505,4,1,0,1,0,2,0
TX_002742,USR_0251,132.2,PURCHASE,2026-09-07 05:27:31,MERCH_156,DEV_0256,"Bengaluru, IN",64,7,160.15,0,1,1,4,1,0,-0.1745,0.8255,4,0,0,1,0,5,0
TX_002743,USR_0133,247.97,PURCHASE,2026-09-07 05:33:41,MERCH_223,DEV_0792,"Ahmedabad, IN",340,219,187.22,0,1,0,1,1,0,0.3245,1.3245,1,0,1,1,0,5,0
TX_002744,USR_0123,100.95,PURCHASE,2026-09-07 06:16:30,MERCH_115,DEV_0107,"Mumbai, IN",916,128,70.25,0,1,1,3,1,0,0.437,1.437,3,0,0,0,0,6,0
TX_002745,USR_0060,541.49,PURCHASE,2026-09-07 07:59:15,MERCH_005,DEV_0366,"Chennai, IN",818,173,406.87,0,1,1,3,1,0,0.3309,1.3309,3,0,0,0,0,7,0
TX_002746,USR_0180,298.92,WITHDRAWAL,2026-09-07 08:03:12,MERCH_006,DEV_0461,"Hyderabad, IN",1034,10,252.11,2,1,1,3,1,0,0.1857,1.1857,3,0,0,0,0,8,0
TX_002747,USR_0250,229.84,PURCHASE,2026-09-07 08:17:24,MERCH_109,DEV_0076,"Kolkata, IN",609,190,228.54,0,1,1,2,1,0,0.0057,1.0057,2,0,0,0,0,8,0
TX_002748,USR_0192,135.9,PURCHASE,2026-09-07 08:57:02,MERCH_063,DEV_0150,"Bengaluru, IN",12,169,578.38,0,1,1,5,1,0,-0.765,0.235,5,0,0,0,0,8,0
TX_002749,USR_0343,2745.64,PURCHASE,2026-09-07 09:05:27,MERCH_231,DEV_0847,"Moscow, RU",929,92,327.05,1,1,1,4,1,1,7.3952,8.3952,4,0,0,0,0,9,0
TX_002750,USR_0092,200.71,PAYMENT,2026-09-07 10:00:55,MERCH_030,DEV_0532,"Mumbai, IN",769,234,153.61,0,1,1,3,1,0,0.3066,1.3066,3,0,0,0,0,10,0
TX_002751,USR_0266,1521.92,WITHDRAWAL,2026-09-07 10:27:25,MERCH_221,DEV_0190,"Chennai, IN",766,163,3034.56,0,1,1,3,1,0,-0.4985,0.5015,3,0,0,0,0,10,0
TX_002752,USR_0273,499.63,PAYMENT,2026-09-07 03:38:00,MERCH_055,DEV_0153,Unknown Proxy,569,226,437.68,0,1,1,2,0,1,0.1415,1.1415,2,0,0,1,1,3,0
TX_002753,USR_0403,289.46,PAYMENT,2026-09-07 11:18:11,MERCH_030,DEV_0384,"Mumbai, IN",1336,205,199.71,0,1,1,4,1,0,0.4494,1.4494,4,0,0,0,0,11,0
TX_002754,USR_0526,554.56,PURCHASE,2026-09-07 11:25:25,MERCH_069,DEV_0652,"Hyderabad, IN",1190,52,272.29,0,1,1,1,1,0,1.0367,2.0367,1,0,0,0,0,11,0
TX_002755,USR_0582,523.79,TRANSFER,2026-09-07 11:26:28,MERCH_037,DEV_0658,"Pune, IN",277,249,395.2,0,1,1,2,1,0,0.3254,1.3254,2,0,0,0,0,11,0
TX_002756,USR_0554,462.6,PURCHASE,2026-09-07 11:34:47,MERCH_101,DEV_0176,"Mumbai, IN",65,185,394.58,0,1,1,1,1,0,0.1724,1.1724,1,0,0,0,0,11,0
TX_002757,USR_0113,2103.32,PAYMENT,2026-09-07 12:00:19,MERCH_083,DEV_0654,"Ahmedabad, IN",277,48,1194.96,0,1,1,3,1,0,0.7602,1.7602,3,0,0,0,0,12,0
TX_002758,USR_0460,330.44,PURCHASE,2026-09-07 12:55:16,MERCH_133,DEV_0807,"Delhi, IN",79,198,423.98,1,0,1,2,1,0,-0.2206,0.7794,2,1,0,0,0,12,0
TX_002759,USR_0508,2249.48,PURCHASE,2026-09-07 13:08:19,MERCH_135,DEV_0204,"Pune, IN",1065,107,1809.22,0,1,1,3,1,0,0.2433,1.2433,3,0,0,0,0,13,0
TX_002760,USR_0517,206.69,PAYMENT,2026-09-07 13:23:38,MERCH_001,DEV_0024,"Mumbai, IN",932,216,325.36,0,0,1,3,1,0,-0.3647,0.6353,3,1,0,0,0,13,0
TX_002761,USR_0021,1212.9,WITHDRAWAL,2026-09-07 14:06:03,MERCH_032,DEV_0864,"Hyderabad, IN",698,44,619.6,0,1,1,6,1,0,0.9576,1.9576,6,0,0,0,0,14,0
TX_002762,USR_0490,323.57,PAYMENT,2026-09-07 14:12:43,MERCH_041,DEV_0470,"Pune, IN",890,65,968.48,0,1,1,5,1,0,-0.6659,0.3341,5,0,0,0,0,14,0
TX_002763,USR_0497,1783.77,PURCHASE,2026-09-07 14:22:01,MERCH_049,DEV_0699,"Chennai, IN",1213,87,1102.8,0,1,0,4,1,0,0.6175,1.6175,4,0,1,0,0,14,0
TX_002764,USR_0381,1158.25,PURCHASE,2026-09-07 14:59:37,MERCH_024,DEV_0289,"Ahmedabad, IN",1247,113,1203.7,0,1,0,3,1,0,-0.0378,0.9622,3,0,1,0,0,14,0
TX_002765,USR_0504,1399.87,WITHDRAWAL,2026-09-07 15:21:22,MERCH_079,DEV_0270,"Moscow, RU",655,158,366.95,0,0,1,9,0,1,2.8149,3.8149,9,1,0,0,1,15,0
TX_002766,USR_0461,256.67,PURCHASE,2026-09-07 15:40:29,MERCH_138,DEV_0203,"Pune, IN",891,56,448.15,0,1,1,4,1,0,-0.4273,0.5727,4,0,0,0,0,15,0
TX_002767,USR_0173,70.68,PURCHASE,2026-09-07 15:41:09,MERCH_078,DEV_0196,"Hyderabad, IN",868,176,70.08,0,1,1,3,1,0,0.0086,1.0086,3,0,0,0,0,15,0
TX_002768,USR_0287,384.39,PURCHASE,2026-09-07 15:49:10,MERCH_083,DEV_0425,"Kolkata, IN",1424,7,388.48,0,1,1,2,1,0,-0.0105,0.9895,2,0,0,0,0,15,0
TX_002769,USR_0512,1286.54,WITHDRAWAL,2026-09-07 17:05:42,MERCH_118,DEV_0096,"Bengaluru, IN",1143,83,1020.13,0,1,1,1,1,0,0.2612,1.2612,1,0,0,0,0,17,0
TX_002770,USR_0100,424.52,PURCHASE,2026-09-07 17:28:38,MERCH_138,DEV_0758,"Pune, IN",476,165,881.72,0,1,0,4,1,0,-0.5185,0.4815,4,0,1,0,0,17,0
TX_002771,USR_0462,606.64,TRANSFER,2026-09-07 17:45:59,MERCH_083,DEV_0461,"Pune, IN",1331,66,421.74,1,1,1,2,1,0,0.4384,1.4384,2,0,0,0,0,17,0
TX_002772,USR_0581,461.17,PAYMENT,2026-09-07 18:07:07,MERCH_056,DEV_0824,"Moscow, RU",601,108,1609.38,0,0,0,5,1,1,-0.7134,0.2866,5,1,1,0,0,18,0
TX_002773,USR_0246,207.92,TRANSFER,2026-09-07 18:17:16,MERCH_103,DEV_0452,"Mumbai, IN",1138,151,337.39,0,1,1,3,1,0,-0.3837,0.6163,3,0,0,0,0,18,0
TX_002774,USR_0054,90.59,PURCHASE,2026-09-07 18:20:28,MERCH_007,DEV_0273,"Delhi, IN",1466,62,263.0,0,1,1,3,1,0,-0.6556,0.3444,3,0,0,0,0,18,0
TX_002775,USR_0071,516.18,PURCHASE,2026-09-07 18:35:41,MERCH_124,DEV_0464,"Hyderabad, IN",1214,241,316.75,0,1,0,2,1,0,0.6296,1.6296,2,0,1,0,0,18,0
TX_002776,USR_0101,239.24,PURCHASE,2026-09-07 19:01:52,MERCH_236,DEV_0139,"Mumbai, IN",167,211,193.91,0,1,1,2,0,0,0.2338,1.2338,2,0,0,0,1,19,0
TX_002777,USR_0199,918.24,TRANSFER,2026-09-07 19:30:05,MERCH_100,DEV_0742,"Ahmedabad, IN",314,242,717.69,1,1,1,6,1,0,0.2794,1.2794,6,0,0,0,0,19,0
TX_002778,USR_0368,1384.63,PURCHASE,2026-09-07 19:55:00,MERCH_028,DEV_0649,"Bengaluru, IN",1195,124,558.7,1,1,1,2,1,0,1.4783,2.4783,2,0,0,0,0,19,0
TX_002779,USR_0599,550.8,PURCHASE,2026-09-07 20:10:00,MERCH_177,DEV_0133,"Ahmedabad, IN",191,86,711.04,1,1,1,3,1,0,-0.2254,0.7746,3,0,0,0,0,20,0
TX_002780,USR_0393,466.23,PAYMENT,2026-09-07 20:14:50,MERCH_032,DEV_0524,"Hyderabad, IN",24,248,329.79,0,1,1,5,1,0,0.4137,1.4137,5,0,0,0,0,20,0
TX_002781,USR_0298,427.78,TRANSFER,2026-09-07 21:22:22,MERCH_049,DEV_0485,"Mumbai, IN",392,182,430.82,0,1,1,2,1,0,-0.0071,0.9929,2,0,0,0,0,21,0
TX_002782,USR_0467,269.87,TRANSFER,2026-09-07 21:57:14,MERCH_037,DEV_0181,"Lagos, NG",733,198,87.83,0,0,1,8,0,1,2.0726,3.0726,8,1,0,0,1,21,0
TX_002783,USR_0429,1327.06,PURCHASE,2026-09-07 21:58:34,MERCH_221,DEV_0110,"Ahmedabad, IN",198,46,596.7,0,1,1,3,1,0,1.224,2.224,3,0,0,0,0,21,0
TX_002784,USR_0574,1783.99,PAYMENT,2026-09-07 22:13:52,MERCH_246,DEV_0685,"Chennai, IN",236,217,484.63,0,1,1,2,1,0,2.6811,3.6811,2,0,0,0,0,22,0
TX_002785,USR_0520,141.66,PURCHASE,2026-09-07 23:13:46,MERCH_143,DEV_0238,"Kolkata, IN",512,132,197.13,0,1,0,3,1,0,-0.2814,0.7186,3,0,1,0,0,23,0
TX_002786,USR_0410,680.4,PURCHASE,2026-09-07 23:28:29,MERCH_155,DEV_0468,"Kolkata, IN",901,193,416.03,0,1,1,4,1,0,0.6355,1.6355,4,0,0,0,0,23,0
TX_002787,USR_0112,434.1,PAYMENT,2026-09-07 23:32:21,MERCH_162,DEV_0223,"Chennai, IN",819,206,370.87,0,0,1,2,1,0,0.1705,1.1705,2,1,0,0,0,23,0
TX_002788,USR_0548,1993.62,PAYMENT,2026-09-07 23:35:47,MERCH_153,DEV_0589,"Pune, IN",1198,27,1690.0,0,0,0,4,1,0,0.1797,1.1797,4,1,1,0,0,23,0
TX_002789,USR_0136,226.8,PURCHASE,2026-09-07 23:39:49,MERCH_137,DEV_0045,"Pune, IN",1471,25,203.04,0,1,1,5,0,0,0.117,1.117,5,0,0,0,1,23,0
TX_002790,USR_0546,442.01,PURCHASE,2026-09-07 23:57:41,MERCH_247,DEV_0324,"Chennai, IN",56,17,576.99,0,1,0,2,1,0,-0.2339,0.7661,2,0,1,0,0,23,0
TX_002791,USR_0367,18.37,PURCHASE,2026-09-07 23:59:25,MERCH_184,DEV_0493,"Ahmedabad, IN",1034,161,198.58,0,1,1,4,1,0,-0.9075,0.0925,4,0,0,0,0,23,0
TX_002792,USR_0098,763.92,WITHDRAWAL,2026-09-08 00:02:27,MERCH_023,DEV_0396,"Delhi, IN",251,228,296.14,0,1,0,1,1,0,1.5796,2.5796,1,0,1,1,0,0,1
TX_002793,USR_0349,335.39,WITHDRAWAL,2026-09-08 00:25:02,MERCH_098,DEV_0552,"Pune, IN",545,8,553.83,0,1,1,3,1,0,-0.3944,0.6056,3,0,0,1,0,0,1
TX_002794,USR_0173,312.22,PURCHASE,2026-09-08 01:50:13,MERCH_244,DEV_0163,"Mumbai, IN",518,35,384.03,0,1,0,4,1,0,-0.187,0.813,4,0,1,1,0,1,1
TX_002795,USR_0018,369.28,PURCHASE,2026-09-08 02:26:23,MERCH_101,DEV_0398,"Mumbai, IN",1053,121,447.98,0,0,1,2,1,0,-0.1757,0.8243,2,1,0,1,0,2,1
TX_002796,USR_0437,330.08,TRANSFER,2026-09-08 02:29:25,MERCH_052,DEV_0681,"Mumbai, IN",388,98,577.55,0,1,1,2,1,0,-0.4285,0.5715,2,0,0,1,0,2,1
TX_002797,USR_0550,345.55,TRANSFER,2026-09-08 02:31:48,MERCH_218,DEV_0301,"Bengaluru, IN",1342,26,310.75,0,1,0,6,1,0,0.112,1.112,6,0,1,1,0,2,1
TX_002798,USR_0465,807.19,PURCHASE,2026-09-08 02:45:46,MERCH_156,DEV_0142,"Kolkata, IN",579,152,873.37,1,1,1,3,1,0,-0.0758,0.9242,3,0,0,1,0,2,1
TX_002799,USR_0486,213.66,TRANSFER,2026-09-08 03:44:51,MERCH_141,DEV_0763,"Delhi, IN",1223,226,357.86,0,1,1,3,0,0,-0.403,0.597,3,0,0,1,1,3,1
TX_002800,USR_0031,438.4,PAYMENT,2026-09-08 03:55:53,MERCH_106,DEV_0701,"Pune, IN",1428,53,418.25,1,1,1,3,1,0,0.0482,1.0482,3,0,0,1,0,3,1
TX_002801,USR_0100,549.35,PURCHASE,2026-09-08 04:02:29,MERCH_032,DEV_0613,"Bengaluru, IN",769,1,590.06,0,1,1,3,1,0,-0.069,0.931,3,0,0,1,0,4,1
TX_002802,USR_0515,927.59,TRANSFER,2026-09-08 04:28:46,MERCH_096,DEV_0719,"Pune, IN",158,57,533.52,0,0,1,4,1,0,0.7386,1.7386,4,1,0,1,0,4,1
TX_002803,USR_0341,290.37,TRANSFER,2026-09-08 05:22:36,MERCH_110,DEV_0701,"Hyderabad, IN",1054,46,729.54,0,1,1,2,1,0,-0.602,0.398,2,0,0,1,0,5,1
TX_002804,USR_0215,321.65,PURCHASE,2026-09-08 06:34:18,MERCH_233,DEV_0672,"Pune, IN",638,117,570.76,1,1,1,6,1,0,-0.4365,0.5635,6,0,0,0,0,6,1
TX_002805,USR_0519,975.02,PAYMENT,2026-09-08 07:34:00,MERCH_077,DEV_0459,"Delhi, IN",512,27,639.71,0,1,1,2,1,0,0.5242,1.5242,2,0,0,0,0,7,1
TX_002806,USR_0097,221.27,TRANSFER,2026-09-08 07:37:43,MERCH_038,DEV_0018,"Hyderabad, IN",689,90,352.56,0,1,0,3,1,0,-0.3724,0.6276,3,0,1,0,0,7,1
TX_002807,USR_0435,106.75,PURCHASE,2026-09-08 08:09:35,MERCH_107,DEV_0538,"Mumbai, IN",454,30,201.88,1,1,1,3,1,0,-0.4712,0.5288,3,0,0,0,0,8,1
TX_002808,USR_0478,99.97,PURCHASE,2026-09-08 09:06:30,MERCH_250,DEV_0246,"Hyderabad, IN",425,169,154.24,1,1,1,3,1,0,-0.3519,0.6481,3,0,0,0,0,9,1
TX_002809,USR_0539,114.5,TRANSFER,2026-09-08 09:08:27,MERCH_121,DEV_0696,"Hyderabad, IN",1484,117,128.54,0,1,1,1,1,0,-0.1092,0.8908,1,0,0,0,0,9,1
TX_002810,USR_0169,1507.38,PURCHASE,2026-09-08 10:17:05,MERCH_095,DEV_0422,"Kolkata, IN",422,19,1687.99,0,0,0,3,1,0,-0.107,0.893,3,1,1,0,0,10,1
TX_002811,USR_0122,71.04,PURCHASE,2026-09-08 10:44:22,MERCH_167,DEV_0815,"Kolkata, IN",691,11,85.6,0,1,1,2,1,0,-0.1701,0.8299,2,0,0,0,0,10,1
TX_002812,USR_0576,536.98,PURCHASE,2026-09-08 12:38:46,MERCH_163,DEV_0536,"Kolkata, IN",1074,122,1101.62,0,1,1,3,0,0,-0.5126,0.4874,3,0,0,0,1,12,1
TX_002813,USR_0334,382.28,TRANSFER,2026-09-08 13:50:52,MERCH_075,DEV_0496,"Hyderabad, IN",336,148,243.13,0,1,1,3,1,0,0.5723,1.5723,3,0,0,0,0,13,1
TX_002814,USR_0437,2467.89,PAYMENT,2026-09-08 14:00:14,MERCH_242,DEV_0828,"Chennai, IN",929,44,1095.62,0,1,1,1,1,0,1.2525,2.2525,1,0,0,0,0,14,1
TX_002815,USR_0577,23.7,TRANSFER,2026-09-08 14:17:10,MERCH_149,DEV_0428,"Pune, IN",1344,81,86.26,0,1,1,2,0,0,-0.7252,0.2748,2,0,0,0,1,14,1
TX_002816,USR_0192,130.73,WITHDRAWAL,2026-09-08 16:05:13,MERCH_015,DEV_0339,"Mumbai, IN",1220,152,377.26,1,1,1,3,0,0,-0.6535,0.3465,3,0,0,0,1,16,1
TX_002817,USR_0250,2444.57,PURCHASE,2026-09-08 16:45:44,MERCH_102,DEV_0335,"Lagos, NG",49,118,1339.12,4,1,1,6,1,1,0.8255,1.8255,6,0,0,0,0,16,1
TX_002818,USR_0280,2027.43,PURCHASE,2026-09-08 17:04:49,MERCH_231,DEV_0788,"Mumbai, IN",611,29,768.28,0,1,1,2,1,0,1.6389,2.6389,2,0,0,0,0,17,1
TX_002819,USR_0237,83.29,PAYMENT,2026-09-08 17:40:27,MERCH_099,DEV_0681,"Ahmedabad, IN",7,98,349.43,0,1,1,1,1,0,-0.7616,0.2384,1,0,0,0,0,17,1
TX_002820,USR_0041,169.37,PURCHASE,2026-09-08 18:22:21,MERCH_142,DEV_0148,"Bengaluru, IN",912,50,104.8,0,1,1,3,1,0,0.6161,1.6161,3,0,0,0,0,18,1
TX_002821,USR_0287,460.36,WITHDRAWAL,2026-09-08 18:23:23,MERCH_154,DEV_0444,"Mumbai, IN",492,231,166.9,1,1,1,5,1,0,1.7583,2.7583,5,0,0,0,0,18,1
TX_002822,USR_0357,692.66,PURCHASE,2026-09-08 19:02:01,MERCH_177,DEV_0335,"Kolkata, IN",1341,201,1275.52,0,1,0,3,1,0,-0.457,0.543,3,0,1,0,0,19,1
TX_002823,USR_0071,920.43,PURCHASE,2026-09-08 19:27:43,MERCH_219,DEV_0583,"Bengaluru, IN",269,78,346.56,2,1,1,3,1,0,1.6559,2.6559,3,0,0,0,0,19,1
TX_002824,USR_0153,361.29,TRANSFER,2026-09-08 19:32:54,MERCH_038,DEV_0048,"Ahmedabad, IN",1278,59,426.4,0,1,1,2,1,0,-0.1527,0.8473,2,0,0,0,0,19,1
TX_002825,USR_0513,649.64,PURCHASE,2026-09-08 21:21:30,MERCH_130,DEV_0643,"Pune, IN",518,34,556.63,0,1,1,2,1,0,0.1671,1.1671,2,0,0,0,0,21,1
TX_002826,USR_0001,100.95,PURCHASE,2026-09-08 21:35:03,MERCH_134,DEV_0669,"Ahmedabad, IN",1380,184,169.38,0,1,1,3,1,0,-0.404,0.596,3,0,0,0,0,21,1
TX_002827,USR_0163,1113.64,PURCHASE,2026-09-08 21:40:07,MERCH_039,DEV_0204,"Chennai, IN",304,229,610.77,0,0,0,2,1,0,0.8233,1.8233,2,1,1,0,0,21,1
TX_002828,USR_0331,537.5,PURCHASE,2026-09-08 21:49:35,MERCH_169,DEV_0136,"Ahmedabad, IN",408,68,328.5,0,1,1,1,1,0,0.6362,1.6362,1,0,0,0,0,21,1
TX_002829,USR_0593,1636.94,PURCHASE,2026-09-08 22:14:36,MERCH_030,DEV_0565,"Kolkata, IN",531,160,560.89,1,1,1,4,1,0,1.9185,2.9185,4,0,0,0,0,22,1
TX_002830,USR_0552,707.77,PAYMENT,2026-09-08 22:45:35,MERCH_115,DEV_0232,"Kolkata, IN",1478,59,291.7,2,1,1,4,1,0,1.4264,2.4264,4,0,0,0,0,22,1
TX_002831,USR_0333,130.77,PURCHASE,2026-09-08 22:46:16,MERCH_083,DEV_0848,"Bengaluru, IN",1102,229,138.3,0,1,0,1,1,0,-0.0544,0.9456,1,0,1,0,0,22,1
TX_002832,USR_0132,2342.92,WITHDRAWAL,2026-09-08 23:09:15,MERCH_039,DEV_0698,"Kolkata, IN",1225,75,326.59,1,1,1,3,1,0,6.1739,7.1739,3,0,0,0,0,23,1
TX_002833,USR_0254,1665.45,TRANSFER,2026-09-08 23:37:42,MERCH_206,DEV_0860,"Mumbai, IN",832,24,727.66,0,1,1,1,1,0,1.2888,2.2888,1,0,0,0,0,23,1
TX_002834,USR_0494,817.4,PURCHASE,2026-09-09 03:54:30,MERCH_062,DEV_0482,Unknown Proxy,1193,220,604.74,0,0,0,2,1,1,0.3517,1.3517,2,1,1,1,0,3,2
TX_002835,USR_0357,229.13,PURCHASE,2026-09-09 04:29:21,MERCH_064,DEV_0845,"Hyderabad, IN",942,236,460.56,0,1,1,6,1,0,-0.5025,0.4975,6,0,0,1,0,4,2
TX_002836,USR_0219,310.54,PAYMENT,2026-09-09 05:43:41,MERCH_214,DEV_0013,"Hyderabad, IN",1003,99,882.58,0,1,0,5,1,0,-0.6481,0.3519,5,0,1,1,0,5,2
TX_002837,USR_0178,143.64,TRANSFER,2026-09-09 05:47:55,MERCH_220,DEV_0261,"Pune, IN",1256,226,386.28,0,1,0,2,1,0,-0.6281,0.3719,2,0,1,1,0,5,2
TX_002838,USR_0255,243.37,PAYMENT,2026-09-09 06:05:23,MERCH_009,DEV_0003,"Hyderabad, IN",1475,61,469.4,1,1,0,2,1,0,-0.4815,0.5185,2,0,1,0,0,6,2
TX_002839,USR_0436,731.19,PURCHASE,2026-09-09 07:35:57,MERCH_070,DEV_0610,"Mumbai, IN",866,68,314.01,0,1,0,2,1,0,1.3286,2.3286,2,0,1,0,0,7,2
TX_002840,USR_0455,1203.89,TRANSFER,2026-09-09 08:54:57,MERCH_178,DEV_0460,"Moscow, RU",666,134,922.15,0,0,0,2,1,1,0.3055,1.3055,2,1,1,0,0,8,2
TX_002841,USR_0278,357.53,WITHDRAWAL,2026-09-09 10:28:47,MERCH_195,DEV_0259,"Bengaluru, IN",982,150,559.98,1,1,1,2,1,0,-0.3615,0.6385,2,0,0,0,0,10,2
TX_002842,USR_0348,258.07,PAYMENT,2026-09-09 11:17:23,MERCH_250,DEV_0275,"Pune, IN",1114,97,296.35,0,0,0,3,1,0,-0.1292,0.8708,3,1,1,0,0,11,2
TX_002843,USR_0177,118.5,PURCHASE,2026-09-09 11:32:07,MERCH_139,DEV_0580,"Chennai, IN",1479,200,147.3,0,1,1,1,1,0,-0.1955,0.8045,1,0,0,0,0,11,2
TX_002844,USR_0392,1649.12,PAYMENT,2026-09-09 12:40:13,MERCH_002,DEV_0163,"Pune, IN",1050,197,1030.67,1,0,1,4,1,0,0.6,1.6,4,1,0,0,0,12,2
TX_002845,USR_0269,138.38,PURCHASE,2026-09-09 13:34:51,MERCH_219,DEV_0464,"Mumbai, IN",1432,31,257.55,1,1,1,2,1,0,-0.4627,0.5373,2,0,0,0,0,13,2
TX_002846,USR_0439,567.13,WITHDRAWAL,2026-09-09 13:37:07,MERCH_041,DEV_0553,"Hyderabad, IN",1100,247,474.99,1,1,1,4,1,0,0.194,1.194,4,0,0,0,0,13,2
TX_002847,USR_0187,3037.39,PURCHASE,2026-09-09 15:17:04,MERCH_031,DEV_0216,"Hyderabad, IN",1427,40,2627.26,0,1,1,2,1,0,0.1561,1.1561,2,0,0,0,0,15,2
TX_002848,USR_0426,449.71,TRANSFER,2026-09-09 15:31:32,MERCH_169,DEV_0206,"Mumbai, IN",1128,132,820.88,0,1,1,6,0,0,-0.4522,0.5478,6,0,0,0,1,15,2
TX_002849,USR_0555,4023.13,PURCHASE,2026-09-09 15:48:21,MERCH_151,DEV_0319,"Bengaluru, IN",1328,106,1506.6,0,1,1,5,1,0,1.6703,2.6703,5,0,0,0,0,15,2
TX_002850,USR_0523,235.93,WITHDRAWAL,2026-09-09 16:03:08,MERCH_015,DEV_0533,"Chennai, IN",291,113,300.56,1,1,1,6,0,0,-0.215,0.785,6,0,0,0,1,16,2
TX_002851,USR_0597,501.3,PURCHASE,2026-09-09 16:47:43,MERCH_043,DEV_0229,"Kolkata, IN",1488,32,1004.74,1,1,1,6,1,0,-0.5011,0.4989,6,0,0,0,0,16,2
TX_002852,USR_0555,760.23,PURCHASE,2026-09-09 19:22:23,MERCH_148,DEV_0342,"Mumbai, IN",528,86,459.09,1,1,1,3,1,0,0.6559,1.6559,3,0,0,0,0,19,2
TX_002853,USR_0366,583.58,TRANSFER,2026-09-09 19:46:12,MERCH_064,DEV_0490,"Chennai, IN",1197,8,592.15,1,1,1,5,1,0,-0.0145,0.9855,5,0,0,0,0,19,2
TX_002854,USR_0261,2541.11,TRANSFER,2026-09-09 20:13:57,MERCH_172,DEV_0169,"Ahmedabad, IN",592,243,2048.53,0,1,1,4,1,0,0.2405,1.2405,4,0,0,0,0,20,2
TX_002855,USR_0173,160.81,PURCHASE,2026-09-09 20:21:44,MERCH_103,DEV_0513,"Delhi, IN",690,36,365.13,0,1,1,3,1,0,-0.5596,0.4404,3,0,0,0,0,20,2
TX_002856,USR_0034,736.4,TRANSFER,2026-09-09 22:13:56,MERCH_148,DEV_0125,"Bengaluru, IN",1123,121,456.55,0,1,1,2,1,0,0.613,1.613,2,0,0,0,0,22,2
TX_002857,USR_0109,892.41,PURCHASE,2026-09-09 23:23:05,MERCH_119,DEV_0129,"Delhi, IN",814,54,228.57,0,1,1,8,1,0,2.9043,3.9043,8,0,0,0,0,23,2
TX_002858,USR_0563,366.78,TRANSFER,2026-09-10 00:02:58,MERCH_092,DEV_0214,"Hyderabad, IN",1076,45,876.2,1,1,1,5,1,0,-0.5814,0.4186,5,0,0,1,0,0,3
TX_002859,USR_0464,353.9,TRANSFER,2026-09-10 00:04:35,MERCH_086,DEV_0258,"Ahmedabad, IN",125,98,295.53,0,1,1,3,1,0,0.1975,1.1975,3,0,0,1,0,0,3
TX_002860,USR_0249,553.26,TRANSFER,2026-09-10 00:50:50,MERCH_175,DEV_0027,"Ahmedabad, IN",1251,242,969.02,1,1,1,1,1,0,-0.4291,0.5709,1,0,0,1,0,0,3
TX_002861,USR_0159,713.42,WITHDRAWAL,2026-09-10 00:56:03,MERCH_129,DEV_0866,"Hyderabad, IN",616,120,130.56,0,1,0,3,1,0,4.4643,5.4643,3,0,1,1,0,0,3
TX_002862,USR_0263,1445.9,PURCHASE,2026-09-10 01:45:23,MERCH_149,DEV_0278,"Mumbai, IN",1184,240,679.07,0,1,1,3,1,0,1.1292,2.1292,3,0,0,1,0,1,3
TX_002863,USR_0459,317.3,PURCHASE,2026-09-10 02:38:19,MERCH_145,DEV_0725,"Bengaluru, IN",433,206,277.68,0,1,0,2,1,0,0.1427,1.1427,2,0,1,1,0,2,3
TX_002864,USR_0221,333.29,TRANSFER,2026-09-10 02:55:32,MERCH_052,DEV_0812,"Ahmedabad, IN",896,109,778.32,0,1,1,5,1,0,-0.5718,0.4282,5,0,0,1,0,2,3
TX_002865,USR_0459,223.22,PURCHASE,2026-09-10 02:57:08,MERCH_229,DEV_0721,"Kolkata, IN",885,225,445.45,0,0,1,2,1,0,-0.4989,0.5011,2,1,0,1,0,2,3
TX_002866,USR_0274,465.36,PURCHASE,2026-09-10 03:18:26,MERCH_141,DEV_0749,"Mumbai, IN",215,87,301.19,0,1,1,5,1,0,0.5451,1.5451,5,0,0,1,0,3,3
TX_002867,USR_0118,132.12,WITHDRAWAL,2026-09-10 04:00:33,MERCH_180,DEV_0091,"Chennai, IN",714,125,336.75,0,1,0,4,1,0,-0.6077,0.3923,4,0,1,1,0,4,3
TX_002868,USR_0120,95.23,PURCHASE,2026-09-10 04:14:34,MERCH_221,DEV_0335,"Pune, IN",955,170,237.81,1,1,0,2,1,0,-0.5996,0.4004,2,0,1,1,0,4,3
TX_002869,USR_0338,807.0,PURCHASE,2026-09-10 05:02:29,MERCH_232,DEV_0672,"Ahmedabad, IN",1255,147,843.52,1,1,1,6,1,0,-0.0433,0.9567,6,0,0,1,0,5,3
TX_002870,USR_0340,212.62,PAYMENT,2026-09-10 05:42:43,MERCH_167,DEV_0519,"Kolkata, IN",1331,207,204.95,0,1,1,2,1,0,0.0374,1.0374,2,0,0,1,0,5,3
TX_002871,USR_0438,448.53,PURCHASE,2026-09-10 05:43:42,MERCH_197,DEV_0006,"Pune, IN",581,41,368.32,0,1,1,4,1,0,0.2178,1.2178,4,0,0,1,0,5,3
TX_002872,USR_0518,416.75,PURCHASE,2026-09-10 06:30:56,MERCH_118,DEV_0511,"Delhi, IN",967,125,582.99,0,1,1,4,1,0,-0.2852,0.7148,4,0,0,0,0,6,3
TX_002873,USR_0261,2610.93,PURCHASE,2026-09-10 06:34:39,MERCH_185,DEV_0725,"Pune, IN",267,166,1509.25,1,1,1,3,1,0,0.73,1.73,3,0,0,0,0,6,3
TX_002874,USR_0093,242.76,PURCHASE,2026-09-10 06:46:30,MERCH_081,DEV_0746,"Pune, IN",1344,83,446.87,1,1,0,3,1,0,-0.4568,0.5432,3,0,1,0,0,6,3
TX_002875,USR_0048,536.29,TRANSFER,2026-09-10 07:45:01,MERCH_178,DEV_0346,"Chennai, IN",1303,216,375.16,0,1,1,3,1,0,0.4295,1.4295,3,0,0,0,0,7,3
TX_002876,USR_0424,604.05,WITHDRAWAL,2026-09-10 07:57:36,MERCH_022,DEV_0213,"Bengaluru, IN",1498,76,552.51,0,1,1,2,1,0,0.0933,1.0933,2,0,0,0,0,7,3
TX_002877,USR_0511,133.57,TRANSFER,2026-09-10 08:22:46,MERCH_229,DEV_0279,"Hyderabad, IN",732,75,95.03,0,1,1,3,1,0,0.4056,1.4056,3,0,0,0,0,8,3
TX_002878,USR_0314,375.61,PURCHASE,2026-09-10 08:28:48,MERCH_062,DEV_0267,"Chennai, IN",543,82,183.14,0,1,1,3,1,0,1.0509,2.0509,3,0,0,0,0,8,3
TX_002879,USR_0106,240.27,PURCHASE,2026-09-10 08:37:02,MERCH_165,DEV_0312,"Ahmedabad, IN",1138,169,339.58,0,1,1,5,1,0,-0.2924,0.7076,5,0,0,0,0,8,3
TX_002880,USR_0443,163.17,PURCHASE,2026-09-10 01:32:00,MERCH_003,DEV_0272,"Singapore, SG",1086,30,263.62,0,1,1,3,0,1,-0.381,0.619,3,0,0,1,1,1,3
TX_002881,USR_0533,43.0,TRANSFER,2026-09-10 09:55:10,MERCH_039,DEV_0412,"Chennai, IN",323,36,135.45,0,1,1,3,1,0,-0.6825,0.3175,3,0,0,0,0,9,3
TX_002882,USR_0499,219.25,TRANSFER,2026-09-10 10:08:17,MERCH_247,DEV_0037,"Ahmedabad, IN",813,194,856.27,0,1,1,3,1,0,-0.7439,0.2561,3,0,0,0,0,10,3
TX_002883,USR_0578,463.91,PURCHASE,2026-09-10 10:23:44,MERCH_209,DEV_0248,"Hyderabad, IN",968,52,546.79,0,1,0,6,1,0,-0.1516,0.8484,6,0,1,0,0,10,3
TX_002884,USR_0511,443.44,WITHDRAWAL,2026-09-10 10:55:59,MERCH_056,DEV_0284,"Kolkata, IN",686,27,499.92,0,1,1,6,1,0,-0.113,0.887,6,0,0,0,0,10,3
TX_002885,USR_0223,125.56,WITHDRAWAL,2026-09-10 10:57:42,MERCH_033,DEV_0139,"Bengaluru, IN",561,66,267.4,0,1,1,1,1,0,-0.5304,0.4696,1,0,0,0,0,10,3
TX_002886,USR_0220,257.9,PURCHASE,2026-09-10 11:24:16,MERCH_204,DEV_0791,"Mumbai, IN",365,100,477.61,0,1,1,3,1,0,-0.46,0.54,3,0,0,0,0,11,3
TX_002887,USR_0364,1694.82,TRANSFER,2026-09-10 12:39:34,MERCH_248,DEV_0608,"Mumbai, IN",621,9,661.88,1,1,1,3,1,0,1.5606,2.5606,3,0,0,0,0,12,3
TX_002888,USR_0184,620.1,TRANSFER,2026-09-10 13:32:10,MERCH_043,DEV_0821,"Bengaluru, IN",374,208,368.92,0,1,1,4,1,0,0.6809,1.6809,4,0,0,0,0,13,3
TX_002889,USR_0222,263.13,PURCHASE,2026-09-10 14:07:54,MERCH_166,DEV_0506,"Mumbai, IN",455,30,628.09,0,0,0,1,1,0,-0.5811,0.4189,1,1,1,0,0,14,3
TX_002890,USR_0586,176.74,PURCHASE,2026-09-10 14:12:22,MERCH_071,DEV_0099,"Chennai, IN",283,101,247.7,0,1,0,3,1,0,-0.2865,0.7135,3,0,1,0,0,14,3
TX_002891,USR_0228,599.6,TRANSFER,2026-09-10 14:19:01,MERCH_187,DEV_0815,"Hyderabad, IN",568,51,484.13,0,1,1,2,1,0,0.2385,1.2385,2,0,0,0,0,14,3
TX_002892,USR_0273,671.1,PAYMENT,2026-09-10 15:09:49,MERCH_105,DEV_0413,"Bengaluru, IN",949,74,1060.1,0,1,1,5,1,0,-0.3669,0.6331,5,0,0,0,0,15,3
TX_002893,USR_0178,637.53,TRANSFER,2026-09-10 16:05:17,MERCH_032,DEV_0616,"Mumbai, IN",570,12,1133.72,1,1,0,3,1,0,-0.4377,0.5623,3,0,1,0,0,16,3
TX_002894,USR_0216,929.9,TRANSFER,2026-09-10 17:00:52,MERCH_082,DEV_0344,"Hyderabad, IN",219,237,1217.97,1,1,1,4,1,0,-0.2365,0.7635,4,0,0,0,0,17,3
TX_002895,USR_0108,1077.45,TRANSFER,2026-09-10 17:13:06,MERCH_135,DEV_0445,"Ahmedabad, IN",1203,234,557.48,0,1,0,3,1,0,0.9327,1.9327,3,0,1,0,0,17,3
TX_002896,USR_0144,944.71,PURCHASE,2026-09-10 17:35:16,MERCH_200,DEV_0441,"Delhi, IN",651,32,460.8,0,1,0,6,1,0,1.0502,2.0502,6,0,1,0,0,17,3
TX_002897,USR_0115,189.54,PURCHASE,2026-09-10 17:46:37,MERCH_006,DEV_0257,"Chennai, IN",878,50,321.39,0,1,1,3,1,0,-0.4102,0.5898,3,0,0,0,0,17,3
TX_002898,USR_0509,148.86,PURCHASE,2026-09-10 18:16:44,MERCH_240,DEV_0500,"Chennai, IN",788,221,116.01,0,1,1,1,1,0,0.2832,1.2832,1,0,0,0,0,18,3
TX_002899,USR_0259,155.47,PAYMENT,2026-09-10 19:15:58,MERCH_163,DEV_0661,"Mumbai, IN",762,104,164.12,0,0,1,3,1,0,-0.0527,0.9473,3,1,0,0,0,19,3
TX_002900,USR_0222,195.95,WITHDRAWAL,2026-09-10 19:28:14,MERCH_219,DEV_0019,"Mumbai, IN",661,16,396.71,1,1,1,3,1,0,-0.5061,0.4939,3,0,0,0,0,19,3
TX_002901,USR_0571,325.36,PAYMENT,2026-09-10 20:37:36,MERCH_233,DEV_0118,"Hyderabad, IN",1135,34,414.9,0,1,1,3,1,0,-0.2158,0.7842,3,0,0,0,0,20,3
TX_002902,USR_0259,542.76,PURCHASE,2026-09-10 21:48:48,MERCH_039,DEV_0759,"Kolkata, IN",1283,103,1297.79,0,0,1,1,1,0,-0.5818,0.4182,1,1,0,0,0,21,3
TX_002903,USR_0272,2443.86,PURCHASE,2026-09-10 22:26:03,MERCH_024,DEV_0513,"Kolkata, IN",1356,139,1206.34,0,1,1,2,1,0,1.0258,2.0258,2,0,0,0,0,22,3
TX_002904,USR_0228,701.68,TRANSFER,2026-09-10 23:43:32,MERCH_195,DEV_0877,"Pune, IN",668,158,268.91,0,1,1,2,1,0,1.6093,2.6093,2,0,0,0,0,23,3
TX_002905,USR_0247,605.54,PURCHASE,2026-09-11 00:06:07,MERCH_047,DEV_0545,"Pune, IN",515,39,831.3,1,1,1,2,1,0,-0.2716,0.7284,2,0,0,1,0,0,4
TX_002906,USR_0090,1622.11,WITHDRAWAL,2026-09-11 00:06:36,MERCH_037,DEV_0589,"Moscow, RU",130,93,314.65,0,0,1,5,0,1,4.1553,5.1553,5,1,0,1,1,0,4
TX_002907,USR_0365,4431.73,TRANSFER,2026-09-11 00:24:13,MERCH_118,DEV_0810,"Moscow, RU",667,66,750.85,0,0,1,10,0,1,4.9023,5.9023,10,1,0,1,1,0,4
TX_002908,USR_0453,1727.2,TRANSFER,2026-09-11 00:35:02,MERCH_229,DEV_0595,"Pune, IN",1488,134,823.66,0,1,1,3,1,0,1.097,2.097,3,0,0,1,0,0,4
TX_002909,USR_0158,526.6,TRANSFER,2026-09-11 01:04:30,MERCH_199,DEV_0297,"Ahmedabad, IN",395,81,1142.32,0,1,1,1,1,0,-0.539,0.461,1,0,0,1,0,1,4
TX_002910,USR_0475,268.68,PURCHASE,2026-09-11 01:16:29,MERCH_130,DEV_0476,"Kolkata, IN",1268,51,310.99,0,0,0,5,1,0,-0.136,0.864,5,1,1,1,0,1,4
TX_002911,USR_0562,881.53,PURCHASE,2026-09-11 01:59:12,MERCH_050,DEV_0213,"Mumbai, IN",1136,203,962.92,0,1,1,5,1,0,-0.0845,0.9155,5,0,0,1,0,1,4
TX_002912,USR_0064,63.67,PURCHASE,2026-09-11 02:43:08,MERCH_085,DEV_0301,"Chennai, IN",992,142,110.46,0,1,1,3,1,0,-0.4236,0.5764,3,0,0,1,0,2,4
TX_002913,USR_0273,1454.32,PURCHASE,2026-09-11 02:51:24,MERCH_173,DEV_0613,"Mumbai, IN",850,119,1189.64,0,1,1,2,1,0,0.2225,1.2225,2,0,0,1,0,2,4
TX_002914,USR_0427,266.54,PURCHASE,2026-09-11 03:05:30,MERCH_040,DEV_0135,"Bengaluru, IN",1136,34,441.64,0,0,1,3,1,0,-0.3965,0.6035,3,1,0,1,0,3,4
TX_002915,USR_0329,300.45,PURCHASE,2026-09-11 03:14:02,MERCH_132,DEV_0605,"Mumbai, IN",153,18,448.74,0,1,1,2,0,0,-0.3305,0.6695,2,0,0,1,1,3,4
TX_002916,USR_0191,86.95,PAYMENT,2026-09-11 03:19:25,MERCH_003,DEV_0526,"Mumbai, IN",198,199,97.63,1,1,1,3,1,0,-0.1094,0.8906,3,0,0,1,0,3,4
TX_002917,USR_0597,121.49,PURCHASE,2026-09-11 03:20:53,MERCH_082,DEV_0278,"Ahmedabad, IN",299,242,336.21,0,1,1,2,1,0,-0.6386,0.3614,2,0,0,1,0,3,4
TX_002918,USR_0443,310.8,PURCHASE,2026-09-11 03:29:05,MERCH_062,DEV_0041,"Delhi, IN",1150,146,1243.71,1,1,1,5,1,0,-0.7501,0.2499,5,0,0,1,0,3,4
TX_002919,USR_0231,564.59,PURCHASE,2026-09-11 05:59:56,MERCH_171,DEV_0635,"Kolkata, IN",652,10,326.76,1,1,1,4,1,0,0.7278,1.7278,4,0,0,1,0,5,4
TX_002920,USR_0428,451.75,TRANSFER,2026-09-11 07:04:10,MERCH_229,DEV_0743,"Moscow, RU",317,121,768.43,2,1,1,13,1,1,-0.4121,0.5879,13,0,0,0,0,7,4
TX_002921,USR_0334,1759.55,PURCHASE,2026-09-11 08:20:43,MERCH_037,DEV_0658,"Pune, IN",74,70,461.81,0,1,1,4,0,0,2.8101,3.8101,4,0,0,0,1,8,4
TX_002922,USR_0503,3421.89,PURCHASE,2026-09-11 05:14:00,MERCH_200,DEV_0379,"Lagos, NG",737,14,998.5,0,1,0,3,0,1,2.427,3.427,3,0,1,1,1,5,4
TX_002923,USR_0262,355.55,PURCHASE,2026-09-11 09:29:19,MERCH_164,DEV_0589,"Delhi, IN",602,36,519.5,1,1,1,3,1,0,-0.3156,0.6844,3,0,0,0,0,9,4
TX_002924,USR_0376,973.39,PURCHASE,2026-09-11 09:35:52,MERCH_243,DEV_0374,"Kolkata, IN",272,125,223.72,0,1,1,3,1,0,3.3509,4.3509,3,0,0,0,0,9,4
TX_002925,USR_0374,821.4,TRANSFER,2026-09-11 10:12:40,MERCH_228,DEV_0323,"Mumbai, IN",41,107,469.46,1,1,0,1,1,0,0.7497,1.7497,1,0,1,0,0,10,4
TX_002926,USR_0546,935.15,PURCHASE,2026-09-11 10:34:49,MERCH_026,DEV_0295,"Delhi, IN",1132,141,1495.42,0,1,1,1,1,0,-0.3747,0.6253,1,0,0,0,0,10,4
TX_002927,USR_0399,116.08,PURCHASE,2026-09-11 01:27:00,MERCH_186,DEV_0190,"Singapore, SG",1170,173,653.59,0,1,1,3,0,1,-0.8224,0.1776,3,0,0,1,1,1,4
TX_002928,USR_0361,1473.21,WITHDRAWAL,2026-09-11 11:39:12,MERCH_149,DEV_0873,"Singapore, SG",374,67,412.37,0,0,0,10,0,1,2.5725,3.5725,10,1,1,0,1,11,4
TX_002929,USR_0542,2371.78,PURCHASE,2026-09-11 13:47:30,MERCH_029,DEV_0600,"Mumbai, IN",744,72,2443.18,0,1,1,4,1,0,-0.0292,0.9708,4,0,0,0,0,13,4
TX_002930,USR_0104,1351.6,TRANSFER,2026-09-11 14:13:18,MERCH_065,DEV_0158,"Hyderabad, IN",385,169,1073.48,1,1,1,3,1,0,0.2591,1.2591,3,0,0,0,0,14,4
TX_002931,USR_0101,680.66,PURCHASE,2026-09-11 14:16:30,MERCH_232,DEV_0779,"Kolkata, IN",617,50,830.31,1,1,1,3,1,0,-0.1802,0.8198,3,0,0,0,0,14,4
TX_002932,USR_0318,258.2,TRANSFER,2026-09-11 14:53:21,MERCH_136,DEV_0137,"Kolkata, IN",170,20,570.92,0,1,0,3,1,0,-0.5477,0.4523,3,0,1,0,0,14,4
TX_002933,USR_0390,560.81,PURCHASE,2026-09-11 15:02:28,MERCH_085,DEV_0535,"Pune, IN",1419,213,778.18,0,1,1,2,1,0,-0.2793,0.7207,2,0,0,0,0,15,4
TX_002934,USR_0359,1200.64,PURCHASE,2026-09-11 15:36:31,MERCH_081,DEV_0149,"Kolkata, IN",1082,52,797.35,0,1,1,1,0,0,0.5058,1.5058,1,0,0,0,1,15,4
TX_002935,USR_0044,66.14,PURCHASE,2026-09-11 16:22:53,MERCH_210,DEV_0326,"Delhi, IN",1352,31,87.54,0,1,1,2,1,0,-0.2445,0.7555,2,0,0,0,0,16,4
TX_002936,USR_0191,455.4,PAYMENT,2026-09-11 16:51:11,MERCH_071,DEV_0593,"Chennai, IN",448,184,605.13,0,1,1,4,1,0,-0.2474,0.7526,4,0,0,0,0,16,4
TX_002937,USR_0241,141.32,PURCHASE,2026-09-11 17:43:32,MERCH_040,DEV_0900,"Ahmedabad, IN",1310,133,398.87,1,1,1,6,1,0,-0.6457,0.3543,6,0,0,0,0,17,4
TX_002938,USR_0301,312.21,PAYMENT,2026-09-11 18:05:29,MERCH_144,DEV_0893,"Hyderabad, IN",780,37,309.33,0,1,1,4,1,0,0.0093,1.0093,4,0,0,0,0,18,4
TX_002939,USR_0533,179.45,PAYMENT,2026-09-11 18:42:50,MERCH_249,DEV_0807,"Bengaluru, IN",302,212,388.65,0,1,1,2,1,0,-0.5383,0.4617,2,0,0,0,0,18,4
TX_002940,USR_0571,242.11,PURCHASE,2026-09-11 18:52:26,MERCH_046,DEV_0212,"Kolkata, IN",503,62,140.1,0,1,1,3,1,0,0.7281,1.7281,3,0,0,0,0,18,4
TX_002941,USR_0480,68.63,PURCHASE,2026-09-11 18:52:27,MERCH_064,DEV_0085,"Hyderabad, IN",1218,169,116.26,0,1,1,4,1,0,-0.4097,0.5903,4,0,0,0,0,18,4
TX_002942,USR_0139,899.57,PURCHASE,2026-09-11 19:13:05,MERCH_118,DEV_0816,"Kolkata, IN",1163,163,1146.1,0,0,1,3,1,0,-0.2151,0.7849,3,1,0,0,0,19,4
TX_002943,USR_0184,2471.17,PAYMENT,2026-09-11 19:33:08,MERCH_050,DEV_0831,"Mumbai, IN",1082,207,636.42,1,1,1,1,1,0,2.8829,3.8829,1,0,0,0,0,19,4
TX_002944,USR_0241,57.41,TRANSFER,2026-09-11 20:07:19,MERCH_163,DEV_0251,"Pune, IN",345,182,73.66,1,1,1,5,1,0,-0.2206,0.7794,5,0,0,0,0,20,4
TX_002945,USR_0122,208.63,PURCHASE,2026-09-11 20:36:45,MERCH_064,DEV_0018,"Ahmedabad, IN",974,176,292.06,2,1,1,2,1,0,-0.2857,0.7143,2,0,0,0,0,20,4
TX_002946,USR_0109,1212.35,PURCHASE,2026-09-11 20:48:04,MERCH_033,DEV_0584,"Chennai, IN",1411,13,871.02,1,1,1,2,1,0,0.3919,1.3919,2,0,0,0,0,20,4
TX_002947,USR_0372,108.72,WITHDRAWAL,2026-09-11 21:01:03,MERCH_066,DEV_0069,"Hyderabad, IN",79,234,364.76,0,1,0,4,1,0,-0.7019,0.2981,4,0,1,0,0,21,4
TX_002948,USR_0536,16231.77,PURCHASE,2026-09-11 22:22:30,MERCH_233,DEV_0037,"Moscow, RU",486,32,1144.82,0,0,1,1,1,1,13.1784,14.1784,1,1,0,0,0,22,4
TX_002949,USR_0351,1794.76,PURCHASE,2026-09-11 22:24:44,MERCH_234,DEV_0844,"Hyderabad, IN",126,64,988.87,0,1,1,2,1,0,0.815,1.815,2,0,0,0,0,22,4
TX_002950,USR_0338,217.59,PURCHASE,2026-09-11 23:31:40,MERCH_127,DEV_0447,"Ahmedabad, IN",162,112,162.67,0,1,0,3,1,0,0.3376,1.3376,3,0,1,0,0,23,4
TX_002951,USR_0072,42.8,PURCHASE,2026-09-12 00:04:01,MERCH_101,DEV_0101,"Mumbai, IN",1496,72,404.14,0,1,1,3,1,0,-0.8941,0.1059,3,0,0,1,0,0,5
TX_002952,USR_0370,258.41,PAYMENT,2026-09-12 00:42:05,MERCH_205,DEV_0590,"Ahmedabad, IN",365,148,321.56,0,0,1,1,1,0,-0.1964,0.8036,1,1,0,1,0,0,5
TX_002953,USR_0339,66.02,WITHDRAWAL,2026-09-12 00:48:29,MERCH_049,DEV_0333,"Ahmedabad, IN",274,14,158.75,1,1,1,2,1,0,-0.5841,0.4159,2,0,0,1,0,0,5
TX_002954,USR_0407,298.63,PURCHASE,2026-09-12 01:24:43,MERCH_164,DEV_0483,"Mumbai, IN",117,113,151.19,0,1,0,3,1,0,0.9752,1.9752,3,0,1,1,0,1,5
TX_002955,USR_0070,463.54,PURCHASE,2026-09-12 02:49:34,MERCH_171,DEV_0809,"Mumbai, IN",1471,88,245.85,0,1,1,2,1,0,0.8855,1.8855,2,0,0,1,0,2,5
TX_002956,USR_0090,340.62,WITHDRAWAL,2026-09-12 04:04:20,MERCH_178,DEV_0215,"Kolkata, IN",706,162,278.26,0,0,1,3,1,0,0.2241,1.2241,3,1,0,1,0,4,5
TX_002957,USR_0199,242.17,PURCHASE,2026-09-12 04:41:22,MERCH_055,DEV_0582,"Pune, IN",1188,130,556.5,1,1,1,1,1,0,-0.5648,0.4352,1,0,0,1,0,4,5
TX_002958,USR_0277,2474.27,PURCHASE,2026-09-12 04:51:54,MERCH_180,DEV_0746,"Chennai, IN",380,189,984.77,0,0,1,3,1,0,1.5125,2.5125,3,1,0,1,0,4,5
TX_002959,USR_0013,530.6,PURCHASE,2026-09-12 05:33:50,MERCH_153,DEV_0382,"Kolkata, IN",963,41,661.48,1,0,1,7,1,0,-0.1979,0.8021,7,1,0,1,0,5,5
TX_002960,USR_0587,2429.7,TRANSFER,2026-09-12 05:46:11,MERCH_219,DEV_0874,"Mumbai, IN",1329,237,790.0,0,1,0,3,0,0,2.0756,3.0756,3,0,1,1,1,5,5
TX_002961,USR_0224,416.46,PAYMENT,2026-09-12 07:40:24,MERCH_044,DEV_0404,"Pune, IN",1009,98,368.44,0,0,0,4,1,0,0.1303,1.1303,4,1,1,0,0,7,5
TX_002962,USR_0204,935.35,TRANSFER,2026-09-12 08:29:55,MERCH_154,DEV_0414,"Mumbai, IN",779,88,707.33,0,1,1,3,1,0,0.3224,1.3224,3,0,0,0,0,8,5
TX_002963,USR_0296,283.94,PURCHASE,2026-09-12 08:47:36,MERCH_208,DEV_0796,"Hyderabad, IN",321,137,402.61,1,1,0,3,1,0,-0.2948,0.7052,3,0,1,0,0,8,5
TX_002964,USR_0269,767.14,TRANSFER,2026-09-12 09:06:29,MERCH_070,DEV_0573,"Lagos, NG",355,41,323.16,0,0,0,5,1,1,1.3739,2.3739,5,1,1,0,0,9,5
TX_002965,USR_0181,2637.41,PURCHASE,2026-09-12 09:16:03,MERCH_186,DEV_0782,"Bengaluru, IN",898,203,1866.97,0,1,0,2,1,0,0.4127,1.4127,2,0,1,0,0,9,5
TX_002966,USR_0006,190.44,PAYMENT,2026-09-12 09:48:34,MERCH_025,DEV_0712,"Ahmedabad, IN",680,66,78.37,0,1,0,2,1,0,1.43,2.43,2,0,1,0,0,9,5
TX_002967,USR_0136,117.88,PURCHASE,2026-09-12 10:27:39,MERCH_180,DEV_0642,"Mumbai, IN",76,231,110.42,0,1,0,4,1,0,0.0676,1.0676,4,0,1,0,0,10,5
TX_002968,USR_0486,553.19,PURCHASE,2026-09-12 10:29:58,MERCH_152,DEV_0218,"Ahmedabad, IN",299,37,599.61,0,1,1,4,1,0,-0.0774,0.9226,4,0,0,0,0,10,5
TX_002969,USR_0319,516.63,PURCHASE,2026-09-12 11:04:58,MERCH_049,DEV_0359,"Kolkata, IN",651,216,368.89,0,1,1,2,1,0,0.4005,1.4005,2,0,0,0,0,11,5
TX_002970,USR_0019,372.09,PURCHASE,2026-09-12 11:11:37,MERCH_017,DEV_0779,"Mumbai, IN",273,99,153.16,0,1,1,4,1,0,1.4294,2.4294,4,0,0,0,0,11,5
TX_002971,USR_0575,375.83,PURCHASE,2026-09-12 11:19:40,MERCH_187,DEV_0555,"Singapore, SG",834,152,204.03,2,1,1,7,1,1,0.842,1.842,7,0,0,0,0,11,5
TX_002972,USR_0381,234.1,TRANSFER,2026-09-12 11:36:47,MERCH_061,DEV_0253,"Hyderabad, IN",455,218,224.96,0,1,0,5,1,0,0.0406,1.0406,5,0,1,0,0,11,5
TX_002973,USR_0392,249.96,WITHDRAWAL,2026-09-12 12:08:56,MERCH_125,DEV_0295,"Bengaluru, IN",442,33,878.75,0,1,0,2,1,0,-0.7156,0.2844,2,0,1,0,0,12,5
TX_002974,USR_0189,1799.57,WITHDRAWAL,2026-09-12 13:01:54,MERCH_016,DEV_0699,"Kolkata, IN",168,87,1117.17,1,1,0,2,1,0,0.6108,1.6108,2,0,1,0,0,13,5
TX_002975,USR_0161,574.65,PURCHASE,2026-09-12 13:08:25,MERCH_241,DEV_0161,"Delhi, IN",758,237,1539.05,1,1,0,4,1,0,-0.6266,0.3734,4,0,1,0,0,13,5
TX_002976,USR_0223,132.99,PURCHASE,2026-09-12 13:25:06,MERCH_138,DEV_0101,"Bengaluru, IN",288,38,136.66,0,1,1,2,1,0,-0.0269,0.9731,2,0,0,0,0,13,5
TX_002977,USR_0064,142.4,PURCHASE,2026-09-12 14:35:26,MERCH_233,DEV_0689,"Bengaluru, IN",948,26,161.4,0,1,1,3,1,0,-0.1177,0.8823,3,0,0,0,0,14,5
TX_002978,USR_0253,58.03,PURCHASE,2026-09-12 15:29:24,MERCH_041,DEV_0260,"Kolkata, IN",1407,131,153.32,0,1,1,3,1,0,-0.6215,0.3785,3,0,0,0,0,15,5
TX_002979,USR_0449,1433.71,PURCHASE,2026-09-12 15:51:42,MERCH_052,DEV_0689,"Delhi, IN",1368,7,1183.1,0,1,1,2,1,0,0.2118,1.2118,2,0,0,0,0,15,5
TX_002980,USR_0367,2374.32,PAYMENT,2026-09-12 16:31:00,MERCH_153,DEV_0481,"Delhi, IN",1002,247,615.33,1,1,1,2,1,0,2.8586,3.8586,2,0,0,0,0,16,5
TX_002981,USR_0069,371.0,PAYMENT,2026-09-12 16:32:43,MERCH_152,DEV_0899,"Mumbai, IN",1212,226,477.9,0,0,1,4,1,0,-0.2237,0.7763,4,1,0,0,0,16,5
TX_002982,USR_0189,836.55,PURCHASE,2026-09-12 16:36:01,MERCH_198,DEV_0473,"Hyderabad, IN",1382,47,534.57,0,0,1,5,1,0,0.5649,1.5649,5,1,0,0,0,16,5
TX_002983,USR_0054,1896.69,WITHDRAWAL,2026-09-12 17:23:20,MERCH_233,DEV_0781,"Ahmedabad, IN",1024,44,431.24,0,1,1,2,1,0,3.3982,4.3982,2,0,0,0,0,17,5
TX_002984,USR_0559,323.46,TRANSFER,2026-09-12 17:33:27,MERCH_206,DEV_0766,"Bengaluru, IN",390,194,194.1,0,0,1,2,1,0,0.6665,1.6665,2,1,0,0,0,17,5
TX_002985,USR_0116,413.63,PURCHASE,2026-09-12 17:39:37,MERCH_036,DEV_0191,"Delhi, IN",754,130,661.25,0,1,1,3,1,0,-0.3745,0.6255,3,0,0,0,0,17,5
TX_002986,USR_0226,434.29,TRANSFER,2026-09-12 19:12:01,MERCH_078,DEV_0897,"Kolkata, IN",1286,206,391.37,0,1,0,2,1,0,0.1097,1.1097,2,0,1,0,0,19,5
TX_002987,USR_0313,237.82,PURCHASE,2026-09-12 19:19:46,MERCH_229,DEV_0672,"Hyderabad, IN",1004,241,182.91,0,1,1,4,1,0,0.3002,1.3002,4,0,0,0,0,19,5
TX_002988,USR_0340,1672.27,PURCHASE,2026-09-12 19:32:58,MERCH_138,DEV_0097,"Chennai, IN",547,100,692.26,0,1,1,5,1,0,1.4157,2.4157,5,0,0,0,0,19,5
TX_002989,USR_0227,684.73,PAYMENT,2026-09-12 19:43:04,MERCH_217,DEV_0006,"Chennai, IN",258,64,326.98,0,1,1,4,1,0,1.0941,2.0941,4,0,0,0,0,19,5
TX_002990,USR_0412,83.88,TRANSFER,2026-09-12 20:36:50,MERCH_141,DEV_0245,"Pune, IN",222,155,533.71,0,0,1,2,1,0,-0.8428,0.1572,2,1,0,0,0,20,5
TX_002991,USR_0174,223.41,PURCHASE,2026-09-12 20:46:13,MERCH_013,DEV_0015,"Ahmedabad, IN",569,159,409.74,0,1,1,3,0,0,-0.4548,0.5452,3,0,0,0,1,20,5
TX_002992,USR_0329,798.13,PURCHASE,2026-09-12 22:07:17,MERCH_119,DEV_0322,"Hyderabad, IN",1208,108,878.12,0,1,1,1,1,0,-0.0911,0.9089,1,0,0,0,0,22,5
TX_002993,USR_0179,260.98,PAYMENT,2026-09-12 22:21:47,MERCH_207,DEV_0897,"Mumbai, IN",832,75,530.79,0,1,0,3,1,0,-0.5083,0.4917,3,0,1,0,0,22,5
TX_002994,USR_0100,19.91,PURCHASE,2026-09-12 22:24:13,MERCH_164,DEV_0432,"Mumbai, IN",96,66,231.94,1,1,1,3,1,0,-0.9142,0.0858,3,0,0,0,0,22,5
TX_002995,USR_0587,340.05,PAYMENT,2026-09-12 22:56:03,MERCH_034,DEV_0022,"Kolkata, IN",1378,130,572.92,0,1,1,4,0,0,-0.4065,0.5935,4,0,0,0,1,22,5
TX_002996,USR_0110,557.2,PAYMENT,2026-09-12 23:15:53,MERCH_053,DEV_0445,"Moscow, RU",611,107,587.14,0,0,0,2,0,1,-0.051,0.949,2,1,1,0,1,23,5
TX_002997,USR_0049,446.45,PURCHASE,2026-09-12 23:18:21,MERCH_214,DEV_0198,"Delhi, IN",590,114,660.34,0,1,0,2,1,0,-0.3239,0.6761,2,0,1,0,0,23,5
TX_002998,USR_0245,486.94,TRANSFER,2026-09-12 23:35:21,MERCH_245,DEV_0771,"Mumbai, IN",1230,24,978.63,0,1,1,2,1,0,-0.5024,0.4976,2,0,0,0,0,23,5
TX_002999,USR_0572,277.05,TRANSFER,2026-09-12 23:47:58,MERCH_189,DEV_0082,"Chennai, IN",569,220,283.51,0,1,1,3,1,0,-0.0228,0.9772,3,0,0,0,0,23,5
TX_003000,USR_0581,882.89,WITHDRAWAL,2026-09-12 23:58:00,MERCH_025,DEV_0694,"Chennai, IN",928,177,742.63,0,0,1,6,1,0,0.1889,1.1889,6,1,0,0,0,23,5
